Workbook

Sheet Summary
A1: Distribution of Non-institution-based/Free-standing Ambulance Service Provider in the Philippines (as of June 30, 2026)
A2: REGION | B2: GOVERNMENT | F2: Number of ASP | G2: PRIVATE | K2: Nunber of ASP | L2: Total Number of Units | M2: Total Number of ASP
B4: Type I | C4: Type II | D4: Type I and II | E4: Number of Units | G4: Type I | H4: Type II | I4: Type I and II | J4: Number of Units
A5: NCR | B5: =SUMIFS(Government!J:J,Government!C:C, "NCR",Government!K:K, "Type I") -> 4 | C5: =SUMIFS(Government!J:J,Government!C:C, "NCR",Government!K:K, "Type II") -> 2 | D5: =SUMIFS(Government!J:J,Government!C:C, "NCR",Government!K:K, "Type I & II") -> 0 | E5: =SUMIFS(Government!J:J,Government!C:C, "NCR") -> 6 | F5: =countifs(Government!C:C,"NCR") -> 5 | G5: =SUMIFS(Private!J:J,Private!C:C, "NCR",Private!K:K, "Type I") -> 16 | H5: =SUMIFS(Private!J:J,Private!C:C, "NCR",Private!K:K, "Type II") -> 42 | I5: =SUMIFS(Private!J:J,Private!C:C, "NCR",Private!K:K, "Type I & II") -> 0 | J5: =SUMIFS(Private!J:J,Private!C:C, "NCR") -> 58 | K5: =countifs(Private!C:C,"NCR") -> 26 | L5: =sum(E5,J5) -> 64 | M5: =sum(F5,K5) -> 31
A6: ILOCOS REGION | B6: =SUMIFS(Government!J:J,Government!C:C, "Region 1",Government!K:K, "Type I") -> 15 | C6: =SUMIFS(Government!J:J,Government!C:C, "Region 1",Government!K:K, "Type II") -> 0 | D6: =SUMIFS(Government!J:J,Government!C:C, "Region 1",Government!K:K, "Type I & II") -> 0 | E6: =SUMIFS(Government!J:J,Government!C:C, "Region 1") -> 15 | F6: =countifs(Government!C:C,"Region 1") -> 8 | G6: =SUMIFS(Private!J:J,Private!C:C, "Region 1",Private!K:K, "Type I") -> 0 | H6: =SUMIFS(Private!J:J,Private!C:C, "Region 1",Private!K:K, "Type II") -> 0 | I6: =SUMIFS(Private!J:J,Private!C:C, "Region 1",Private!K:K, "Type I & II") -> 0 | J6: =SUMIFS(Private!J:J,Private!C:C, "Region 1") -> 0 | K6: =countifs(Private!C:C,"Region 1") -> 0 | L6: =sum(E6,J6) -> 15 | M6: =sum(F6,K6) -> 8
A7: CAGAYAN VALLEY | B7: =SUMIFS(Government!J:J,Government!C:C, "Region 2",Government!K:K, "Type I") -> 11 | C7: =SUMIFS(Government!J:J,Government!C:C, "Region 2",Government!K:K, "Type II") -> 0 | D7: =SUMIFS(Government!J:J,Government!C:C, "Region 2",Government!K:K, "Type I & II") -> 0 | E7: =SUMIFS(Government!J:J,Government!C:C, "Region 2") -> 11 | F7: =countifs(Government!C:C,"Region 2") -> 7 | G7: =SUMIFS(Private!J:J,Private!C:C, "Region 2",Private!K:K, "Type I") -> 0 | H7: =SUMIFS(Private!J:J,Private!C:C, "Region 2",Private!K:K, "Type II") -> 0 | I7: =SUMIFS(Private!J:J,Private!C:C, "Region 2",Private!K:K, "Type I & II") -> 0 | J7: =SUMIFS(Private!J:J,Private!C:C, "Region 2") -> 0 | K7: =countifs(Private!C:C,"Region 2") -> 0 | L7: =sum(E7,J7) -> 11 | M7: =sum(F7,K7) -> 7
A8: CENTRAL LUZON | B8: =SUMIFS(Government!J:J,Government!C:C, "Region 3",Government!K:K, "Type I") -> 19 | C8: =SUMIFS(Government!J:J,Government!C:C, "Region 3",Government!K:K, "Type II") -> 0 | D8: =SUMIFS(Government!J:J,Government!C:C, "Region 3",Government!K:K, "Type I & II") -> 0 | E8: =SUMIFS(Government!J:J,Government!C:C, "Region 3") -> 19 | F8: =countifs(Government!C:C,"Region 3") -> 12 | G8: =SUMIFS(Private!J:J,Private!C:C, "Region 3",Private!K:K, "Type I") -> 9 | H8: =SUMIFS(Private!J:J,Private!C:C, "Region 3",Private!K:K, "Type II") -> 1 | I8: =SUMIFS(Private!J:J,Private!C:C, "Region 3",Private!K:K, "Type I & II") -> 0 | J8: =SUMIFS(Private!J:J,Private!C:C, "Region 3") -> 10 | K8: =countifs(Private!C:C,"Region 3") -> 7 | L8: =sum(E8,J8) -> 29 | M8: =sum(F8,K8) -> 19
A9: CALABARZON | B9: =SUMIFS(Government!J:J,Government!C:C, "Region 4-A",Government!K:K, "Type I") -> 0 | C9: =SUMIFS(Government!J:J,Government!C:C, "Region 4-A",Government!K:K, "Type II") -> 0 | D9: =SUMIFS(Government!J:J,Government!C:C, "Region 4-A",Government!K:K, "Type I & II") -> 0 | E9: =SUMIFS(Government!J:J,Government!C:C, "Region 4-A") -> 0 | F9: =countifs(Government!C:C,"Region 4-A") -> 0 | G9: =SUMIFS(Private!J:J,Private!C:C, "Region 4-A",Private!K:K, "Type I") -> 3 | H9: =SUMIFS(Private!J:J,Private!C:C, "Region 4-A",Private!K:K, "Type II") -> 4 | I9: =SUMIFS(Private!J:J,Private!C:C, "Region 4-A",Private!K:K, "Type I & II") -> 0 | J9: =SUMIFS(Private!J:J,Private!C:C, "Region 4-A") -> 7 | K9: =countifs(Private!C:C,"Region 4-A") -> 6 | L9: =sum(E9,J9) -> 7 | M9: =sum(F9,K9) -> 6
A10: MIMAROPA | B10: =SUMIFS(Government!J:J,Government!C:C, "Region 4-B",Government!K:K, "Type I") -> 0 | C10: =SUMIFS(Government!J:J,Government!C:C, "Region 4-B",Government!K:K, "Type II") -> 0 | D10: =SUMIFS(Government!J:J,Government!C:C, "Region 4-B",Government!K:K, "Type I & II") -> 0 | E10: =SUMIFS(Government!J:J,Government!C:C, "Region 4-B") -> 0 | F10: =countifs(Government!C:C,"Region 4-B") -> 0 | G10: =SUMIFS(Private!J:J,Private!C:C, "Region 4-B",Private!K:K, "Type I") -> 0 | H10: =SUMIFS(Private!J:J,Private!C:C, "Region 4-B",Private!K:K, "Type II") -> 0 | I10: =SUMIFS(Private!J:J,Private!C:C, "Region 4-B",Private!K:K, "Type I & II") -> 0 | J10: =SUMIFS(Private!J:J,Private!C:C, "Region 4-B") -> 0 | K10: =countifs(Private!C:C,"Region IV-B") -> 0 | L10: =sum(E10,J10) -> 0 | M10: =sum(F10,K10) -> 0
A11: BICOL REGION | B11: =SUMIFS(Government!J:J,Government!C:C, "Region 5",Government!K:K, "Type I") -> 4 | C11: =SUMIFS(Government!J:J,Government!C:C, "Region 5",Government!K:K, "Type II") -> 0 | D11: =SUMIFS(Government!J:J,Government!C:C, "Region 5",Government!K:K, "Type I & II") -> 0 | E11: =SUMIFS(Government!J:J,Government!C:C, "Region 5") -> 4 | F11: =countifs(Government!C:C,"Region 5") -> 2 | G11: =SUMIFS(Private!J:J,Private!C:C, "Region 5",Private!K:K, "Type I") -> 1 | H11: =SUMIFS(Private!J:J,Private!C:C, "Region 5",Private!K:K, "Type II") -> 0 | I11: =SUMIFS(Private!J:J,Private!C:C, "Region 5",Private!K:K, "Type I & II") -> 0 | J11: =SUMIFS(Private!J:J,Private!C:C, "Region 5") -> 1 | K11: =countifs(Private!C:C,"Region 5") -> 1 | L11: =sum(E11,J11) -> 5 | M11: =sum(F11,K11) -> 3
A12: WESTERN VISAYAS | B12: =SUMIFS(Government!J:J,Government!C:C, "Region 6",Government!K:K, "Type I") -> 0 | C12: =SUMIFS(Government!J:J,Government!C:C, "Region 6",Government!K:K, "Type II") -> 0 | D12: =SUMIFS(Government!J:J,Government!C:C, "Region 6",Government!K:K, "Type I & II") -> 0 | E12: =SUMIFS(Government!J:J,Government!C:C, "Region 6") -> 0 | F12: =countifs(Government!C:C,"Region 6") -> 0 | G12: =SUMIFS(Private!J:J,Private!C:C, "Region 6",Private!K:K, "Type I") -> 2 | H12: =SUMIFS(Private!J:J,Private!C:C, "Region 6",Private!K:K, "Type II") -> 0 | I12: =SUMIFS(Private!J:J,Private!C:C, "Region 6",Private!K:K, "Type I & II") -> 0 | J12: =SUMIFS(Private!J:J,Private!C:C, "Region 6") -> 2 | K12: =countifs(Private!C:C,"Region 6") -> 2 | L12: =sum(E12,J12) -> 2 | M12: =sum(F12,K12) -> 2
A13: CENTRAL VISAYAS | B13: =SUMIFS(Government!J:J,Government!C:C, "Region 7",Government!K:K, "Type I") -> 1 | C13: =SUMIFS(Government!J:J,Government!C:C, "Region 7",Government!K:K, "Type II") -> 0 | D13: =SUMIFS(Government!J:J,Government!C:C, "Region 7",Government!K:K, "Type I & II") -> 0 | E13: =SUMIFS(Government!J:J,Government!C:C, "Region 7") -> 1 | F13: =countifs(Government!C:C,"Region 7") -> 1 | G13: =SUMIFS(Private!J:J,Private!C:C, "Region 7",Private!K:K, "Type I") -> 0 | H13: =SUMIFS(Private!J:J,Private!C:C, "Region 7",Private!K:K, "Type II") -> 4 | I13: =SUMIFS(Private!J:J,Private!C:C, "Region 7",Private!K:K, "Type I & II") -> 0 | J13: =SUMIFS(Private!J:J,Private!C:C, "Region 7") -> 4 | K13: =countifs(Private!C:C,"Region 7") -> 1 | L13: =sum(E13,J13) -> 5 | M13: =sum(F13,K13) -> 2
A14: EASTERN VISAYAS | B14: =SUMIFS(Government!J:J,Government!C:C, "Region 8",Government!K:K, "Type I") -> 15 | C14: =SUMIFS(Government!J:J,Government!C:C, "Region 8",Government!K:K, "Type II") -> 0 | D14: =SUMIFS(Government!J:J,Government!C:C, "Region 8",Government!K:K, "Type I & II") -> 0 | E14: =SUMIFS(Government!J:J,Government!C:C, "Region 8") -> 15 | F14: =countifs(Government!C:C,"Region 8") -> 14 | G14: =SUMIFS(Private!J:J,Private!C:C, "Region 8",Private!K:K, "Type I") -> 0 | H14: =SUMIFS(Private!J:J,Private!C:C, "Region 8",Private!K:K, "Type II") -> 0 | I14: =SUMIFS(Private!J:J,Private!C:C, "Region 8",Private!K:K, "Type I & II") -> 0 | J14: =SUMIFS(Private!J:J,Private!C:C, "Region 8") -> 0 | K14: =countifs(Private!C:C,"Region 8") -> 0 | L14: =sum(E14,J14) -> 15 | M14: =sum(F14,K14) -> 14
A15: ZAMBOANGA PENINSULA | B15: =SUMIFS(Government!J:J,Government!C:C, "Region 9",Government!K:K, "Type I") -> 6 | C15: =SUMIFS(Government!J:J,Government!C:C, "Region 9",Government!K:K, "Type II") -> 0 | D15: =SUMIFS(Government!J:J,Government!C:C, "Region 9",Government!K:K, "Type I & II") -> 0 | E15: =SUMIFS(Government!J:J,Government!C:C, "Region 9") -> 6 | F15: =countifs(Government!C:C,"Region 9") -> 5 | G15: =SUMIFS(Private!J:J,Private!C:C, "Region 9",Private!K:K, "Type I") -> 2 | H15: =SUMIFS(Private!J:J,Private!C:C, "Region 9",Private!K:K, "Type II") -> 0 | I15: =SUMIFS(Private!J:J,Private!C:C, "Region 9",Private!K:K, "Type I & II") -> 0 | J15: =SUMIFS(Private!J:J,Private!C:C, "Region 9") -> 2 | K15: =countifs(Private!C:C,"Region 9") -> 1 | L15: =sum(E15,J15) -> 8 | M15: =sum(F15,K15) -> 6
A16: NORTHERN MINDANAO | B16: =SUMIFS(Government!J:J,Government!C:C, "Region 10",Government!K:K, "Type I") -> 7 | C16: =SUMIFS(Government!J:J,Government!C:C, "Region 10",Government!K:K, "Type II") -> 0 | D16: =SUMIFS(Government!J:J,Government!C:C, "Region 10",Government!K:K, "Type I & II") -> 0 | E16: =SUMIFS(Government!J:J,Government!C:C, "Region 10") -> 7 | F16: =countifs(Government!C:C,"Region 10") -> 7 | G16: =SUMIFS(Private!J:J,Private!C:C, "Region 10",Private!K:K, "Type I") -> 1 | H16: =SUMIFS(Private!J:J,Private!C:C, "Region 10",Private!K:K, "Type II") -> 0 | I16: =SUMIFS(Private!J:J,Private!C:C, "Region 10",Private!K:K, "Type I & II") -> 0 | J16: =SUMIFS(Private!J:J,Private!C:C, "Region 10") -> 1 | K16: =countifs(Private!C:C,"Region 10") -> 1 | L16: =sum(E16,J16) -> 8 | M16: =sum(F16,K16) -> 8
A17: DAVAO | B17: =SUMIFS(Government!J:J,Government!C:C, "Region 11",Government!K:K, "Type I") -> 57 | C17: =SUMIFS(Government!J:J,Government!C:C, "Region 11",Government!K:K, "Type II") -> 0 | D17: =SUMIFS(Government!J:J,Government!C:C, "Region 11",Government!K:K, "Type I & II") -> 0 | E17: =SUMIFS(Government!J:J,Government!C:C, "Region 11") -> 57 | F17: =countifs(Government!C:C,"Region 11") -> 8 | G17: =SUMIFS(Private!J:J,Private!C:C, "Region 11",Private!K:K, "Type I") -> 2 | H17: =SUMIFS(Private!J:J,Private!C:C, "Region 11",Private!K:K, "Type II") -> 1 | I17: =SUMIFS(Private!J:J,Private!C:C, "Region 11",Private!K:K, "Type I & II") -> 0 | J17: =SUMIFS(Private!J:J,Private!C:C, "Region 11") -> 3 | K17: =countifs(Private!C:C,"Region 11") -> 3 | L17: =sum(E17,J17) -> 60 | M17: =sum(F17,K17) -> 11
A18: SOCCSKSARGEN | B18: =SUMIFS(Government!J:J,Government!C:C, "Region 12",Government!K:K, "Type I") -> 1 | C18: =SUMIFS(Government!J:J,Government!C:C, "Region 12",Government!K:K, "Type II") -> 0 | D18: =SUMIFS(Government!J:J,Government!C:C, "Region 12",Government!K:K, "Type I & II") -> 0 | E18: =SUMIFS(Government!J:J,Government!C:C, "Region 12") -> 1 | F18: =countifs(Government!C:C,"Region 12") -> 1 | G18: =SUMIFS(Private!J:J,Private!C:C, "Region 12",Private!K:K, "Type I") -> 1 | H18: =SUMIFS(Private!J:J,Private!C:C, "Region 12",Private!K:K, "Type II") -> 0 | I18: =SUMIFS(Private!J:J,Private!C:C, "Region 12",Private!K:K, "Type I & II") -> 0 | J18: =SUMIFS(Private!J:J,Private!C:C, "Region 12") -> 1 | K18: =countifs(Private!C:C,"Region 12") -> 1 | L18: =sum(E18,J18) -> 2 | M18: =sum(F18,K18) -> 2
A19: CARAGA | B19: =SUMIFS(Government!J:J,Government!C:C, "Region 13",Government!K:K, "Type I") -> 11 | C19: =SUMIFS(Government!J:J,Government!C:C, "Region 13",Government!K:K, "Type II") -> 0 | D19: =SUMIFS(Government!J:J,Government!C:C, "Region 13",Government!K:K, "Type I & II") -> 0 | E19: =SUMIFS(Government!J:J,Government!C:C, "Region 13") -> 11 | F19: =countifs(Government!C:C,"Region 13") -> 6 | G19: =SUMIFS(Private!J:J,Private!C:C, "Region 13",Private!K:K, "Type I") -> 0 | H19: =SUMIFS(Private!J:J,Private!C:C, "Region 13",Private!K:K, "Type II") -> 0 | I19: =SUMIFS(Private!J:J,Private!C:C, "Region 13",Private!K:K, "Type I & II") -> 0 | J19: =SUMIFS(Private!J:J,Private!C:C, "Region 13") -> 0 | K19: =countifs(Private!C:C,"Region 13") -> 0 | L19: =sum(E19,J19) -> 11 | M19: =sum(F19,K19) -> 6
A20: CAR | B20: =SUMIFS(Government!J:J,Government!C:C, "Cordillera",Government!K:K, "Type I") -> 4 | C20: =SUMIFS(Government!J:J,Government!C:C, "Cordillera",Government!K:K, "Type II") -> 0 | D20: =SUMIFS(Government!J:J,Government!C:C, "Cordillera",Government!K:K, "Type I & II") -> 0 | E20: =SUMIFS(Government!J:J,Government!C:C, "Cordillera") -> 4 | F20: =countifs(Government!C:C,"Cordillera") -> 4 | G20: =SUMIFS(Private!J:J,Private!C:C, "Cordillera",Private!K:K, "Type I") -> 2 | H20: =SUMIFS(Private!J:J,Private!C:C, "Cordillera",Private!K:K, "Type II") -> 5 | I20: =SUMIFS(Private!J:J,Private!C:C, "Cordillera",Private!K:K, "Type I & II") -> 0 | J20: =SUMIFS(Private!J:J,Private!C:C, "Cordillera") -> 7 | K20: =countifs(Private!C:C,"Cordillera") -> 6 | L20: =sum(E20,J20) -> 11 | M20: =sum(F20,K20) -> 10
A21: NIR | B21: =SUMIFS(Government!J:J,Government!C:C, "NIR",Government!K:K, "Type I") -> 1 | C21: =SUMIFS(Government!J:J,Government!C:C, "NIR",Government!K:K, "Type II") -> 0 | D21: =SUMIFS(Government!J:J,Government!C:C, "NIR",Government!K:K, "Type I & II") -> 0 | E21: =SUMIFS(Government!J:J,Government!C:C, "NIR") -> 1 | F21: =countifs(Government!C:C,"NIR") -> 1 | G21: =SUMIFS(Private!J:J,Private!C:C, "NIR",Private!K:K, "Type I") -> 0 | H21: =SUMIFS(Private!J:J,Private!C:C, "NIR",Private!K:K, "Type II") -> 0 | I21: =SUMIFS(Private!J:J,Private!C:C, "NIR",Private!K:K, "Type I & II") -> 0 | J21: =SUMIFS(Private!J:J,Private!C:C, "NIR") -> 0 | K21: =countifs(Private!C:C,"NIR") -> 0 | L21: =sum(E21,J21) -> 1 | M21: =sum(F21,K21) -> 1
A22: BARMM | B22: =SUMIFS(Government!J:J,Government!C:C, "BARMM",Government!K:K, "Type I") -> 0 | C22: =SUMIFS(Government!J:J,Government!C:C, "BARMM",Government!K:K, "Type II") -> 0 | D22: =SUMIFS(Government!J:J,Government!C:C, "BARMM",Government!K:K, "Type I & II") -> 0 | E22: =SUMIFS(Government!J:J,Government!C:C, "BARMM") -> 0 | F22: =countifs(Government!C:C,"BARMM") -> 0 | G22: =SUMIFS(Private!J:J,Private!C:C, "BARMM",Private!K:K, "Type I") -> 0 | H22: =SUMIFS(Private!J:J,Private!C:C, "BARMM",Private!K:K, "Type II") -> 0 | I22: =SUMIFS(Private!J:J,Private!C:C, "BARMM",Private!K:K, "Type I & II") -> 0 | J22: =SUMIFS(Private!J:J,Private!C:C, "BARMM") -> 0 | K22: =countifs(Private!C:C,"BARMM") -> 0 | L22: =sum(E22,J22) -> 0 | M22: =sum(F22,K22) -> 0
A23: Total Number Ambulance and Ambulance Service Providers | B23: =sum(B5:B22) -> 156 | C23: =sum(C5:C22) -> 2 | D23: =sum(D5:D22) -> 0 | E23: =sum(E5:E22) -> 158 | F23: =sum(F5:F22) -> 81 | G23: =sum(G5:G22) -> 39 | H23: =sum(H5:H22) -> 57 | I23: =sum(I5:I22) -> 0 | ... M23: =sum(M5:M22) -> 136

Sheet Government
A1: # | B1: NHFR CODE | C1: REGION | D1: PROVINCE | E1: CITY/ MUNICIPALITY | F1: BLDG OR HOUSE NO., STREET, BRGY (as applicable) | G1: NAME OF AMBULANCE SERVICE PROVIDER | H1: OWNERSHIP | I1: OWNER/ HEAD OF FACILITY | J1: NO. OF UNITS | K1: TYPE | L1: PLATE NO./ CONDUCTION STICKER | M1: CONTACT NOS. | N1: EMAIL ADDRESS | O1: VALIDITY FROM | P1: VALIDITY UNTIL | Q1: LICENSED NO. | R1: APPLICATION STATUS | S1: APPLICATION STATUS (IF WITH CHANGES) | T1: REMARKS | U1: Reference used by DMU
A2: 1 | C2: REGION 1 | D2: Ilocos Norte | E2: Adams | F2: Poblacion I | G2: ADAMS RURAL HEALTH UNIT | H2: Government | I2: Local Government Unit of Adams | J2: 2 | K2: Type I | L2: JN 255 A JN 342 A | O2: 45730 | P2: 46752 | Q2: 02-03-2527-ASP- 1 | R2: Still Accredited | U2: *
A3: 2 | B3: 48584 | C3: REGION 1 | D3: Ilocos Norte | E3: Bacarra | F3: Rizal Boulevard St., Brgy. 1 Sta. Rita | G3: BACARRA MUNICIPAL HEALTH OFFICE | H3: Government | I3: Bacarra Municipal Health Office | J3: 1 | K3: Type I | L3: NAO 4264 | M3: 0929-794-1241 | N3: bacarrarhu@gmail.com | O3: 45639 | P3: 46387 | Q3: 02-03-2426-ASP-1 | R3: Still Accredited | U3: *
A4: 3 | B4: 48582 | C4: REGION 1 | D4: Ilocos Norte | E4: Dumalneg | F4: J. Raval St., Cabaritan, District I | G4: DUMALNEG MUNICIPAL HEALTH OFFICE | H4: Government | I4: DUMALNEG MUNICIPAL HEALTH OFFICE | J4: 1 | K4: Type I | L4: F0 N939 | M4: (077) 670-7405 | N4: dumalneg_rhu2014@yahoo.com | O4: 45292 | P4: 46387 | Q4: 02-02-2527-ASP-2 | R4: Still Accredited | U4: *
A5: 4 | B5: 48583 | C5: REGION 1 | D5: Ilocos Norte | E5: Vintar | F5: Gomez St., San Nicolas (Pob.) | G5: VINTAR MUNICIPAL HEALTH OFFICE | H5: Government | I5: Local Government Unit of Vintar | J5: 1 | K5: Type I | L5: A2 A223 | M5: (077) 670 5274 | N5: municipalityofvintar@gmail.com | O5: 45625 | P5: 46387 | Q5: 02-01-2527-ASP-1 | R5: Still Accredited
A6: 5 | B6: 50621 | C6: REGION 1 | D6: Ilocos Sur | E6: San Juan City | F6: Taft St., Brgy. Lira, San | G6: SAN JUAN RURAL HEALTH UNIT | H6: Government | I6: Municipality of San Juan, Ilocos Sur | J6: 1 | K6: Type I | L6: I30 109 | O6: 45386 | P6: 46387 | Q6: 02-01-2628-ASP-1 | R6: Renewal
A7: 6 | B7: 48641 | C7: REGION 1 | D7: La Union | E7: San Fernando City | F7: Quezon Avenue, Sevilla | G7: DEPARTMENT OF SOCIAL WELFARE AND DEVELOPMENT - FIELD OFFICE I | H7: Government | I7: DEPARTMENT OF SOCIAL WELFARE AND DEVELOPMENT - FIELD OFFICE I | J7: 5 | K7: Type I | L7: A9 0981, A9 M098, A9 S332, A9 Y132, A9 M083 | M7: (072) 687 8000 | N7: fo1@dswd.gov.ph | O7: 45642 | P7: 46387 | Q7: 03-0008-2527-ASP-1 | R7: Still Accredited | S7: N/A
A8: 7 | C8: REGION 1 | D8: Pangasinan | E8: Alaminos City | F8: Quezon Ave., Poblacion | G8: CITY GOVERNMENT OF ALAMINOS (CDRRMO) | H8: Government | I8: Local Government Unit of Alaminos City | J8: 1 | K8: Type I | L8: SHR 992 | O8: 45810 | P8: 46752 | Q8: 03-0001-2527-ASP-1 | R8: Still Accredited | S8: N/A
A9: 8 | B9: 48645 | C9: REGION 1 | D9: Pangasinan | E9: Bayambang | F9: Brgy. Roxas St., Zone II | G9: LOCAL GOVERNMENT UNIT OF BAYAMBANG | H9: Government | I9: Local Government Unit of Bayambang | J9: 3 | K9: Type I | L9: SNA 9118 SNN 1990 FAA 215 | M9: (075) 632-12-19 | N9: posobayambang2016@yahoo.com | O9: 45376 | P9: 46752 | Q9: DOH051440 | R9: Still Accredited | S9: N/A
A10: 9 | C10: REGION 2 | D10: Cagayan | E10: Aparri | F10: Zone 1, Backling | G10: APARRI WEST SUPER HEALTH CENTER | H10: Government | I10: LGU | J10: 1 | K10: Type I | L10: SNA 9428 | M10: 9976508245 | N10: aparriwest_mho@yahoo.com | O10: 45834 | P10: 46752 | Q10: 08-011-2527-ASP-1 | R10: New Faciliy | U10: *
A11: 10 | C11: REGION 2 | D11: Cagayan | E11: Buguey | F11: Buguey Fire Station, Centro | G11: LGU -BUGUEY AMBULANCE | H11: Government | I11: LGU | J11: 1 | K11: Type I | L11: SAB 6386 | M11: 9532349544 | N11: lgubuguey@ymail.com | O11: 45519 | P11: 46387 | Q11: 08-002-2426-ASP-1 | R11: New Faciliy | U11: *
A12: 11 | C12: REGION 2 | D12: Nueva Vizcaya | E12: Bagabag | F12: San Pedro | G12: BAGABAG- RURAL HEALTH UNIT | H12: Government | I12: LGU | J12: 1 | K12: Type I | L12: SNA 9490 | M12: 9177931779 | N12: rhubagabag@gmail.com | O12: 45740 | P12: 46752 | Q12: DOH051668 | R12: New Faciliy
A13: 12 | C13: REGION 2 | D13: Nueva Vizcaya | E13: Bambang | F13: Boyie Street, Buag | G13: RURAL HEALTH UNIT OF BAMBANG | H13: Government | I13: LGU | J13: 3 | K13: Type I | L13: SND 3325; SND 3302; SNA 9434 | M13: 9561703191 | N13: mhobambang.nv@gmail.com | O13: 45566 | P13: 46387 | Q13: 08-012-2527-ASP-1 | R13: New Faciliy
A14: 13 | C14: REGION 2 | D14: Nueva Vizcaya | E14: Bayombong | F14: Capitol Compound, District IV | G14: PHILLIPINE RED CROSS- NUEVA VIZCAYA CHAPTER | H14: Government | I14: PRC Nueva Vizcaya Chapter | J14: 1 | K14: Type I | L14: AKA 4168 | M14: 9175079950 | N14: nueva.vizcaya@redcross.org.ph> | O14: 45728 | P14: 46752 | Q14: 09-0001-25-27-ASP-1 | R14: Still Accredited
A15: 14 | C15: REGION 2 | D15: Quirino | E15: Cabarroguis | F15: Poblacion, Mangandingay | G15: PROVINCIAL GOVERNMENT OF QUIRINO/ PROVINCIAL HEALTH OFFICE | H15: Government | I15: Province | J15: 1 | K15: Type I | L15: SND 3293 | M15: 9065739694 | N15: rhubagabag@gmail.com | O15: 45658 | P15: 46752 | Q15: 09-0002-24-26-ASP-1 | R15: Still Accredited
A16: 15 | C16: REGION 2 | D16: Quirino | E16: Diffun | F16: #6 Doña Street, Andres Bonifacio | G16: DIFFUN MUNICIPAL HEALTH OFFICE AND REPRODUCTIVE HEALTH CLINIC | H16: Government | I16: LGU | J16: 3 | K16: Type I | L16: F5K 722, SNN 2215, SNA 9468 | M16: 9171031401 | N16: mho_diffun@yahoo.com.ph | O16: 46023 | P16: 47118 | Q16: 09-0002-25-27-ASP-1 | R16: Still Accredited
A17: 16 | C17: REGION 3 | D17: Bataan | E17: Bagac | F17: Atilano Ricardo, Bagac, Bataan | G17: MUNICIPAL GOVERNMENT OF BAGAC, BATAAN | H17: Government | I17: LGU - Bagac, Bataan | J17: 2 | K17: Type I | L17: SND 3129 SND 3130 | M17: 0977-7979-300 | N17: rhubagac@gmail.com | O17: 45749 | P17: 46752 | Q17: 09-0001-26-28-ASP-1 | R17: Renewal
A18: 17 | B18: 48649 | C18: REGION 3 | D18: Bataan | E18: Limay | F18: Real St. , Poblacion, Limay, Bataan | G18: LIMAY RURAL HEALTH UNIT | H18: Government | I18: LGU - Limay, Bataan | J18: 3 | K18: Type I | L18: F4 J772 F2 G639 F2 G632 | M18: 0908-810-3361 | N18: nursemalou74@gmail.com | O18: 45658 | P18: 46752 | Q18: 09-0001-24-26-ASP-1 | R18: Still Accredited
A19: 18 | B19: 51440 | C19: REGION 3 | D19: Bulacan | E19: San Jose del Monte City | F19: CDRRMO Bldg., Sapang Palay Proper, City of San Jose Del Monte, Bulacan | G19: CITY DISASTER RISK REDUCTION AND MANAGEMENT OFFICE | H19: Government | I19: LGU - City of San Jose Del Monte, Bulacan | J19: 4 | K19: Type I | L19: F40064 F40078 F40068 F40103 | M19: 044-3066234/09326000119/09552067200/09328449461/09176384674 | N19: cs3.cdrrmo@gmail.com/franwaynesanpedro3@gmail.com | O19: 45481 | P19: 46387 | Q19: 10-0019-2426-ASP-1 | R19: New Faciliy
A20: 19 | B20: 50484 | C20: REGION 3 | D20: Nueva Ecija | E20: Bongabon | F20: Sinipit Poblacion, Bongabon, Nueva Ecija | G20: BONGABON MUNICIPAL HEALTH OFFICE | H20: Government | I20: LGU - Bongabon, Nueva Ecija | J20: 1 | K20: Type I | L20: F5 1241 | M20: 0915-764-2460 | N20: bongabonhrh@gmail.com | O20: 46023 | P20: 47118 | Q20: 10-0004-2527-ASP-1 | R20: New Faciliy | S20: N/A | T20: new facility in 2025
A21: 20 | B21: 50819 | C21: REGION 3 | D21: Nueva Ecija | E21: Cabanatuan City | F21: Kapitan Pepe, Cabanatuan City, Nueva Ecija | G21: CABANATUAN CITY HEALTH OFFICE | H21: Government | I21: LGU - Cabanatuan City, Nueva Ecija | J21: 1 | K21: Type I | L21: F4 D076 | M21: 9178511320 | N21: cho_cabanatuancity@yahoo.com | O21: 45406 | P21: 46387 | Q21: 10-0005-2527-ASP-1 | R21: New Faciliy | S21: N/A | T21: new facility in 2025
A22: 21 | B22: 50715 | C22: REGION 3 | D22: Nueva Ecija | E22: Lupao | F22: Neri St., Poblacion South, Lupao, Nueva Ecija | G22: LUPAO MUNICIPAL HEALTH CENTER | H22: Government | I22: LGU - Lupao, Nueva Ecija | J22: 1 | K22: Type I | L22: F4D 060 | M22: 0917-133-4856 | N22: lupaorhu88@gmail.com | O22: 45393 | P22: 46387 | Q22: 10-0001-2628-ASP-1 | R22: Renewal
A23: 22 | B23: 50687 | C23: REGION 3 | D23: Nueva Ecija | E23: San Isidro | F23: Plaza Santos, Poblacion, San Isidro, Nueva Ecija | G23: SAN ISIDRO MUNICIPAL HEALTH OFFICE | H23: Government | I23: LGU - San Isidro, Nueva Ecija | J23: 1 | K23: Type I | L23: F4D 052 | M23: 0966-422-9067 | N23: mhosanisidronuevaecija@gmail.com | O23: 45394 | P23: 46387 | Q23: 10-0002-2628-ASP-1 | R23: Renewal
A24: 23 | B24: 48653 | C24: REGION 3 | D24: Pampanga | E24: San Fernando City | F24: Heroes Hall, San Juan, City of San Fernando, Pampanga | G24: CITY HEALTH OFFICE - HEALTH EMERGENCY MANAGEMENT STAFF | H24: Government | I24: LGU - City of San Fernando, Pampanga | J24: 2 | K24: Type I | L24: F3R 357 QT 365A | M24: 0919-078-8456 | N24: citymedical2.hems2.csfp2@gmail.com | O24: 45980 | P24: 46752 | Q24: DOH053160 | R24: New Faciliy | S24: N/A | T24: new facility in 2025
A25: 24 | C25: REGION 3 | D25: Tarlac | E25: Concepcion | F25: Alpha, Balutu, Concepcion, Tarlac | G25: CONCEPCION RURAL HEALTH UNIT II | H25: Private | I25: LGU - Concepcion, Tarlac | J25: 1 | K25: Type I | L25: F4 D157 | M25: (045) 456-6365 | N25: rhu2balutu@yahoo.com | O25: 45658 | P25: 46752 | Q25: DOH051320 | R25: New Faciliy | S25: N/A | T25: new facility in 2024
A26: 25 | B26: 50778 | C26: REGION 3 | D26: Tarlac | E26: La Paz | F26: Caramutan, La Paz, Tarlac | G26: LA PAZ MUNICIPAL HEALTH OFFICE | H26: Government | I26: LGU - La Paz, Tarlac | J26: 1 | K26: Type I | L26: F5 J098 | M26: 0912-614-9866 | N26: lapazrhu12022@gmail.com | O26: 45378 | P26: 46387 | Q26: DOH048687 | R26: Renewal
A27: 26 | B27: 50770 | C27: REGION 3 | D27: Tarlac | E27: La Paz | F27: San Roque, La Paz, Tarlac | G27: LA PAZ RURAL HEALTH UNIT I | H27: Government | I27: LGU - La Paz, Tarlac | J27: 1 | K27: Type I | L27: F5 J082 | M27: 0912-614-9866 | N27: lapazrhu12022@gmail.com | O27: 45378 | P27: 46387 | Q27: 11-003-2426-ASP-1 | R27: New Faciliy
A28: 27 | B28: 48657 | C28: REGION 3 | D28: Tarlac | E28: Tarlac City | F28: Hilario St., Ligtasan, Tarlac City, Tarlac | G28: CITY HEALTH OFFICE TARLAC | H28: Government | I28: LGU - Tarlac City, Tarlac | J28: 1 | K28: Type I | L28: F4 D109 | M28: 045-491-8911 | N28: cho_tarlac@yahoo.com | O28: 45658 | P28: 46752 | Q28: 11-001-2527-ASP-1 | R28: New Faciliy
A29: 28 | B29: 54361 | C29: REGION 5 | D29: Albay | E29: Malilipot | F29: Brgy. 2, Poblacion, Malilipot, Albay | G29: LGU MALILIPOT | H29: Government | I29: Lgu Malilipot | J29: 1 | K29: Type I | L29: SND2810/0037345035 | M29: 9983213497 | N29: malilipotrhu@yahoo.com | O29: 45803 | P29: 46752 | Q29: 11-001-2527-ASP-1 | R29: New Faciliy
A30: 29 | B30: 48670 | C30: REGION 5 | D30: Camarines Sur | E30: Buhi | F30: Zone 5, San Buenaventura District 5, Buhi, Camarines Sur | G30: MUNICIPAL HEALTH OFFICE (BUHI-HEMS) | H30: Government | I30: Municipal Health Office (Buhi-HEMS) | J30: 3 | K30: Type I | L30: F3V 668 / F3V 678 / F3V 697 | M30: 0917-501-9705 | N30: buhirhu1@gmail.com | O30: 45292 | P30: 46387 | Q30: 11-001-2527-ASP-1 | R30: New Faciliy
A31: 30 | B31: 48679 | C31: REGION 7 | D31: Cebu | E31: Mandaue City | F31: Mezzanine Floor, FCB Building Corner P. Burgos Street and AC Cortes Avenue, Alang-Alang, Mandaue, Cebu | G31: CENTER FOR HEALTHCARE PROFESSIONS CEBU, INC. | H31: Government | I31: CENTER FOR HEALTHCARE PROFESSIONS CEBU, INC. | J31: 1 | K31: Type I | L31: GAU 7180 | M31: 0917-777-0851 / +63 (32) 420 1881 | N31: info@chpcebu.com | O31: 45292 | P31: 46387 | Q31: 11-001-2527-ASP-1 | R31: New Faciliy
A32: 31 | C32: REGION 8 | D32: Eastern Samar | E32: Oras | F32: Barangay Butnga, Oras, Eastern Samar | G32: ORAS RURAL HEALTH UNIT | H32: Government | I32: Local Government Unit of Oras | J32: 1 | K32: Type I | L32: SND 2749 | M32: 9475180799 | N32: orasrhu23@gmail.com | O32: 45639 | P32: 46387 | Q32: 11-001-2426-ASP-1 | R32: New Faciliy
A33: 32 | C33: REGION 8 | D33: Leyte | E33: MacArthur | F33: Taragona St., Barangay Poblacion, district 1, MacArthur, Leyte | G33: MACARTHUR RURAL HEALTH UNIT | H33: Government | I33: LGU MacArthur | J33: 1 | K33: Type I | L33: SND 2760 | M33: 9513668673 | N33: rhumacarthur17@gmail.com | O33: 46057 | P33: 47118 | Q33: 11-01-2527-PCF-1 | R33: Renewal
A34: 33 | C34: REGION 8 | D34: Leyte | E34: Mahaplag | F34: Barangay Poblacion, Mahaplag, Leyte | G34: RHU MAHAPLAG | H34: Government | I34: Local Government Unit of Mahaplag | J34: 1 | K34: Type I | L34: SND 2932 | M34: 9563947653 | N34: shcmahaplag@gmail.com | O34: 45771 | P34: 46752 | Q34: 12-001-2527-ASP-1 | R34: New Faciliy | S34: N/A | U34: *
A35: 34 | C35: REGION 8 | D35: Leyte | E35: Ormoc City | F35: Aunubing Street, Barangay Cogon, Ormoc City | G35: CITY HEALTH DEPARTMENT | H35: Government | I35: City Government of Ormoc | J35: 1 | K35: Type I | L35: SND 3510 | M35: 9209661466 | N35: chd.ormoc@yahoo.com | O35: 45730 | P35: 46752 | Q35: 16-002-25-ASP-1 | R35: New Faciliy | U35: *
A36: 35 | C36: REGION 8 | D36: Leyte | E36: Tacloban City | F36: Barangay 25, Kanhuraw Hill, Tacloban City | G36: TACLOBAN CITY HEALTH OFFICE | H36: Government | I36: City of Tacloban | J36: 1 | K36: Type I | L36: SND 2750 | M36: 9755885281 | N36: chotacloban2022@gmail.com | O36: 46111 | P36: 47118 | Q36: 16-004-25-ASP-1 | R36: New Faciliy | U36: *
A37: 36 | C37: REGION 8 | D37: Samar | E37: San Jose de Buan | F37: Barangay 3 Poblacion, San Jose de Buan, Samar | G37: SAN JOSE DE BUAN MUNICIPAL HEALTH OFFICE | H37: Government | I37: Local Government Unit of San Jose de Buan | J37: 1 | K37: Type I | L37: JR111A | M37: 9971737499 | N37: sanjosedebuanrhu@gmail.com | O37: 45785 | P37: 46752 | Q37: 16-003-25-ASP-1 | R37: New Faciliy | U37: *
A38: 37 | C38: REGION 8 | D38: Samar | E38: Santa Margarita | F38: Maharlika Highway, Barangay Monbon, Sta. Margairta, Samar | G38: RURAL HEALTH UNIT STA. MARGARITA | H38: Government | I38: Local Government Unit of Sta. Margairta | J38: 1 | K38: Type I | L38: F3V-658 | M38: 9970997686 | N38: rhusta.margaritasamar@gmail,.com | O38: 45729 | P38: 46752 | Q38: 16-002-25-ASP-1 | R38: Renewal | U38: *
A39: 38 | C39: REGION 8 | D39: Samar | E39: Talalora | F39: Santiago Street, Poblacion 1, Talalora, Samar | G39: RURAL HEALTH UNIT TALALORA | H39: Government | I39: Local Government Unit of Talalora | J39: 1 | K39: Type I | L39: F5T-597 | M39: 9361599611 | N39: health.talalora@gmail.com | O39: 45762 | P39: 46752 | Q39: 16-002 -24-ASP-1 | R39: Renewal | U39: *
A40: 39 | C40: REGION 8 | D40: Southern Leyte | E40: Anahawan | F40: Purok Sampaguita, Poblacion, Southern Leyte | G40: ANAHAWAN RURAL HEALTH UNIT & FAMILY PLANNING CENTER | H40: Government | I40: Local Government Unit of Anahawan | J40: 1 | K40: Type I | L40: SND 2743 | M40: 9270178990 | O40: 45636 | P40: 46387 | Q40: 16-005-25-ASP-1 | R40: New Faciliy | T40: 3rd Quarter | U40: *
A41: 40 | C41: REGION 8 | D41: Southern Leyte | E41: Liloan | F41: Mabini Street, Poblacion, Liloan, Southern Leyte | G41: RURAL HEALTH UNIT - LILOAN | H41: Government | I41: LGU Liloan | J41: 2 | K41: Type I | L41: SND 2746; SND 3033 | M41: 9639117777 | N41: rhuliloan@gmail.com | O41: 45930 | P41: 46752 | Q41: 13-0005-2628-ASP-2 | R41: Renewal | U41: *
A42: 41 | C42: REGION 8 | D42: Southern Leyte | E42: Maasin City | F42: P. Roa cor. A. Bascug Streets, Maasin City | G42: MAASIN CITY URBAN HEALTH CENTER PRIMARY CARE FACILITY | H42: Government | I42: City of Maasin | J42: 1 | K42: Type I | L42: F6Y475 | M42: 9951676258 | N42: chumaasin@gmail.com | O42: 45979 | P42: 46752 | Q42: 13-0001-2527-ASP-1 | R42: Renewal | U42: *
A43: 42 | C43: REGION 8 | D43: Southern Leyte | E43: Malitbog | F43: Barangay Taliwa, Malitbog, Southern Leyte | G43: MALITBOG RURAL HEALTH UNIT | H43: Government | I43: Local Government Unit of Malitbog | J43: 1 | K43: Type I | L43: SND 2756 | M43: 9397883485 | N43: malitbogrhu@yahoo.com | O43: 45568 | P43: 46387 | Q43: 13-0008-2527-ASP-2 | R43: New Faciliy | U43: *
A44: 43 | B44: 51668 | C44: REGION 8 | D44: Southern Leyte | E44: Padre Burgos | F44: Poblacion, Padre Burgos, Southern Leyte | G44: PADRE BURGOS RURAL HEALTH UNIT | H44: Government | I44: Local Government Unit of Padre Burgos | J44: 1 | K44: Type I | L44: F5-1441 | M44: 09617330098/09690364114 | N44: padreburgosrhu@gmail.com | O44: 45561 | P44: 46387 | Q44: 13-0011-2628-ASP-1 | R44: New Faciliy | U44: *
A45: 44 | C45: REGION 8 | D45: Southern Leyte | E45: Pintuyan | F45: Barangay Sta. Cruz, Pinuyan, Southern Leyte | G45: RURAL HEALTH UNIT - PINTUYAN | H45: Government | I45: LGU Pintuyan | J45: 1 | K45: Type I | L45: SND 5217 | M45: 9175676015 | N45: rhu.pintuyan@gmail.com | O45: 45978 | P45: 46752 | Q45: DOH048691 | R45: Renewal | U45: *
A46: 45 | C46: REGION 9 | D46: Zamboanga del Norte | E46: Kalawit | F46: Poblacion | G46: RURAL HEALTH UNIT OF KALAWIT | H46: Government | I46: Earl Ryan L. Espra, RMT,MD | J46: 1 | K46: Type I | L46: CS# F5 T559 | O46: 45658 | P46: 46752 | Q46: 06-045-2426-PCF-1 | R46: Still Accredited | S46: Transferred | T46: OSS with PCF | U46: *
A47: 46 | C47: REGION 9 | D47: Zamboanga del Norte | E47: Zamboanga City | F47: Brgy. Biasong | G47: DIPOLOG FIRE STATION | H47: Government | I47: FCINSP Rommel S. Carpio | J47: 1 | K47: Type I | L47: F5G065 | M47: 065-212-3222 | N47: dipologcfs@gmail.com | O47: 45561 | P47: 46387 | Q47: 14-006-2426-PCF-1 | R47: Still Accredited | T47: OSS with its PCF | U47: *
A48: 47 | C48: REGION 9 | D48: Zamboanga del Sur | E48: Molave | F48: Capistrano St., | G48: RURAL HEALTH UNIT OF MOLAVE | H48: Government | I48: Felipe F. Son Jr.,MD | J48: 1 | K48: Type I | L48: CS # D2M279 | O48: 45658 | P48: 46752 | Q48: 14-0002-2527-ASP-1 | R48: Still Accredited
A49: 48 | C49: REGION 9 | D49: Zamboanga del Sur | E49: Zamboanga City | F49: Mayor Cesar C. Climaco Ave., Barangay Zone II, District 1 | G49: ZAMBOANGA CITY FIRE DISTRICT, BFP 9 | H49: Government | I49: FSUPT Leo S. Pioquinto | J49: 2 | K49: Type I | L49: SND 6515 & SGA 2851 | M49: 062-957-3766 | N49: zcfiredistrict@gmail.com | O49: 46023 | P49: 47118 | Q49: 14-0001-2628-ASP-1 | R49: Still Accredited | U49: *
A50: 49 | C50: REGION 9 | D50: Zamboanga Sibugay | F50: Siay Municipal Health Office | G50: SIAY RURAL HEALTH UNIT | H50: Government | I50: Siay Rural Health Unit | J50: 1 | K50: Type I | L50: F4E986 | N50: rhusiay@gmail.com | O50: 45424 | P50: 46387 | Q50: DOH051944 | R50: Still Accredited | U50: *
A51: 50 | C51: REGION 10 | D51: Lanao del Norte | E51: Pantar | F51: Brgy. Campong | G51: PANTAR RURAL HEALTH UNIT | H51: Government | I51: Local Government of Pantar | J51: 1 | K51: Type I | L51: Plate No. F5I158 with CR. No. 458968112 | O51: 45465 | P51: 46387 | Q51: 03-0001-2628-ASP-1 | R51: Still Accredited | S51: N/A
A52: 51 | C52: REGION 10 | D52: Lanao del Norte | E52: Poona Piagapo | F52: Pened, Poona, Lanao del Norte | G52: RHU POONA AMBULANCE SERVICE | H52: Government | I52: LGU Poona Piagapo | J52: 1 | K52: Type I | L52: SND 1964 | M52: 9856357723 | N52: rhu.poonapiagapo@gmail.com | O52: 45590 | P52: 46387 | Q52: DOH050819 | R52: Still Accredited | S52: N/A
A53: 52 | C53: REGION 10 | D53: Lanao del Norte | F53: Barangay Poblacion, Municipality of Tangcal | G53: TANGCAL RURAL HEALTH UNIT | H53: Government | I53: Tangcal Rural Health Unit | J53: 1 | K53: Type I | L53: Plate No. F5I182 with C.R. No. 458968193 | O53: 46023 | P53: 47118 | Q53: DOH050715 | R53: Still Accredited | S53: N/A
A54: 53 | C54: REGION 10 | D54: Misamis Occidental | E54: Ozamiz City | F54: Abanil St., Aguada | G54: CITY HEALTH OFFICE OZAMIZ | H54: Government | I54: Local Government Unit of Ozamiz | J54: 1 | K54: Type I | L54: Plate No. F4K 628 with C.R. No. 432367541 | O54: 46023 | P54: 47118 | Q54: DOH050687 | R54: Still Accredited | S54: N/A
A55: 54 | C55: REGION 10 | D55: Misamis Oriental | E55: Cagayan de Oro City | F55: Mortola Hayes St., Brgy. 40 | G55: CITY HEALTH OFFICE CAGAYAN DE ORO | H55: Government | I55: City Government of Cagayan de Oro | J55: 1 | K55: Type I | L55: Conduction Sticker No. Z2 G789 with Engine No. 1GD9080905 | O55: 45951 | P55: 46752 | Q55: 03-0014-2527-ASP-1 | R55: Still Accredited | S55: N/A
A56: 55 | C56: REGION 10 | D56: Misamis Oriental | E56: Cagayan de Oro City | F56: J.V. Seriña St., Carmen, Cagayan de Oro City | G56: DOH CENTER FOR HEALTH DEVELOPMENT - NORTHERN MINDANAO | H56: Government | I56: Department of Health | J56: 1 | K56: Type I | L56: CS No. N2A 479 with CR. No. 450946215 | O56: 45798 | P56: 46752 | Q56: 03-0004-2527-ASP-1 | R56: Still Accredited | S56: N/A
A57: 56 | C57: REGION 10 | D57: Misamis Oriental | E57: Cagayan de Oro City | F57: Upper Puerto | G57: DOH-TREATMENT AND REHABILITATION CENTER CAGAYAN DE ORO CITY | H57: Government | I57: Department of Health | J57: 1 | K57: Type I | L57: Plate No. SND 5700 with Engine No. YD25094457B | O57: 45880 | P57: 46752 | Q57: DOH050778 | R57: Still Accredited | S57: N/A
A58: 57 | B58: 48687 | C58: REGION 11 | D58: Davao de Oro | E58: Nabunturan | F58: Purok 9, Poblacion Nabunturan, Davao de Oro | G58: MUNICIPAL GOVERNMENT OF NABUNTURAN | H58: Government | I58: Municipal Government of Nabunturan | J58: 1 | K58: Type I | L58: (CS) A7V191 | M58: (084)317-0005 | O58: 45292 | P58: 46387 | Q58: DOH050770 | R58: Still Accredited | S58: N/A
A59: 58 | C59: REGION 11 | D59: Davao del Norte | E59: New Corella | F59: Purok 2, Poblacion New Corella, Davao del Norte | G59: LOCAL GOVERNMENT UNIT OF NEW CORELLA | H59: Government | I59: Local Government Unit of New Corella | J59: 1 | K59: Type I | L59: MV File 1301-1906520 CS No. F5 J048 | M59: 0919 730 4579 | N59: govnewcorella@gmail.com | O59: 45559 | P59: 46387 | Q59: 03-0002-2527-ASP-1 | R59: Still Accredited | S59: N/A
A60: 59 | C60: REGION 11 | D60: Davao del Sur | E60: Davao City | F60: Daang Patnubay St., Cetral 911 Compound, Brgy. 76-A, Davao City | G60: CITY DISASTER RISK REDUCTION AND MANAGEMENT OFFICE-CENTRAL 911 | H60: Government | I60: CITY GOVERNMENT OF DAVAO | J60: 8 | K60: Type I | L60: MV FILE NO. 1101-0000888615 MV FILE NO. 1101-0000888628 MV FILE NO. 1101-0000888620 MV FILE NO. 1101-0000888623 MV FILE NO. 1101-0000888626 MV FILE NO. 1101-0000880480 MV FILE NO. 1101-0000875869 PLATE NO. LCU 9514 | M60: 285-8984 | N60: cddrmo@davaocity.gov.ph 911@davaocity.gov.ph | O60: 45716 | P60: 46752 | Q60: 05-0002-2527-ASP-1 | R60: Renewal
A61: 60 | C61: REGION 11 | D61: Davao del Sur | E61: Davao City | F61: Magallanes St., 39-D Poblacion, Davao City | G61: CITY GOVERNMENT OF DAVAO | H61: Government | I61: CITY GOVERNMENT OF DAVAO | J61: 15 | K61: Type I | L61: AUG 1, 2024-DEC 31, 2026 1. F4D-471-0301-00001336721 2. F4D-493-0301-00001334727 3. F4D-101-1301-00001336732 4. F4D-495-1301-00001336724 5. F4E-475-1301-00001333621 6. F4E-518-1301-00001333621 7. F4K-332-1101-00001178296 | M61: 0945 544 7467 | N61: cho.licensing@gmail.com | O61: 45505 | P61: 46387 | Q61: DOH048670 | R61: Renewal | T61: with submitted Form 2 for the deletion of ASP
A62: 61 | C62: REGION 11 | D62: Davao del Sur | E62: Davao City | F62: Magallanes St., 39-D Poblacion, Davao City | G62: CITY GOVERNMENT OF DAVAO | H62: Government | I62: CITY GOVERNMENT OF DAVAO | J62: 15 | K62: Type I | L62: NOV 7.2024-DEC 31, 2026 8. MV FILE NO. 1101-00001178303 9. MV FILE NO. 1101-00001178300 10. FILE NO. 0201-00001336725 11. FILE NO. 0301-00001344440 12. FILE NO. 0301-00001336728 | M62: 0945 544 7467 | N62: cho.licensing@gmail.com | O62: 45603 | P62: 46387 | Q62: DOH048679 | R62: Renewal
A63: 62 | C63: REGION 11 | D63: Davao del Sur | E63: Davao City | F63: Magallanes St., 39-D Poblacion, Davao City | G63: CITY GOVERNMENT OF DAVAO | H63: Government | I63: CITY GOVERNMENT OF DAVAO | J63: 15 | K63: Type I | L63: FEB 11, 2025 - 31 DEC 2027 13. FILE NO. 0301-00001333616 14. FILE NO. 0301-00001336722 15. FILE NO. 0301-00001333627 | M63: 0945 544 7467 | N63: cho.licensing@gmail.com | O63: 45699 | P63: 46752 | Q63: 08-004-2426-ASP-1 | R63: New Faciliy
A64: 63 | C64: REGION 11 | D64: Davao Occidental | E64: Lupon | F64: Purok Pag-asa, Bagumbayan, Lupon, Davao Oriental | G64: LGU LUPON | H64: Government | I64: LGU LUPON | J64: 1 | K64: Type I | L64: NU 350 Plate No. 130110 | M64: (087) 808-3050 0939 819 5404 | N64: 1mholupon@gmail.com | O64: 45506 | P64: 46387 | Q64: 08-013-2628-ASP-1 | R64: New Faciliy
A65: 64 | B65: 48686 | C65: REGION 11 | D65: Davao Oriental | E65: Mati City | F65: Madang, Brgy. Central, District II, Mati City, Davao Oriental | G65: CITY HEALTH OFFICE - MATI CITY | H65: Government | I65: Mati City Health Office | J65: 1 | K65: Type I | L65: F3 W185 | M65: 0963-594-9952 / 0921-676-2469 | O65: 45658 | P65: 46752 | Q65: 08-008-2527-ASP-1 | R65: New Faciliy
A66: 65 | C66: REGION 12 | D66: Sarangani | E66: Alabel | F66: Kawas | G66: SOCCSKSARGEN Drug Abuse Treatment and Rehabilitation Center | H66: Government | I66: DOH SOCCSKSARGEN DATRC / IMELDA K. QUIÑONES, MD, MAHA, FPSMSG | J66: 1 | K66: Type I | L66: F5 P150/ CR NO.46688198-4 | M66: 9152117565 | N66: soccsksargen.datrc@gmail.com | O66: 02/10//2025 | P66: 46752 | Q66: 08-005-2527-ASP-1 | R66: New Faciliy
A67: 66 | C67: REGION 13 | D67: Agusan del Norte | E67: Butuan City | F67: BMC Compound, Brgy. Tinivisan | G67: CITY HEALTH DEPARTMENT | H67: Government | I67: City Goverment of Butuan | J67: 3 | K67: Type I | L67: CB488A, JJ814A, F4H409 | M67: (085)806-3731 09163108663 | N67: chd@butuan.gov.ph | O67: 45681 | P67: 46752 | Q67: 08-014-2628-ASP-1 | R67: New Faciliy
A68: 67 | C68: REGION 13 | D68: Surigao del Norte | E68: Burgos | F68: Pobalcion 2, Burgos | G68: RURAL HEALTH UNIT - BURGOS | H68: Government | I68: RHU- Burgos | J68: 1 | K68: Type I | L68: SNN1676 | M68: 9951185859 | N68: rhuburgossdn@gmail.com | O68: 45826 | P68: 46752 | Q68: 08-009-2527-ASP-1 | R68: New Faciliy | U68: *
A69: 68 | C69: REGION 13 | D69: Surigao del Norte | E69: Del Carmen | F69: Purok 4, Del Carmen (Pob.) | G69: RURAL HEALTH UNIT - DEL CARMEN | H69: Government | I69: LGU-Del Carmen | J69: 2 | K69: Type I | L69: SN1678, SNN 1679 | O69: 45775 | P69: 46752 | Q69: 08-006-2527-ASP-1 | R69: New Faciliy | U69: *
A70: 69 | C70: REGION 13 | D70: Surigao del Norte | E70: General Luna | F70: Boulevard Poblacion, General. Luna, surigao del Norte | G70: RHU GENERAL LUNA | H70: Government | I70: RHU GENERAL LUNA | J70: 2 | K70: Type I | L70: 1.Plate # CB465A CRN 0049863954 2.Plate # F6W519 CRN 48363106-1 | N70: genlunarhu@gmail.com | O70: 45661 | P70: 46752 | Q70: 08-007-2527-ASP-1 | R70: New Faciliy | U70: *
A71: 70 | C71: REGION 13 | D71: Surigao del Norte | E71: Pilar | F71: Brgy. Pilaring, Pilar, Surigao del Norte | G71: RURAL HEALTH UNIT PILAR | H71: Government | I71: RURAL HEALTH UNIT PILAR | J71: 2 | K71: Type I | L71: Plate no. JJ 766A CRN 006205182 Plate no. CB549A CRN 4836105-0 | M71: 9985390970 | N71: lgupilar_siargaoislands@yahoo.com | O71: 45588 | P71: 46387 | Q71: 08-003-2426-ASP-1 | R71: New Faciliy
A72: 71 | C72: REGION 13 | D72: Surigao del Norte | E72: San Isidro | F72: Purok 5, Brgy. Del Carmen, San Isidro | G72: RURAL HEALTH UNIT - SAN ISIDRO | H72: Government | I72: RHU - San Isidro | J72: 1 | K72: Type I | L72: SNN 1677 | M72: 9951178814 | N72: rhusanisidrosiargao@gmail.com | O72: 45884 | P72: 46752 | Q72: 08-010-2527-ASP-1 | R72: New Faciliy
A73: 72 | C73: NCR | D73: Metro Manila | E73: Makati City | F73: 2nd Floor Legaspi Towers 200, Paseo de Roxas, San Lorenzo, Makati City | G73: GAMES AND AMUSEMENTS BOARD - MAKATI CITY | H73: Government | I73: Games and Amusement Board | J73: 1 | K73: Type I | L73: Plate No. F4K252, CR No. 455544036 | M73: 0998-5844-569 / 8812-1505 | N73: medical@gab.gov.ph | O73: 46023 | P73: 47118 | Q73: DOH050621 | R73: New Faciliy | U73: *
A74: 73 | B74: 48688 | C74: NCR | D74: Metro Manila | E74: Makati City | F74: 7/F Makati City Hall Building I, JP Rizal St., Poblacion, Makati City | G74: MAKATI HEALTH DEPARTMENT | H74: Government | I74: City Government of Makati | J74: 1 | K74: Type I | L74: K1T925 | M74: 8870-7605 - 88701607 | N74: health@makati.gov.ph | O74: 45658 | P74: 46752 | Q74: 01-0003-2527-ASP-1 | R74: Renewal
A75: 74 | B75: DOH000000000054577 | C75: NCR | D75: Metro Manila | E75: Parañaque City | F75: SAN ANTONIO VALLEY 1, BRGY. SAN ANTONIO, PARAÑAQUE CITY | G75: PARAÑAQUE HEALTH EMERGENCY MANAGEMENT SERVICE | H75: Government | I75: Parañaque LGU | J75: 2 | K75: Type II | L75: Plate No. SND2091, Plate No. SND2078 | M75: 09298777779 / 8826-8195 | N75: pquehems@gmail.com | O75: 45937 | P75: 46752 | Q75: 01-0006-2527-ASP-1 | R75: New Faciliy
A76: 75 | C76: NCR | D76: Metro Manila | E76: Taguig City | F76: 375 Manuel L. Quezon St. Brgy. Lower Bicutan, Taguig City | G76: DOCTORS ON CALL - EMERGENCY MEDICAL SERVICES (DOC-EMS) | H76: Government | I76: City Government of Taguig | J76: 1 | K76: Type I | L76: Plate No.SND2647 CR No. 47097669 | M76: 02-855-7500 | N76: doctoroncallems@gmail.com / cho@taguig.gov.ph | O76: 46086 | P76: 47118 | Q76: 01-0004-2527-ASP-1 | R76: Existing with Changes
A77: 76 | B77: 48691 | C77: NCR | D77: Metro Manila | E77: Valenzuela City | F77: Valenzuela City Hall Complex, KARUHATAN, CITY OF VALENZUELA, NCR, THIRD DISTRICT | G77: VALENZUELA CITY HEALTH OFFICE | H77: Government | I77: City Government of Valenzuela | J77: 1 | K77: Type I | L77: VO 5810 | M77: (02) 8352 1000 | N77: jmexcondejr@valenzuela.gov.ph | O77: 45292 | P77: 46387 | Q77: 02-05-2527-ASP-1 | R77: Still Accredited | U77: *
A78: 77 | C78: NIR | D78: Negros Occidental | E78: Talisay City | F78: Brgy. Zone 4-A Talisay, Negros Occidental | G78: TALISAY CITY PRIMARY CARE FACILITY | H78: Government | I78: Government of Talisay City, Negros Occidental | J78: 1 | K78: Type I | L78: Conduction Sticker -A6N056 | M78: 495-4985 | N78: talisaycho@yahoo.com | O78: 45646 | P78: 46387 | Q78: 02-01-2426-ASP-1 | R78: Still Accredited | U78: *
A79: 78 | B79: 50469 | C79: CORDILLERA | D79: Abra | E79: Daguioman | F79: Poblacion Tui, Daguioman, Abra | G79: DAGUIOMAN RURAL HEALTH UNIT | H79: Government | I79: Local Government Unit of Daguioman | J79: 1 | K79: Type I | L79: F5J 871 | M79: 9278039131 | N79: daguiomanabra@gmail.com | O79: 45631 | P79: 46387 | Q79: 01-0005-2527-ASP-1 | R79: New Faciliy | U79: *
A80: 79 | C80: CORDILLERA | D80: Apayao | E80: Luna | F80: San Isidro Sur, Luna, Apayao | G80: PROVINCIAL HEALTH OFFICE OF APAYAO | H80: Government | I80: Provincial Local Government of Apayao | J80: 1 | K80: Type I | L80: SOZ 738 | N80: phoapayao@gmail.com | O80: 45805 | P80: 46752 | Q80: 01-0002-2527-ASP-1 | R80: Renewal | U80: *
A81: 80 | B81: 50169 | C81: CORDILLERA | D81: Benguet | E81: Baguio City | F81: Central Fire Station Abanao Extension, Benguet, Baguio City | G81: BAGUIO CITY EMERGENCY MEDICAL SERVICES | H81: Government | I81: LGU | J81: 1 | K81: Type I | L81: 13109,F4H 491 | M81: 9055551911 | N81: baguiocityems@gmail.com | O81: 46023 | P81: 47118 | Q81: DOH048582 | R81: Renewal | U81: *
A82: 81 | B82: 51944 | C82: CORDILLERA | D82: Benguet | E82: Baguio City | F82: BGHMC Compound, Kennon Rd., Baguio City | G82: DEPARTMENT OF HEALTH CORDILLERA CENTER FOR HEALTH DEVELOPMENT | H82: Government | I82: Cordillera Administrative Region Center for Health Development | J82: 1 | K82: Type I | L82: N2 A475 | M82: 074-4428098/09209382585 | N82: chdcarhems@yahoo.com | O82: 45611 | P82: 46387 | Q82: 01-0001-2527-ASP-1 | R82: Renewal | U82: *

Sheet Private
A1: # | B1: NHFR CODE | C1: REGION | D1: PROVINCE | E1: CITY/ MUNICIPALITY | F1: BLDG OR HOUSE NO., STREET, BRGY (as applicable) | G1: NAME OF AMBULANCE SERVICE PROVIDER | H1: OWNERSHIP | I1: OWNER/ HEAD OF FACILITY | J1: NO. OF UNITS | K1: TYPE | L1: PLATE NO./ CONDUCTION STICKER | M1: CONTACT NOS. | N1: EMAIL ADDRESS | O1: VALIDITY FROM | P1: VALIDITY UNTIL | Q1: LICENSED NO. | R1: APPLICATION STATUS | S1: APPLICATION STATUS (IF WITH CHANGES) | T1: REMARKS | U1: Reference used by DMU
A2: 1 | C2: REGION 3 | D2: Bataan | E2: Balanga City | F2: Capitol Compound, San Jose, Balanga City, Bataan | G2: PHILIPPINE RED CROSS - BATAAN CHAPTER | H2: Private | I2: Philippine Red Cross - Bataan Chapter | J2: 1 | K2: Type I | L2: WII 832 | M2: 0967-210-6103 | N2: bataan@redcross.org.ph | O2: 45735 | P2: 46752 | Q2: 13-0005-2527-ASP-2 | R2: New Faciliy
A3: 2 | C3: REGION 3 | D3: Nueva Ecija | E3: Cabanatuan City | F3: Rosita Building, Papaya Road, Mabini Homesite, Cabanatuan City, Nueva Ecija | G3: MED 1 AMBULANCE SERVICES INC. | H3: Private | I3: Noel Gonzales | J3: 1 | K3: Type II | L3: CCA 3765 | M3: 0905-327-0088 | N3: med1ambulancetransport@gmail.com | O3: 45737 | P3: 46752 | Q3: 13-0006-2527-ASP-2 | R3: New Faciliy
A4: 3 | C4: REGION 3 | D4: Nueva Ecija | E4: Cabanatuan City | F4: Old Capitol Building, Llanera St., Quezon, Cabanatuan City, Nueva Ecija | G4: PHILIPPINE RED CROSS - NUEVA ECIJA CHAPTER | H4: Private | I4: Philippine Red Cross - Nueva Ecija Chapter | J4: 1 | K4: Type I | L4: ZTT 729 | M4: 0943-523-8878 | N4: nueva.ecija@redcross.org.ph | O4: 45770 | P4: 46752 | Q4: 13-0007-2527-ASP-2 | R4: New Faciliy
A5: 4 | B5: 49021 | C5: REGION 3 | D5: Pampanga | E5: Angeles City | F5: 111 Rivera Avenue, Marisol Village Barangay Ninoy Aquino, Angeles City, Pampanga | G5: PROMPT AMBULANCE AND HEALTH SERVICES CORPORATION | H5: Private | I5: Prompt Ambulance and Health Services Corporation | J5: 2 | K5: Type I | L5: NEX 7329, NDZ 8064 | M5: (045) 436-7392 | N5: promptambulanceservice@yahoo.com | O5: 45658 | P5: 46752 | Q5: 13-0001-2628-ASP-2 | R5: Renewal
A6: 5 | B6: 49022 | C6: REGION 3 | D6: Pampanga | E6: San Fernando City | F6: Manila North Road, Baliti, City of San Fernando, Pampanga | G6: ITALIAN - THAI DEVELOPMENT PUBLIC COMPANY LIMITED | H6: Private | I6: Italian - Thai Development Public Company Limited | J6: 1 | K6: Type I | L6: NEW 6362 | M6: 0917-121-6216 | N6: joshuaelmer_dungca@yahoo.com | O6: 45292 | P6: 46387 | Q6: 13-0002-2628-ASP-2 | R6: Renewal
A7: 6 | C7: REGION 3 | D7: Tarlac | E7: Tarlac City | F7: Capitol Site, San Vicente, Tarlac City, Tarlac | G7: PHILIPPINE RED CROSS - TARLAC CHAPTER | H7: Private | I7: Philippine Red Cross - Tarlac Chapter | J7: 1 | K7: Type I | L7: NDH 6075 | M7: 0917-819-2312 | N7: tarlac@redcross.org.ph | O7: 45855 | P7: 46752 | Q7: 13-0003-2628-ASP-2 | R7: Renewal
A8: 7 | C8: REGION 3 | D8: Zambales | E8: Olongapo City | F8: #39 Magsaysay Drive, East Tapinac, Olongapo City, Zambales | G8: PHILIPPINE RED CROSS - OLONGAPO CHAPTER | H8: Private | I8: Philippine Red Cross - Olongapo Chapter | J8: 3 | K8: Type I | L8: ABD 2943 NER 7045 DAP 7104 | M8: 0917-889-2733 | N8: olongapo@redcross.org.ph | O8: 45867 | P8: 46752 | Q8: 13-0004-2628-ASP-2 | R8: Renewal
A9: 8 | B9: 49027 | C9: REGION 4-A | D9: Batangas | E9: Batac | F9: P. Panganiban St.,, BATANGAS CITY, BATANGAS | G9: SAVING PEOPLE'S HEALTH MULTI-PURPOSE COOPERATIVE | H9: Private | I9: SAVING PEOPLE'S HEALTH MULTI-PURPOSE COOPERATIVE | J9: 1 | K9: Type II | L9: ZGV892 | M9: (043) 723 8387/7232167 | N9: sphmc_coop@yahoo.com | O9: 45292 | P9: 46387 | Q9: 13-0006-2628-ASP-2 | R9: Renewal
A10: 9 | B10: 49025 | C10: REGION 4-A | D10: Batangas | E10: Batangas City | F10: Calansing, Simlong, Batangas City, Batangas | G10: ESYY TRANSPORT SERVICES | H10: Private | I10: Socorro A. Bas | J10: 1 | K10: Type I | L10: IOG 155 | M10: 0967-829-3533 / (043) 781-3885 | N10: esyy.ph@gmail.com | O10: 45658 | P10: 46752 | Q10: 13-0007-2628-ASP-2 | R10: Renewal
A11: 10 | B11: 51456 | C11: REGION 4-A | D11: Batangas | E11: Lipa City | F11: DP. Laygo St., Sabang, Lipa City, Batangas | G11: PHILIPPINE RED CROSS BATANGAS CHAPTER – LIPA CITY BRANCH EMS STATION | H11: Private | I11: Philippine Red Cross | J11: 1 | K11: Type I | L11: NIE472 | M11: 043-7400768/09980570443/09171800459 | N11: sslipa.redcrossbatangas@gmail.com | O11: 45512 | P11: 46387 | Q11: 13-0008-2628-ASP-2 | R11: Renewal
A12: 11 | B12: 49026 | C12: REGION 4-A | D12: Cavite | E12: Dasmariñas City | F12: Block 1 Lot 4 Fatima, CITY OF DASMARIÑAS, CAVITE | G12: BIO-AID DIAGNOSTIC CENTER | H12: Private | I12: CNN Healthcare Management Inc. | J12: 1 | K12: Type II | L12: TIB324 | M12: (046) 851 0703/8511453 | N12: codojr.ccnhealthcare@gmail.com | O12: 45292 | P12: 46387 | Q12: 13-0009-2628-ASP-2 | R12: New Faciliy
A13: 12 | C13: REGION 4-A | D13: Cavite | E13: Dasmariñas City | F13: 218 San Jose, Dasmariñas, Cavite | G13: Datastat Emergency & Safety Training Consultancy Services | H13: Private | I13: Catherine M. Tapawan | J13: 1 | K13: Type I | L13: AOA 4809 | M13: 9989919950 | N13: med1sanitater@gmail.com | O13: 45705 | P13: 46752 | Q13: 13-0010-2628-ASP-2 | R13: Renewal
A14: 13 | B14: 49030 | C14: REGION 4-A | D14: Rizal | E14: Antipolo City | F14: L-8 B-B Don Pedro St. Villa Cecilia Subd. Mambugan, Antipolo City, Rizal | G14: ER MED AMBULANCE SERVICES | H14: Private | I14: Mr. Jefferson D. Sernande | J14: 2 | K14: Type II | L14: FOY 444 NED 2593 | M14: 0915-132-4861 | N14: er.med@yahoo.com | O14: 45658 | P14: 46752 | Q14: 14-0001-2527-ASP-2 | R14: Still Accredited | V14: 79
A15: 14 | B15: 54452 | C15: REGION 5 | D15: Camarines Sur | E15: Naga City | F15: Sardonyx St., Villa Grande Homes Subd., Concepcion Grande, Naga City, Camarines Sur | G15: JHJA TRANSPORT SERVICES | H15: Private | I15: Juven C. Peñaflorida, RMT | J15: 1 | K15: Type I | L15: XHG581/13949670-0 | M15: 9632006786 | N15: st.johnhosp72_naga_4400@yahoo.com | O15: 45658 | P15: 46752 | Q15: DOH049053 | R15: Renewal | V15: 82
A16: 15 | C16: REGION 6 | D16: Iloilo | E16: Iloilo City | F16: 45 GUZMAN STREET BRGY. GUZMAN -JESENA | G16: LIFEBEAT AMBULANCE SEVICE PROVIDER | H16: Private | I16: Frankie Nolasco Famillaran | J16: 1 | K16: Type I | L16: FAF4123 | M16: 9672704084 | N16: lifebeambulanceservices@gmail.com | O16: 45824 | P16: 46752 | Q16: DOH049054 | R16: Renewal | V16: 83
A17: 16 | C17: REGION 6 | D17: Iloilo | E17: Iloilo City | F17: 2ND FLOOR, B LIFESTYLE COMPLEX, DIVERSION RD., CUARTERO, JARO, ILOILO CITY | G17: RONINEMS CORPORATION | H17: Private | I17: Dr. Hyacinth Sillo | J17: 1 | K17: Type I | L17: FAP6752 | M17: 9493999111 | N17: roninems2024@gmail.com | O17: 45483 | P17: 46387 | Q17: DOH049052 | R17: Renewal
A18: 17 | B18: 49031 | C18: REGION 7 | D18: Cebu | E18: Cebu City | F18: CMS Compound Governor Cuenco Avenue, Banilad , Cebu City | G18: EMERGENCY RESCUE UNIT FOUNDATION PHIL. INC. | H18: Private | I18: Emergency Rescue Unit Foundation, Phil. Inc. | J18: 4 | K18: Type II | L18: GAC 5538. GAM 5089, GAC 5537, GAC 5539 | M18: (63) (32) 233-9300 | N18: connect@eruf161.com.ph | O18: 45292 | P18: 46387 | Q18: DOH044545 | R18: New Faciliy
A19: 18 | C19: REGION 9 | D19: Zamboanga del Sur | E19: Zamboanga City | F19: Mayor Jaldon St. | G19: ALS LIFE SUPPORT | H19: Private | I19: Rioklyn P. Toledo | J19: 2 | K19: Type I | L19: NAR 2129/ NGT 6334 | M19: 9171260520 | N19: alszamboinc@gmail.com | O19: 45609 | P19: 46387 | Q19: DOH054730 | R19: New Faciliy
A20: 19 | B20: 51439 | C20: REGION 10 | D20: Lanao del Norte | E20: Cagayan de Oro City | F20: Brgy. Libertad, Kauswagan, Lanao del Norte | G20: GNPOWER KAUSWAGAN LTD. CO. | H20: Private | I20: Gnpower Kauswagan Ltd. Co. | J20: 1 | K20: Type I | L20: KAR3385 | M20: 063-8339040/09178355613 | N20: eden.yurong@gnpk.com.ph | O20: 45481 | P20: 46387 | Q20: DOH052049 | R20: New Faciliy
A21: 20 | B21: 49033 | C21: REGION 11 | D21: Davao del Sur | E21: Davao City | F21: Amya Building, Quimpo Boulevard Cor. Tulip Drive, Ecoland, Davao City | G21: ECOLAND MEDICAL AND WELLNESS CENTER, INC. | H21: Private | I21: Ecoland Medical and Wellness Center, Inc. | J21: 1 | K21: Type I | L21: MAU 5157 | M21: (082) 2241883 | N21: ecomedhospital@gmail.com | O21: 45316 | P21: 46752 | Q21: DOH049043 | R21: New Faciliy
A22: 21 | B22: 49032 | C22: REGION 11 | D22: Davao del Sur | E22: Davao City | F22: Door 7 & 8, SPK Building, Km. 7, Lanang, Vicente Hizon Sr., Davao City, Davao del Sur | G22: PROHEALTH EMS | H22: Private | I22: Prohealth EMS | J22: 1 | K22: Type II | L22: LAG 9501 | M22: 0923 083 9803 | N22: info.prohealthsolutions@gmail.com | O22: 45777 | P22: 46752 | Q22: 13-0001-2426-ASP-2 | R22: New Faciliy
A23: 22 | C23: REGION 11 | D23: Davao Occidental | E23: Malita | F23: Sitio Inaburan, Brgy. Culaman, Municipality of Malita Davao | G23: SAN MIGUEL CONSOLIDATED POWER CORPORATION | H23: Private | J23: 1 | K23: Type I | L23: NCQ 2711 | M23: 9381734516 | N23: kdeloso@smcgph.sanmiguel.com.ph | O23: 46023 | P23: 47118 | Q23: 13-0003-2426-ASP-2 | R23: New Faciliy
A24: 23 | C24: REGION 12 | D24: South Cotabato | E24: Lake Sebu | F24: Kibang, Brgy. Ned | G24: DELTA EARTHMOVING, INC. | H24: Private | I24: Ronald M. Manalac | J24: 1 | K24: Type I | L24: NIP 5428/1301-17350 | O24: 45483 | P24: 46752 | Q24: 13-0004-2527-ASP-2 | R24: New Faciliy
A25: 24 | C25: NCR | D25: Metro Manila | E25: Makati City | F25: 1-C Moonlite St., Brgy. Singkamas, Makati City | G25: AMBULANCE SERVICE CODEBLUE EMERGENCY | H25: Private | I25: Julian Enrique | J25: 1 | K25: Type II | L25: NEU4046 | M25: 0966-597-7754 | N25: codeblueems08@gmail.com | O25: 45916 | P25: 46752 | Q25: 03-0011-2527-ASP-2 | R25: Still Accredited | S25: N/A
A26: 25 | B26: 49042 | C26: NCR | D26: Metro Manila | E26: Makati City | F26: 25D Zeta II Bldg. 191, Salcedo St, Legaspi Village, CITY OF MAKATI, NCR, FOURTH DISTRICT | G26: ARGONIX MEDICAL CORPORATION | H26: Private | I26: ARGONIX MEDICAL CORPORATION | J26: 2 | K26: Type II | L26: NBW 1961, NBR 5741 | M26: (02) 8373 7377 / 0925-734-8476 | N26: argonixph@gmail.com | O26: 45292 | P26: 46387 | Q26: DOH049027 | R26: Renewal | U26: *
A27: 26 | C27: NCR | D27: Metro Manila | E27: Makati City | F27: 2260 Chino Roces Ext. Brgy. Magallanes, Makati | G27: LEIGHTON FIRST BALFOUR JOINT VENTURE | H27: Private | I27: Paul Hedley | J27: 1 | K27: Type I | L27: Plate No. CCD7644 CR No. 84323381 | M27: 0916-775-1797 | N27: maria.vito@lfbjv.com.ph | O27: 46023 | P27: 47118 | Q27: 4A-0002-2527-ASP-2 | R27: Renewal | U27: *
A28: 27 | C28: NCR | D28: Metro Manila | E28: Mandaluyong City | F28: No. 6 ADB Avenue, Wack-wack, Mandaluyong City | G28: ASIAN DEVELOPMENT BANK | H28: Private | I28: ASIAN DEVELOPMENT BANK | J28: 1 | K28: Type II | L28: Plate No. 205-0114, CR No. 463251526 | M28: 86322-4444 | N28: adusdiisariyavong@dba.org | O28: 46023 | P28: 47118 | Q28: DOH051456 | R28: New Faciliy | U28: *
A29: 28 | B29: DOH000000000050173 | C29: NCR | D29: Metro Manila | E29: Mandaluyong City | F29: Williams St., Cor Mayflower St., Highway Hills, Greenfield District, Mandaluyong City | G29: HEALTH DELIVERY SYSTEM INC. | H29: Private | I29: Health Delivery System Inc. | J29: 2 | K29: Type I | L29: PLATE NO. NCQ3713, CR No. 029052187 / PLATE NO. NKF 7750, CR NO. 0099004956 | M29: 9994224601 | N29: eric.elumbaring@healthfirst.com.ph | O29: 46023 | P29: 47118 | Q29: DOH049026 | R29: Renewal | U29: *
A30: 29 | C30: NCR | D30: Metro Manila | E30: Mandaluyong City | F30: Unit 207 Building F, Banahaw Medium Rise Condominium, Banahaw Street, Brgy. Highway Hills, Mandaluyong City | G30: MEDIXTOGO AMBULANCE SERVICE | H30: Private | I30: Dr. Joel B. Santos | J30: 1 | K30: Type II | L30: Plate No.. NHB4706 CR NO. 046217973-4 | M30: 9175115386 | N30: medixtogo@gmail.com | O30: 46023 | P30: 47118 | Q30: 4A-0003-2527-ASP-2 | R30: New Faciliy | U30: *
A31: 30 | B31: 49028 | C31: NCR | D31: Metro Manila | E31: Mandaluyong City | F31: 37 EDSA cor. Boni Ave., Brgy. Ilaya, Mandaluyong City | G31: PHILIPPINE RED CROSS - NATIONAL HEADQUARTERS | H31: Private | I31: Philippine Red Cross | J31: 5 | K31: Type I | L31: NIF 6637/DBF 2871/DBF 2874/DBF 2873 & DBF 2894 | M31: 9178068518 | N31: prc.ems@redcross.org.ph | O31: 45664 | P31: 46387 | Q31: DOH049050 | R31: Existing with Changes
A32: 31 | B32: 49039 | C32: NCR | D32: Metro Manila | E32: Manila | F32: 10 Granada St., Brgy. Gulod, Quezon City, Metro Manila | G32: AMBUCARE EMS SOLUTIONS | H32: Private | I32: Mr. Ryan N. Tizon | J32: 1 | K32: Type II | L32: PVO 421 | M32: 0999-8829-586 | N32: ambucare_ems@yahoo.com | O32: 45292 | P32: 46387 | Q32: 4A-0001-2527-ASP-2 | R32: Renewal | U32: *
A33: 32 | B33: DOH000000000050266 | C33: NCR | D33: Metro Manila | E33: Manila | F33: 540 ANTIPOLO ST., BRGY. 148, TONDO, MANILA | G33: ARCHERS AMBULANCE SERVICE | H33: Private | I33: Mr. Kevin E. Concepcion | J33: 1 | K33: Type II | L33: NFW7687 | M33: 09177988870 / 090228798716 | N33: archerambulance@gmail.com | O33: 46023 | P33: 47118 | Q33: 05-0001-2527-ASP-2 | R33: Still Accredited | U33: *
A34: 33 | C34: NCR | D34: Metro Manila | E34: Manila | F34: 1232 JUANING ST., 471, 1ST DISTRICT, SAMPALOC, MANILA | G34: FIL-AM RESCUE EQUIPMENT TRADING | H34: Private | I34: BEVERLY JOHN F. PARAYNO | J34: 1 | K34: Type II | L34: WSR629 | M34: 0995-9741-161 | N34: filamems@gmail.com | O34: 45855 | P34: 46752 | Q34: 06-0001-2426-ASP-2 | R34: New Faciliy | S34: N/A
A35: 34 | B35: 49041 | C35: NCR | D35: Metro Manila | E35: Manila | F35: #123 Juaning Street Sampaloc, Manila | G35: FILAM RESCUE VOLUNTEERS INC. | H35: Private | I35: Filam Rescue Volunteers Inc. | J35: 1 | K35: Type I | L35: WGD 808 | M35: 0995-974-1161 | N35: filamrescuevolunteer@gmail.com | O35: 45292 | P35: 46387 | Q35: 06-0001-2527-ASP-2 | R35: New Faciliy | S35: N/A
A36: 35 | C36: NCR | D36: Metro Manila | E36: Manila | F36: 1849 DAGUPAN COR. BALAYA ST., TONDO, BRGY. 54, MANILA | G36: PRIMECARE AMBULANCE SERVICE | H36: Private | I36: JEFFREY D. DATUIN | J36: 1 | K36: Type II | L36: Plate No. NEO 5969, CS No. 366347704 | M36: 0917-1151882 | N36: rwjcorrugating@gmail.com | O36: 46038 | P36: 47118 | Q36: DOH049031 | R36: Still Accredited | U36: *
A37: 36 | C37: NCR | D37: Metro Manila | E37: Manila | F37: 6th Floor Vertex One Felix Huertas Road, Sta. Cruz, Manila | G37: PT ADHI KARYA (PERSERO) TBK | H37: Private | I37: PT ADHI KARYA (PERSERO) TBK | J37: 1 | K37: Type I | L37: NIO3504 | M37: 0928-306-5960 | N37: ujang.ramdam@adhi.co.id | O37: 45775 | P37: 46752 | Q37: 09-0003-2426-ASP-2 | R37: Still Accredited | V37: 50 | W37: 61
A38: 37 | B38: 49047 | C38: NCR | D38: Metro Manila | E38: Manila | F38: 500 Santol St., Sta. Mesa, CITY OF MANILA, NCR, CITY OF MANILA, FIRST DISTRICT | G38: TRANSCARE EMERGENCY MEDICAL SERVICES | H38: Private | I38: TRANSCARE EMERGENCY MEDICAL SERVICES | J38: 2 | K38: Type II | L38: UQM 891 AAB 2697 | M38: 0928 389 0790 / 0936-923-2149 | N38: transcareemergencyservices@gmail.com | O38: 45292 | P38: 46387 | Q38: DOH051439 | R38: New Faciliy | U38: *
A39: 38 | B39: 49040 | C39: NCR | D39: Metro Manila | E39: Marikina City | F39: 756 Instruccion Street, Sampaloc, Manila, CITY OF MANILA, NCR, CITY OF MANILA, FIRST DISTRICT | G39: ACE COR MEDICAL SERVICES | H39: Private | I39: ACE COR MEDICAL SERVICES | J39: 6 | K39: Type II | L39: NBK 2140, NAD 2378, NCG 5936, NAA8988, NEJ3042, NEJ6549 | M39: 0917-506-2280 | N39: acecorambulance@yahoo.com | O39: 45292 | P39: 46387 | Q39: 11-02-2527-PCF-2 | R39: Renewal | S39: N/A
A40: 39 | C40: NCR | D40: Metro Manila | E40: Muntinlupa City | F40: Meralco Road, Sucat, Muntinlupa, 2nd District Muntinlupa | G40: PT ADHI KARYA (PERSERO) TBK - PHILIPPINE BRANCH | H40: Private | I40: PT ADHI KARYA (PERSERO) TBK - PHILIPPINE BRANCH | J40: 1 | K40: Type I | L40: NBR4229 | M40: 8525-4971 | N40: scrp.cps03c@adhiptppjv.com | O40: 45783 | P40: 46752 | Q40: 11-002-2527-ASP-2 | R40: New Faciliy | S40: N/A
A41: 40 | C41: NCR | D41: Metro Manila | E41: Parañaque City | F41: #10 Millennium Bldg., MIA Rd., Brgy. Tambo, Parañaque City | G41: ALS LIFE SUPPORT SERVICES INC. | H41: Private | I41: ALS LIFE SUPPORT SERVICES INC. | J41: 2 | K41: Type II | L41: GAJ1014, YHR911 | M41: 0917-769-5222 / 87093146 | N41: capttoledo@gmail.com | O41: 45636 | P41: 46387 | Q41: 11-03-2628-ASP-2 | R41: Renewal | S41: N/A
A42: 41 | C42: NCR | D42: Metro Manila | E42: Parañaque City | F42: Valgosons Bldg. 8484 East Service Road, Km.18, Sucat, Parañaque City | G42: LIFELINE16911 MEDICAL INC. | H42: Private | I42: Michael H. Deakin | J42: 16 | K42: Type II | L42: NCZ8610 - CR No. 215185736/ Plate No. ACS9251 - CR No. 210600515 / Plate No. ACS8150 - CR No. 210594753 / Plate No. NAG9241 - CR No. 302246103 / Plate No. AAD8868 - CR No. 229188374 / Plate No. NAF8733 - CR No. 272562253 / Plate No. NCM9280 - CR No. 303456263 / Plate No. GAE8963 - CR No. 277219482 / Plate No. NEH4779 - CR No. 35615789-6/ Plate No. NEH4780 - CR No. 35615788-5 / Plate No. YKF292 - CR No. 254981134 / CS No. 70103 - MV File No. 0701-00000649529 - CR No. 277219504 / Plate No. GAJ1010 – CR No. 335555566 / Plate No. NGN8584 – CR No. 42915599-6 / Plate No. GAE8961 – CR No. 277562253 / Plate No. CCA3331 – CR No. 022559924 | M42: 0917-5416-911 / 8839-2525 | N42: michaeldeakin@gmail.com | O42: 46023 | P42: 47118 | Q42: 12-001-2427-ASP-2 | R42: New Faciliy
A43: 42 | B43: 49044 | C43: NCR | D43: Metro Manila | E43: Pasig City | F43: Meralco Center, Ortigas Ave., Ugong, Pasig City, Metro Manila | G43: MANILA ELECTRIC COMPANY | H43: Private | I43: Manila Electric Company | J43: 2 | K43: Type I | L43: NFI 1053 , NFI 1054 | M43: 0998-882-2977 | N43: abfdilla@meralco.com.ph | O43: 45658 | P43: 46752 | Q43: DOH049042 | R43: Renewal
A44: 43 | B44: 49037 | C44: NCR | D44: Metro Manila | E44: Quezon City | F44: 30 F. Bautista St. corner Pabillare St., Brgy. Damayan, San Francisco del Monte, Quezon City | G44: ALB AMBULANCE RESCUE SERVICES | H44: Private | I44: Mr. Lancelot Chua | J44: 1 | K44: Type I | L44: IO B760 | M44: 0956-967-7795 | N44: albsquadron@outlook.ph | O44: 45658 | P44: 46752 | Q44: DOH049039 | R44: Renewal
A45: 44 | B45: 49043 | C45: NCR | D45: Metro Manila | E45: Quezon City | F45: 42 Nicanor Roxas St., Brgy. Sta. Teresita, Quezon City | G45: AMBUCORE GENERAL MERCHANDISE | H45: Private | I45: Dan Ryan Yap Uy | J45: 1 | K45: Type I | L45: NET 1618 | M45: 89256292/09175765682 | N45: ambucore@yahoo.com | O45: 45692 | P45: 46752 | Q45: DOH049041 | R45: Renewal
A46: 45 | B46: DOH000000000054590 | C46: NCR | D46: Metro Manila | E46: Quezon City | F46: 71 Lopez Jaena St., Doña Aurora, District 4, Quezon City | G46: MEDFLIGHT AMBULANCE CORP. | H46: Private | I46: Osborne C. Magpale | J46: 1 | K46: Type I | L46: NGL 1012 | M46: 0917-167-5872 | N46: operations@medflight.info | O46: 46023 | P46: 47118 | Q46: DOH049047 | R46: Renewal
A47: 46 | C47: NCR | D47: Metro Manila | E47: Quezon City | F47: B12 L7 Galilee St., Brgy. Kaligayahan, Zabarte, Novaliches, Quezon City | G47: MEDIC ONE AMBULANCE AMBULANCE SERVICES | H47: Private | I47: Ms. Mary Ann Estrada | J47: 1 | K47: Type II | L47: NEX7268 | M47: 9190945040 | N47: msestrada@medic1serv.com | O47: 45292 | P47: 46387 | Q47: DOH049040 | R47: Renewal
A48: 47 | C48: NCR | D48: Metro Manila | E48: Quezon City | F48: Blk. 6 Lot 1, King Alexander St., Kingspoint Grandvillas, Novaliches Bagbag, Quezon City | G48: ROI RYMK EQUIPMENT RENTAL | H48: Private | I48: Mishael Roi Velasquez De Santos | J48: 1 | K48: Type II | L48: Plate No. NCM3460, CS No. 37447327-1 | M48: 0927-560-7220 | N48: INFINITYambulancePH@gmail.com | O48: 46023 | P48: 47118 | Q48: 13-0002-2527-ASP-2 | R48: New Faciliy | T48: missed encoding, updated 6/30/2026
A49: 48 | B49: 49045 | C49: NCR | D49: Metro Manila | E49: Quezon City | F49: Unit 9-H, 54 Aurelio Street, Philand Drive Extension,, PASONG TAMO, QUEZON CITY, NCR, SECOND DISTRICT | G49: STOUTCON EMERGENCY RESPONSE SERVICES | H49: Private | I49: Mr. Godfrey Allan A. Pancheca | J49: 3 | K49: Type II | L49: NBA 9429 A3T598 MU0909 | M49: 0977-7513072/9392750 | N49: stoutconservices@gmail.com | O49: 45292 | P49: 46387 | Q49: 13-0003-2527-ASP-2 | R49: Renewal
A50: 49 | B50: 49050 | C50: NCR | D50: Metro Manila | E50: Taguig City | F50: Blk 53 Lot 47, Quintana Street, Upper Bicutan, Taguig City, Metro Manila | G50: STYX AMBULANCE SERVICE | H50: Private | I50: Dr. Shiela M, Ramos | J50: 2 | K50: Type II | L50: NFW 2814, NEV 2944 | M50: 0919-007-7845 | N50: styxambulance@gmail.com | O50: 45292 | P50: 46387 | Q50: DOH049045 | R50: Renewal
A51: 50 | B51: 49051 | C51: CORDILLERA | D51: Abra | E51: Bangued | F51: Corner Taft, Washington St., Zone 6, Bangued Abra | G51: PHILIPPINE RED CROSS - ABRA CHAPTER | H51: Private | I51: Philippine National Red Cross | J51: 1 | K51: Type I | L51: NBB 2748 | M51: (074) 752 5393 | N51: abra@redcross.org.ph | O51: 45658 | P51: 46752 | Q51: 03-0007-2527-ASP-2 | R51: Still Accredited | S51: N/A
A52: 51 | B52: 49052 | C52: CORDILLERA | D52: Benguet | E52: Baguio City | F52: Notre Dame de Charters Hospital Upper General Luna Baguio City | G52: AIRBAG INCORPORATED | H52: Private | I52: Airbag Incorporated | J52: 2 | K52: Type II | L52: YAA8650, EH604A | M52: 63 9672113479 | N52: airbagambulance20212@gmail.com | O52: 45292 | P52: 46387 | Q52: 03-0006-2527-ASP-2 | R52: Still Accredited | S52: N/A
A53: 52 | B53: 49053 | C53: CORDILLERA | D53: Benguet | E53: Baguio City | F53: Country Club Road, South Drive Baguio City, Benguet | G53: BAGUIO COUNTRY CLUB CORPORATION | H53: Private | I53: BAGUIO COUNTRY CLUB CORPORATION | J53: 1 | K53: Type I | L53: ADF 467 | M53: (074) 619 - 2050 0917-791-4918 | N53: health_safety@bcc.com.ph | O53: 45292 | P53: 46387 | Q53: 03-0009-2527-ASP-2 | R53: Still Accredited | S53: N/A
A54: 53 | B54: 49054 | C54: CORDILLERA | D54: Benguet | E54: Baguio City | F54: Post Office Loop, BAGUIO CITY, BENGUET | G54: BAGUIO-BENGUET PUBLIC INFORMATION CIVIC ACTION GROUP PHIL., INC, (BB-PICAG, INC.) | H54: Private | I54: Mr. Antonio Rafio | J54: 1 | K54: Type II | L54: ALA 3649 | M54: (074) 442 8911 | N54: info.picag@gmail.com | O54: 45292 | P54: 46387 | Q54: 03-0003-2527-ASP-2 | R54: Still Accredited | S54: N/A
A55: 54 | C55: CORDILLERA | D55: Benguet | E55: Baguio City | F55: 39 Harrison Road Baguio City | G55: PHILIPPINE RED CROSS - BAGUIO CHAPTER | H55: Private | I55: Philippine National Red Cross | J55: 1 | K55: Type II | L55: NIE 522 | N55: baguio@redcross.org.ph | O55: 46084 | P55: 47118 | Q55: DOH049022 | R55: Still Accredited | S55: N/A
A56: 55 | B56: 54730 | C56: CORDILLERA | D56: Benguet | E56: La Trinidad | F56: Benguet General Hopital Compound, Km5, La Trinidad Benguet | G56: PHILIPPINE RED CROSS - BENGUET CHAPTER | H56: Private | I56: Philippine National Red Cross | J56: 1 | K56: Type II | L56: NIS 862 | M56: 9104117713 | N56: benguet@redcross.org.ph | O56: 46023 | P56: 47118 | Q56: 03-0010-2527-ASP-2 | R56: Still Accredited | S56: N/A

Sheet Master Data
A1: REGION | B1: CHD | C1: Province | D1: CITY / MUNICIPALITY
K3: Clinical Lab | L3: Infirmary | M3: Clinical Lab - Hospital | N3: Cancer Treatment Facility - Hospital | O3: Status | P3: Dental Lab | Q3: Psychiatrict Care | R3: LDWA | S3: Type of Ambulance Service | T3: Covid Testing | U3: Dialysis Clinics | V3: Medical Facility for Oversease Workers and Seafarers | W3: DATRC | Y3: Modality | Z3: Chemical Water
H4: AD-ONS SERVICES | J4: BSF | K4: Service Capability | L4: DOH RETAINED | M4: Secondary | N4: Cancer Specialty Hospital | O4: New | P4: FIXED | Q4: Custodial Psychiatric Care Facility | R4: Microbiological | S4: Type I | T4: rRT PCR | U4: Hospital based | V4: Regular Land-based and Seafarer | W4: Residential | X4: Institution-based | Y4: Therapeutic Community
A5: NCR | B5: METRO MANILA | C5: Abra | D5: Aborlan | E5: Government | F5: General | G5: Level 1 | H5: G6PD Confirmatory | I5: Hospital-based | J5: Blood Station | K5: Primary | L5: LGU | M5: Tertiary | N5: Cancer Specialty Center in a General Hospital | O5: Renewal | P5: REMOVABLE | Q5: Acute Chronic Psychiatric Facility | R5: Physico-Chemical | S5: Type II | T5: Cartridge-based PCR | U5: Non hospital based | V5: Special Seafarer's Medical Facility | W5: Non-Residential | X5: Free Standing | Y5: Eclectic
A6: REGION 1 | B6: ILOCOS REGION | C6: Agusan del Norte | D6: Abra de Ilog | E6: Private | F6: Specialty | G6: Level 2 | H6: rHIVda Confirmatory Laboratory | I6: Non-Hospital-based | J6: Blood Collection Unit | K6: Secondary | L6: UNIVERSITY/SCHOOL | M6: Molecular Lab | N6: Cancer Treatment Unit in a General Hospital | R6: Microbiological and Physico-Chemical | S6: Type I & II | T6: rRT PCR/ Cartridge-based PCR | W6: Residential with Oupatient Service | Y6: Hazelden Minnesotta
A7: REGION 2 | B7: CAGAYAN VALLEY REGION | C7: Agusan del Sur | D7: Abucay | G7: Level 3 | H7: Dialysis Clinic | J7: Blood Collection Unit/Blood Services | K7: Tertiary | L7: GOCC | M7: N/A | N7: N/A | Y7: Faith-based
A8: REGION 3 | B8: CENTRAL LUZON | C8: Aklan | D8: Abulug | H8: Diagnostic X-ray Services | J8: Blood Bank | K8: Limited | L8: AFP
A9: REGION 4-A | B9: CALABARZON | C9: Albay | D9: Abuyog | H9: HIV Testing Laboratory | J9: Blood Bank with additional function | L9: PAF
A10: REGION 4-B | B10: MIMAROPA | C10: Antique | D10: Adams | H10: Physical Medicine and Rehabilitation Unit | J10: Blood Center | K10: Institutional Character | L10: PNP
A11: REGION 5 | B11: BICOL REGION | C11: Apayao | D11: Agdangan | H11: Blood Bank | J11: Blood Collection Unit/Blood Station | K11: Institution-based | L11: DND
A12: REGION 6 | B12: WESTERN VISAYAS REGION | C12: Aurora | D12: Aglipay | H12: Specialized Diagnostic X-ray Services | K12: Non-Institution based | L12: MOH BARMM
A13: REGION 7 | B13: CENTRAL VISAYAS REGION | C13: Basilan | D13: Agno | H13: Tertiary Laboratory w/ histopathology | L13: PGH
A14: REGION 8 | B14: EASTERN VISAYAS REGION | C14: Bataan | D14: Agoncillo | H14: Anatomic Pathology | L14: PROVINCE
A15: REGION 9 | B15: ZAMBOANGA PENINSULA | C15: Batanes | D15: Agoo | H15: Dental X-ray Services | K15: Function | L15: N/A
A16: REGION 10 | B16: NORTHERN MINDANAO REGION | C16: Batangas | D16: Aguilar | H16: Ambulatory Surgical Clinic | K16: CP
A17: REGION 11 | B17: SOUTHERN MINDANAO REGION | C17: Benguet | D17: Aguinaldo | H17: Blood Collection Unit | K17: AP
A18: REGION 12 | B18: SOCCSKSARGEN | C18: Biliran | D18: Agutaya | H18: Cancer Treatment Facility | K18: CP-AP
A19: REGION 13 | B19: CARAGA | C19: Bohol | D19: Ajuy | H19: Laboratory for Drinking Water Analysis | K19: CP With Associate AP
A20: CORDILLERA | B20: CAR | C20: Bukidnon | D20: Akbar | H20: Radiation Therapy Service
A21: NIR | B21: NEGROS ISLAND REGION
A22: BARMM | B22: MOH - BARMM | C22: Bulacan | D22: Al-Barka | H22: Radiation Oncology Services
C23: Cagayan | D23: Ala Esperanza | H23: Pharmacy
C24: Camarines Norte | D24: Alabat | H24: Mobile Clinical Laboratory
C25: Camarines Sur | D25: Alabel | H25: Psychiatric Care
C26: Camiguin | D26: Alamada
C27: Capiz | D27: Alaminos
C28: Catanduanes | D28: Alaminos City
C29: Cavite | D29: Alangalang
C30: Cebu | D30: Albuera
C31: Cotabato | D31: Alburquerque
C32: Davao de Oro | D32: Alcala
C33: Davao del Norte | D33: Alcantara
C34: Davao del Sur | D34: Alcoy
C35: Davao Occidental | D35: Alegria
C36: Davao Oriental | D36: Aleosan
C37: Dinagat Islands | D37: Alfonso
... C102: Polomolok | D102: Bacuag
D103: Badian
D104: Badiangan
D105: Badoc
D106: Bagabag
D107: Bagac
D108: Bagamanoc
D109: Tagoloan
D110: Talalora
D111: Valencia City
D112: Baganga
D113: Baggao
D114: Bago City
... D1251: Clark Freeport Zone
