Workbook

Sheet Summary
A1: Region | B1: CHD | C1: Regional Distribution of Hospitals in the Philippines (as of June 30, 2026)
C2: GOVERNMENT | F2: TOTAL | G2: PRIVATE | J2: TOTAL | K2: GOVT AND PRIVATE HOSPITALS | N2: TOTAL
C4: LEVEL 1 | D4: LEVEL 2 | E4: LEVEL 3 | G4: LEVEL 1 | H4: LEVEL 2 | I4: LEVEL 3 | K4: LEVEL 1 | L4: LEVEL 2 | M4: LEVEL 3
A5: NCR | B5: METRO MANILA | C5: =COUNTIFS(Government!C:C, "NCR", Government!H:H, "Government", Government!K:K, "Level 1") -> 14 | D5: =COUNTIFS(Government!C:C, "NCR", Government!H:H, "Government", Government!K:K, "Level 2") -> 8 | E5: =COUNTIFS(Government!C:C, "NCR", Government!H:H, "Government", Government!K:K, "Level 3") -> 29 | F5: =sum(C5:E5) -> 51 | G5: =COUNTIFS(Private!C:C, "NCR", Private!H:H, "Private", Private!K:K, "Level 1") -> 32 | H5: =COUNTIFS(Private!C:C, "NCR", Private!H:H, "Private", Private!K:K, "Level 2") -> 41 | I5: =COUNTIFS(Private!C:C, "NCR", Private!H:H, "Private", Private!K:K, "Level 3") -> 29 | J5: =SUM(G5:I5) -> 102 | K5: =SUM(C5,G5) -> 46 | L5: =SUM(D5,H5) -> 49 | M5: =SUM(E5,I5) -> 58 | N5: =SUM(K5:M5) -> 153
A6: REGION 1 | B6: ILOCOS REGION | C6: =COUNTIFS(Government!C:C, "REGION 1", Government!H:H, "Government", Government!K:K, "Level 1") -> 25 | D6: =COUNTIFS(Government!C:C, "REGION 1", Government!H:H, "Government", Government!K:K, "Level 2") -> 8 | E6: =COUNTIFS(Government!C:C, "REGION 1", Government!H:H, "Government", Government!K:K, "Level 3") -> 3 | F6: =sum(C6:E6) -> 36 | G6: =COUNTIFS(Private!C:C, "REGION 1", Private!H:H, "Private", Private!K:K, "Level 1") -> 26 | H6: =COUNTIFS(Private!C:C, "REGION 1", Private!H:H, "Private", Private!K:K, "Level 2") -> 21 | I6: =COUNTIFS(Private!C:C, "REGION 1", Private!H:H, "Private", Private!K:K, "Level 3") -> 1 | J6: =SUM(G6:I6) -> 48 | K6: =SUM(C6,G6) -> 51 | L6: =SUM(D6,H6) -> 29 | M6: =SUM(E6,I6) -> 4 | N6: =SUM(K6:M6) -> 84
A7: REGION 2 | B7: CAGAYAN VALLEY REGION | C7: =COUNTIFS(Government!C:C, "REGION 2", Government!H:H, "Government", Government!K:K, "Level 1") -> 19 | D7: =COUNTIFS(Government!C:C, "REGION 2", Government!H:H, "Government", Government!K:K, "Level 2") -> 2 | E7: =COUNTIFS(Government!C:C, "REGION 2", Government!H:H, "Government", Government!K:K, "Level 3") -> 3 | F7: =sum(C7:E7) -> 24 | G7: =COUNTIFS(Private!C:C, "REGION 2", Private!H:H, "Private", Private!K:K, "Level 1") -> 26 | H7: =COUNTIFS(Private!C:C, "REGION 2", Private!H:H, "Private", Private!K:K, "Level 2") -> 16 | I7: =COUNTIFS(Private!C:C, "REGION 2", Private!H:H, "Private", Private!K:K, "Level 3") -> 0 | J7: =SUM(G7:I7) -> 42 | K7: =SUM(C7,G7) -> 45 | L7: =SUM(D7,H7) -> 18 | M7: =SUM(E7,I7) -> 3 | N7: =SUM(K7:M7) -> 66
A8: REGION 3 | B8: CENTRAL LUZON | C8: =COUNTIFS(Government!C:C, "REGION 3", Government!H:H, "Government", Government!K:K, "Level 1") -> 47 | D8: =COUNTIFS(Government!C:C, "REGION 3", Government!H:H, "Government", Government!K:K, "Level 2") -> 5 | E8: =COUNTIFS(Government!C:C, "REGION 3", Government!H:H, "Government", Government!K:K, "Level 3") -> 6 | F8: =sum(C8:E8) -> 58 | G8: =COUNTIFS(Private!C:C, "REGION 3", Private!H:H, "Private", Private!K:K, "Level 1") -> 70 | H8: =COUNTIFS(Private!C:C, "REGION 3", Private!H:H, "Private", Private!K:K, "Level 2") -> 51 | I8: =COUNTIFS(Private!C:C, "REGION 3", Private!H:H, "Private", Private!K:K, "Level 3") -> 4 | J8: =SUM(G8:I8) -> 125 | K8: =SUM(C8,G8) -> 117 | L8: =SUM(D8,H8) -> 56 | M8: =SUM(E8,I8) -> 10 | N8: =SUM(K8:M8) -> 183
A9: REGION 4-A | B9: CALABARZON | C9: =COUNTIFS(Government!C:C, "REGION 4-A", Government!H:H, "Government", Government!K:K, "Level 1") -> 52 | D9: =COUNTIFS(Government!C:C, "REGION 4-A", Government!H:H, "Government", Government!K:K, "Level 2") -> 3 | E9: =COUNTIFS(Government!C:C, "REGION 4-A", Government!H:H, "Government", Government!K:K, "Level 3") -> 3 | F9: =sum(C9:E9) -> 58 | G9: =COUNTIFS(Private!C:C, "REGION 4-A", Private!H:H, "Private", Private!K:K, "Level 1") -> 81 | H9: =COUNTIFS(Private!C:C, "REGION 4-A", Private!H:H, "Private", Private!K:K, "Level 2") -> 86 | I9: =COUNTIFS(Private!C:C, "REGION 4-A", Private!H:H, "Private", Private!K:K, "Level 3") -> 3 | J9: =SUM(G9:I9) -> 170 | K9: =SUM(C9,G9) -> 133 | L9: =SUM(D9,H9) -> 89 | M9: =SUM(E9,I9) -> 6 | N9: =SUM(K9:M9) -> 228
A10: REGION 4-B | B10: MIMAROPA | C10: =COUNTIFS(Government!C:C, "REGION 4-B", Government!H:H, "Government", Government!K:K, "Level 1") -> 15 | D10: =COUNTIFS(Government!C:C, "REGION 4-B", Government!H:H, "Government", Government!K:K, "Level 2") -> 3 | E10: =COUNTIFS(Government!C:C, "REGION 4-B", Government!H:H, "Government", Government!K:K, "Level 3") -> 0 | F10: =sum(C10:E10) -> 18 | G10: =COUNTIFS(Private!C:C, "REGION 4-B", Private!H:H, "Private", Private!K:K, "Level 1") -> 9 | H10: =COUNTIFS(Private!C:C, "REGION 4-B", Private!H:H, "Private", Private!K:K, "Level 2") -> 7 | I10: =COUNTIFS(Private!C:C, "REGION 4-B", Private!H:H, "Private", Private!K:K, "Level 3") -> 0 | J10: =SUM(G10:I10) -> 16 | K10: =SUM(C10,G10) -> 24 | L10: =SUM(D10,H10) -> 10 | M10: =SUM(E10,I10) -> 0 | N10: =SUM(K10:M10) -> 34
A11: REGION 5 | B11: BICOL REGION | C11: =COUNTIFS(Government!C:C, "REGION 5", Government!H:H, "Government", Government!K:K, "Level 1") -> 16 | D11: =COUNTIFS(Government!C:C, "REGION 5", Government!H:H, "Government", Government!K:K, "Level 2") -> 3 | E11: =COUNTIFS(Government!C:C, "REGION 5", Government!H:H, "Government", Government!K:K, "Level 3") -> 3 | F11: =sum(C11:E11) -> 22 | G11: =COUNTIFS(Private!C:C, "REGION 5", Private!H:H, "Private", Private!K:K, "Level 1") -> 19 | H11: =COUNTIFS(Private!C:C, "REGION 5", Private!H:H, "Private", Private!K:K, "Level 2") -> 14 | I11: =COUNTIFS(Private!C:C, "REGION 5", Private!H:H, "Private", Private!K:K, "Level 3") -> 1 | J11: =SUM(G11:I11) -> 34 | K11: =SUM(C11,G11) -> 35 | L11: =SUM(D11,H11) -> 17 | M11: =SUM(E11,I11) -> 4 | N11: =SUM(K11:M11) -> 56
A12: REGION 6 | B12: WESTERN VISAYAS REGION | C12: =COUNTIFS(Government!C:C, "REGION 6", Government!H:H, "Government", Government!K:K, "Level 1") -> 18 | D12: =COUNTIFS(Government!C:C, "REGION 6", Government!H:H, "Government", Government!K:K, "Level 2") -> 6 | E12: =COUNTIFS(Government!C:C, "REGION 6", Government!H:H, "Government", Government!K:K, "Level 3") -> 2 | F12: =sum(C12:E12) -> 26 | G12: =COUNTIFS(Private!C:C, "REGION 6", Private!H:H, "Private", Private!K:K, "Level 1") -> 2 | H12: =COUNTIFS(Private!C:C, "REGION 6", Private!H:H, "Private", Private!K:K, "Level 2") -> 15 | I12: =COUNTIFS(Private!C:C, "REGION 6", Private!H:H, "Private", Private!K:K, "Level 3") -> 3 | J12: =SUM(G12:I12) -> 20 | K12: =SUM(C12,G12) -> 20 | L12: =SUM(D12,H12) -> 21 | M12: =SUM(E12,I12) -> 5 | N12: =SUM(K12:M12) -> 46
A13: REGION 7 | B13: CENTRAL VISAYAS REGION | C13: =COUNTIFS(Government!C:C, "REGION 7", Government!H:H, "Government", Government!K:K, "Level 1") -> 12 | D13: =COUNTIFS(Government!C:C, "REGION 7", Government!H:H, "Government", Government!K:K, "Level 2") -> 8 | E13: =COUNTIFS(Government!C:C, "REGION 7", Government!H:H, "Government", Government!K:K, "Level 3") -> 3 | F13: =sum(C13:E13) -> 23 | G13: =COUNTIFS(Private!C:C, "REGION 7", Private!H:H, "Private", Private!K:K, "Level 1") -> 8 | H13: =COUNTIFS(Private!C:C, "REGION 7", Private!H:H, "Private", Private!K:K, "Level 2") -> 15 | I13: =COUNTIFS(Private!C:C, "REGION 7", Private!H:H, "Private", Private!K:K, "Level 3") -> 8 | J13: =SUM(G13:I13) -> 31 | K13: =SUM(C13,G13) -> 20 | L13: =SUM(D13,H13) -> 23 | M13: =SUM(E13,I13) -> 11 | N13: =SUM(K13:M13) -> 54
A14: REGION 8 | B14: EASTERN VISAYAS REGION | C14: =COUNTIFS(Government!C:C, "REGION 8", Government!H:H, "Government", Government!K:K, "Level 1") -> 19 | D14: =COUNTIFS(Government!C:C, "REGION 8", Government!H:H, "Government", Government!K:K, "Level 2") -> 1 | E14: =COUNTIFS(Government!C:C, "REGION 8", Government!H:H, "Government", Government!K:K, "Level 3") -> 1 | F14: =sum(C14:E14) -> 21 | G14: =COUNTIFS(Private!C:C, "REGION 8", Private!H:H, "Private", Private!K:K, "Level 1") -> 24 | H14: =COUNTIFS(Private!C:C, "REGION 8", Private!H:H, "Private", Private!K:K, "Level 2") -> 5 | I14: =COUNTIFS(Private!C:C, "REGION 8", Private!H:H, "Private", Private!K:K, "Level 3") -> 1 | J14: =SUM(G14:I14) -> 30 | K14: =SUM(C14,G14) -> 43 | L14: =SUM(D14,H14) -> 6 | M14: =SUM(E14,I14) -> 2 | N14: =SUM(K14:M14) -> 51
A15: REGION 9 | B15: ZAMBOANGA PENINSULA | C15: =COUNTIFS(Government!C:C, "REGION 9", Government!H:H, "Government", Government!K:K, "Level 1") -> 8 | D15: =COUNTIFS(Government!C:C, "REGION 9", Government!H:H, "Government", Government!K:K, "Level 2") -> 7 | E15: =COUNTIFS(Government!C:C, "REGION 9", Government!H:H, "Government", Government!K:K, "Level 3") -> 1 | F15: =sum(C15:E15) -> 16 | G15: =COUNTIFS(Private!C:C, "REGION 9", Private!H:H, "Private", Private!K:K, "Level 1") -> 21 | H15: =COUNTIFS(Private!C:C, "REGION 9", Private!H:H, "Private", Private!K:K, "Level 2") -> 8 | I15: =COUNTIFS(Private!C:C, "REGION 9", Private!H:H, "Private", Private!K:K, "Level 3") -> 0 | J15: =SUM(G15:I15) -> 29 | K15: =SUM(C15,G15) -> 29 | L15: =SUM(D15,H15) -> 15 | M15: =SUM(E15,I15) -> 1 | N15: =SUM(K15:M15) -> 45
A16: REGION 10 | B16: NORTHERN MINDANAO REGION | C16: =COUNTIFS(Government!C:C, "REGION 10", Government!H:H, "Government", Government!K:K, "Level 1") -> 16 | D16: =COUNTIFS(Government!C:C, "REGION 10", Government!H:H, "Government", Government!K:K, "Level 2") -> 4 | E16: =COUNTIFS(Government!C:C, "REGION 10", Government!H:H, "Government", Government!K:K, "Level 3") -> 3 | F16: =sum(C16:E16) -> 23 | G16: =COUNTIFS(Private!C:C, "REGION 10", Private!H:H, "Private", Private!K:K, "Level 1") -> 36 | H16: =COUNTIFS(Private!C:C, "REGION 10", Private!H:H, "Private", Private!K:K, "Level 2") -> 16 | I16: =COUNTIFS(Private!C:C, "REGION 10", Private!H:H, "Private", Private!K:K, "Level 3") -> 1 | J16: =SUM(G16:I16) -> 53 | K16: =SUM(C16,G16) -> 52 | L16: =SUM(D16,H16) -> 20 | M16: =SUM(E16,I16) -> 4 | N16: =SUM(K16:M16) -> 76
A17: REGION 11 | B17: DAVAO REGION | C17: =COUNTIFS(Government!C:C, "REGION 11", Government!H:H, "Government", Government!K:K, "Level 1") -> 9 | D17: =COUNTIFS(Government!C:C, "REGION 11", Government!H:H, "Government", Government!K:K, "Level 2") -> 2 | E17: =COUNTIFS(Government!C:C, "REGION 11", Government!H:H, "Government", Government!K:K, "Level 3") -> 2 | F17: =sum(C17:E17) -> 13 | G17: =COUNTIFS(Private!C:C, "REGION 11", Private!H:H, "Private", Private!K:K, "Level 1") -> 24 | H17: =COUNTIFS(Private!C:C, "REGION 11", Private!H:H, "Private", Private!K:K, "Level 2") -> 20 | I17: =COUNTIFS(Private!C:C, "REGION 11", Private!H:H, "Private", Private!K:K, "Level 3") -> 3 | J17: =SUM(G17:I17) -> 47 | K17: =SUM(C17,G17) -> 33 | L17: =SUM(D17,H17) -> 22 | M17: =SUM(E17,I17) -> 5 | N17: =SUM(K17:M17) -> 60
A18: REGION 12 | B18: SOCCSKSARGEN | C18: =COUNTIFS(Government!C:C, "REGION 12", Government!H:H, "Government", Government!K:K, "Level 1") -> 11 | D18: =COUNTIFS(Government!C:C, "REGION 12", Government!H:H, "Government", Government!K:K, "Level 2") -> 7 | E18: =COUNTIFS(Government!C:C, "REGION 12", Government!H:H, "Government", Government!K:K, "Level 3") -> 1 | F18: =sum(C18:E18) -> 19 | G18: =COUNTIFS(Private!C:C, "REGION 12", Private!H:H, "Private", Private!K:K, "Level 1") -> 43 | H18: =COUNTIFS(Private!C:C, "REGION 12", Private!H:H, "Private", Private!K:K, "Level 2") -> 18 | I18: =COUNTIFS(Private!C:C, "REGION 12", Private!H:H, "Private", Private!K:K, "Level 3") -> 2 | J18: =SUM(G18:I18) -> 63 | K18: =SUM(C18,G18) -> 54 | L18: =SUM(D18,H18) -> 25 | M18: =SUM(E18,I18) -> 3 | N18: =SUM(K18:M18) -> 82
A19: REGION 13 | B19: CARAGA | C19: =COUNTIFS(Government!C:C, "REGION 13", Government!H:H, "Government", Government!K:K, "Level 1") -> 10 | D19: =COUNTIFS(Government!C:C, "REGION 13", Government!H:H, "Government", Government!K:K, "Level 2") -> 3 | E19: =COUNTIFS(Government!C:C, "REGION 13", Government!H:H, "Government", Government!K:K, "Level 3") -> 1 | F19: =sum(C19:E19) -> 14 | G19: =COUNTIFS(Private!C:C, "REGION 13", Private!H:H, "Private", Private!K:K, "Level 1") -> 5 | H19: =COUNTIFS(Private!C:C, "REGION 13", Private!H:H, "Private", Private!K:K, "Level 2") -> 7 | I19: =COUNTIFS(Private!C:C, "REGION 13", Private!H:H, "Private", Private!K:K, "Level 3") -> 0 | J19: =SUM(G19:I19) -> 12 | K19: =SUM(C19,G19) -> 15 | L19: =SUM(D19,H19) -> 10 | M19: =SUM(E19,I19) -> 1 | N19: =SUM(K19:M19) -> 26
A20: NIR | B20: NEGROS ISLAND REGION | C20: =COUNTIFS(Government!C:C, "NIR", Government!H:H, "Government", Government!K:K, "Level 1") -> 16 | D20: =COUNTIFS(Government!C:C, "NIR", Government!H:H, "Government", Government!K:K, "Level 2") -> 2 | E20: =COUNTIFS(Government!C:C, "NIR", Government!H:H, "Government", Government!K:K, "Level 3") -> 1 | F20: =sum(C20:E20) -> 19 | G20: =COUNTIFS(Private!C:C, "NIR", Private!H:H, "Private", Private!K:K, "Level 1") -> 5 | H20: =COUNTIFS(Private!C:C, "NIR", Private!H:H, "Private", Private!K:K, "Level 2") -> 8 | I20: =COUNTIFS(Private!C:C, "NIR", Private!H:H, "Private", Private!K:K, "Level 3") -> 4 | J20: =SUM(G20:I20) -> 17 | K20: =SUM(C20,G20) -> 21 | L20: =SUM(D20,H20) -> 10 | M20: =SUM(E20,I20) -> 5 | N20: =SUM(K20:M20) -> 36
A21: CAR | B21: CORDILLERA | C21: =COUNTIFS(Government!C:C, "CORDILLERA", Government!H:H, "Government", Government!K:K, "Level 1") -> 11 | D21: =COUNTIFS(Government!C:C, "CORDILLERA", Government!H:H, "Government", Government!K:K, "Level 2") -> 4 | E21: =COUNTIFS(Government!C:C, "CORDILLERA", Government!H:H, "Government", Government!K:K, "Level 3") -> 1 | F21: =sum(C21:E21) -> 16 | G21: =COUNTIFS(Private!C:C, "CORDILLERA", Private!H:H, "Private", Private!K:K, "Level 1") -> 10 | H21: =COUNTIFS(Private!C:C, "CORDILLERA", Private!H:H, "Private", Private!K:K, "Level 2") -> 3 | I21: =COUNTIFS(Private!C:C, "CORDILLERA", Private!H:H, "Private", Private!K:K, "Level 3") -> 1 | J21: =SUM(G21:I21) -> 14 | K21: =SUM(C21,G21) -> 21 | L21: =SUM(D21,H21) -> 7 | M21: =SUM(E21,I21) -> 2 | N21: =SUM(K21:M21) -> 30
A22: BARMM | B22: MOH - BARMM | C22: =COUNTIFS(Government!C:C, "BARMM", Government!H:H, "Government", Government!K:K, "Level 1") -> 13 | D22: =COUNTIFS(Government!C:C, "BARMM", Government!H:H, "Government", Government!K:K, "Level 2") -> 1 | E22: =COUNTIFS(Government!C:C, "BARMM", Government!H:H, "Government", Government!K:K, "Level 3") -> 0 | F22: =sum(C22:E22) -> 14 | G22: =COUNTIFS(Private!C:C, "BARMM", Private!H:H, "Private", Private!K:K, "Level 1") -> 12 | H22: =COUNTIFS(Private!C:C, "BARMM", Private!H:H, "Private", Private!K:K, "Level 2") -> 0 | I22: =COUNTIFS(Private!C:C, "BARMM", Private!H:H, "Private", Private!K:K, "Level 3") -> 0 | J22: =SUM(G22:I22) -> 12 | K22: =SUM(C22,G22) -> 25 | L22: =SUM(D22,H22) -> 1 | M22: =SUM(E22,I22) -> 0 | N22: =SUM(K22:M22) -> 26
A23: Total No. of Hospitals: | C23: =sum(C5:C22) -> 331 | D23: =sum(D5:D22) -> 77 | E23: =sum(E5:E22) -> 63 | F23: =sum(F5:F22) -> 471 | G23: =SUM(G5:G22) -> 453 | H23: =SUM(H5:H22) -> 351 | I23: =SUM(I5:I22) -> 61 | J23: =sum(G23:I23) -> 865 | K23: =SUM(K5:K22) -> 784 | L23: =SUM(L5:L22) -> 428 | M23: =SUM(M5:M22) -> 124 | N23: =SUM(F23,J23) -> 1336
A28: REGION | B28: GOVERNMENT | D28: PRIVATE
B29: GENERAL | C29: SPECIALTY | D29: GENERAL | E29: SPECIALTY | G29: l1 | H29: =C23+G23 -> 784
G30: l2 | H30: =D23+H23 -> 428
A31: NCR | G31: l3 | H31: =E23+I23 -> 124
A32: REGION 1 | H32: =sum(H29:H31) -> 1336
A33: REGION 2
A34: REGION 3
A35: REGION 4-A
A36: REGION 4-B
A37: REGION 5
A38: REGION 6
A39: REGION 7
A40: REGION 8 | I40: (
A41: REGION 9
A42: REGION 10
A43: REGION 11
A44: REGION 12
A45: REGION 13
A46: CORDILLERA
A47: BARMM
A48: Total

Sheet Government
A1: # | B1: NHFR CODE | C1: REGION | D1: PROVINCE | E1: CITY/ MUNICIPALITY | F1: BLDG OR HOUSE NO., STREET, BRGY (as applicable) | G1: NAME OF HOSPITAL | H1: OWNERSHIP | I1: OWNERSHIP CLASS | J1: CLASS | K1: SERVCE CAPABILITY | L1: ABC | M1: ADD-ONS SERVICES | N1: BLOOD SERVICE FACILITY (Service Capability) | O1: rHIV Confirmatory Laboratory | P1: AMBULANCE (No./ TYPE / PLATE NO.) Pls. Seperate if different Type | Q1: TOTAL NO. OF AMBULANCE (TYPE 1) | R1: TOTAL NO. OF AMBULANCE (TYPE 2) | S1: TOTAL NO. OF AMBULANCE | T1: NAME OF AMBULANCE SERVICE PROVIDER IF W/ MOA | U1: NO OF DIALYSIS STATION (If Applicable) | V1: NAME OF DIALYSIS PROVIDER (If Applicable) | W1: CTF CLASSIFICATION (If Applicable) | X1: CLINICAL LAB CLASSIFICATION (If Applicable) | Y1: MEDICAL DIRECTOR/ CHIEF OF HOSPITAL | Z1: CONTACT NOS. | AA1: E-MAIL ADDRESS | AB1: VALIDITY FROM | AC1: VALIDITY UNTIL | AD1: LICENSE NO. | AE1: APPLICATION STATUS | AF1: APPLICATION STATUS (IF WITH CHANGES) | AG1: REMARKS
A2: 1 | B2: 00023 | C2: REGION 1 | D2: Ilocos Norte | E2: Bangui | F2: Brgy. Abaca | G2: BANGUI DISTRICT HOSPITAL | H2: Government | I2: LGU | J2: General | K2: Level 1 | L2: 25 | N2: Blood Station | O2: No | P2: 2, 1, Type 1, Plate No. SNA 7900, CR No. 0006909396 1, Type 1, Plate No. SND 7359, CR No. 41760608-1 | Q2: 2 | R2: N/A | S2: 2 | T2: N/A | U2: N/A | V2: N/A | W2: N/A | X2: Secondary | Y2: Dr. Elvin Chester S. Alcoriza | Z2: 9204689353 | AA2: banguidh@gmail.com | AB2: 46023 | AC2: 46387 | AD2: 01-0024-26-H1-1 | AE2: Renewal | AF2: N/A
A3: 2 | B3: 02593 | C3: REGION 1 | D3: Ilocos Norte | E3: Batac | F3: Barangay 6, San Julian, Batac, Ilocos Norte | G3: MARIANO MARCOS MEMORIAL HOSPITAL AND MEDICAL CENTER | H3: Government | I3: DOH RETAINED | J3: General | K3: Level 3 | L3: 400 | M3: Dialysis Clinic (18 stations) Blood Bank (with additional function to collect, test & process blood) G6PD Confirmatory rHIVda Confirmatory Laboratory HIV Testing Laboratory Specialized Diagnostic X-ray Services (Computed Tomography, Mammography, Bone Densitometry) Dental X-Ray Services (Panoramic & Cephalometric) | N3: Blood Bank with additional function | O3: Yes | P3: 1. Type 2, Plate No. 130109, CR No. 0000138877 2. Type 2, Plate No. NCC 3199, CR No. 311617261 3. Type 2, Plate No. 130209 CR No. 40521664-1 4. Type 2, Plate No. SND 5647, CR No. 177609202 | R3: 4 | S3: 4 | U3: 18 | V3: N/A | X3: Tertiary | Y3: Dr. Maria Lourdes K. Otayza | Z3: 077-600-8000 | AA3: mmmh_doh@yahoo.com | AB3: 46023 | AC3: 46387 | AD3: 01-0004-26-L3-1 | AE3: Renewal | AF3: N/A | AG3: DECENTRALIZED TO ILOCOS CHD (EFFECTIVE JANUARY 2025)
A4: 3 | B4: 02073 | C4: REGION 1 | D4: Ilocos Norte | E4: Laoag City | F4: Brgy. 23 San Matias, P. Gomez St. | G4: GOV. ROQUE B. ABLAN SR. MEMORIAL HOSPITAL | H4: Government | I4: LGU | J4: General | K4: Level 2 | L4: 100 | M4: Blood Station, HIV Testing Lab, Specialized Diagnostic X-ray Services:Computed Tomography Dialysis | N4: Blood Station | P4: 1, TYPE 2, Plate No. 130102 CR No. 0006914752 | R4: 1 | S4: 1 | U4: 6 | V4: N/A | X4: Tertiary | Y4: Dr. Arlene G. Ragasa | Z4: 772-0303 | AA4: pho_grbasmh@yahoo.com | AB4: 46023 | AC4: 46387 | AD4: 01-0026-26-H2-1 | AE4: Renewal | AF4: Add-on Service | AG4: Add-on (DIALYSIS-6 stations)
A5: 4 | B5: 00611 | C5: REGION 1 | D5: Ilocos Norte | E5: Laoag City | F5: Brgy. 46 Nalbo | G5: LAOAG CITY GENERAL HOSPITAL | H5: Government | I5: LGU | J5: General | K5: Level 1 | L5: 50 | M5: HIV Testing Lab. Blood Station Diagnostic x-ray (Level 3) Clinical Chemistry: Troponin-I, Troponin-T, HbA1c, CK-MB, Calcium, Phosphorus, Magnesium, Lactate Dehydrogenase (LDH), Alkaline Phosphatase (ALP) Immunology/Serology: Prostate-Specific Antigen (PSA), TSH, FT3, FT4 Others: Arterial Blood Gas (ABG) | N5: Blood Station | O5: No | P5: 1, Type 1, Plate No. SHY 134, CR No. 6354465-5 | Q5: 1 | R5: N/A | S5: 1 | T5: N/A | U5: 4 | V5: N/A | W5: N/A | X5: Secondary | Y5: Dr. Marsha Lou A. Wapan | Z5: 077-670-6304 09955817054 09338708355 | AA5: lcgh_lc@yahoo.com | AB5: 46023 | AC5: 46387 | AD5: 01-0046-26-H1-1 | AE5: Existing with Changes | AF5: Add-on Service | AG5: Add-on: Clinical Chemistry: Troponin-I, Troponin-T, HbA1c, CK-MB, Calcium, Phosphorus, Magnesium, Lactate Dehydrogenase (LDH), Alkaline Phosphatase (ALP) Immunology/Serology: Prostate-Speficic Antigen (PSA), TSH, FT3, FT4 Others: Arterial Blood Gas (ABG) Issued LTO (03/31/25)
A6: 5 | B6: 05358 | C6: REGION 1 | D6: Ilocos Sur | E6: Candon City | F6: San. Nicolas | G6: CITY OF CANDON HOSPITAL (Dr. Ricardo R. Gacula Memorial Medical Center) | H6: Government | I6: LGU | J6: General | K6: Level 2 | L6: 25 | M6: Specialized Diagnostic X-ray Services:Computed Tomography (City of Candon Doctors, Inc) Dialysis Clinic. | N6: Blood Station | P6: 1, Type2, Conduction Sticker No. P6 B441, CR No. 405214805 | R6: 1 | S6: 1 | U6: 12 | V6: N/A | X6: Tertiary | Y6: Dr. Archimedes A. Mercado | Z6: 742-5675 | AA6: cityofcandonhospital@ yahoo.com | AB6: 46023 | AC6: 46387 | AD6: 01-0013-26-H2-1 | AE6: Renewal | AF6: Add-on Service
A7: 6 | B7: 43601 | C7: REGION 1 | D7: Ilocos Sur | E7: Candon City | F7: Parioc Primero | G7: ILOCOS SUR MEDICAL CENTER | H7: Government | I7: DOH RETAINED | J7: General | K7: Level 2 | L7: 200 | M7: Dialysis Rapid HIV Diagnostic Algorithm Blood Bank wiht additional functions Specialized Diagnostic X-ray Services:Computed Tomography Anatomical Pathology (Surgical, Cytology and Frozen Section) Magnetic Resonance Imaging | N7: Blood Bank with additional function | O7: Yes | P7: 1, Type II, CS No. P8 D518 CR No. 437704610 | R7: 1 | S7: 1 | T7: City of Candon Hospital | U7: 12 | V7: N/A | X7: Tertiary | Y7: Dr. Angel D. Trinidad | Z7: 9164976615 | AA7: mcc@ismc.doh.gov.ph | AB7: 46023 | AC7: 46387 | AD7: 01-0016-26-H2-1 | AE7: Renewal | AF7: N/A
A8: 7 | B8: 00431 | C8: REGION 1 | D8: Ilocos Sur | E8: Cervantes | F8: National Road, Rosario | G8: ILOCOS SUR DISTRICT HOSPITAL-BESSANG PASS CERVANTES | H8: Government | I8: LGU | J8: General | K8: Level 1 | L8: 25 | N8: Blood Station | O8: No | P8: N/A | Q8: N/A | R8: N/A | S8: 0 | T8: Luis Hora Regional Memorial Hospital | U8: N/A | V8: N/A | W8: N/A | X8: Secondary | Y8: Dr. Theresa A. Basabas | Z8: 9090775565 | AA8: bessangpassmemorialhospital@yahoo.com | AB8: 46023 | AC8: 46387 | AD8: 01-0003-26-H1-1 | AE8: Renewal | AF8: N/A
A9: 8 | B9: 00281 | C9: REGION 1 | D9: Ilocos Sur | E9: Magsingal | F9: Sta. Monica | G9: ILOCOS SUR DISTRICT HOSPITAL-MAGSINGAL | H9: Government | I9: LGU | J9: General | K9: Level 1 | L9: 25 | M9: Clinical Chemistry: Magnesium, Phosphorus, Total Bilirubin, Total Protein, Albumin, Alkaline Phosphatase (ALP), Lactate Dehydrogenase (LDH), Anti-HBS Rapid Test Kit, Troponin- I, HbA1c Immunology/Serology: CTnI/CK-MB/Myo Triple Cardiac Markers, TSH, FT4, FT3, T3, T4, Prostate Specific Antigen (PSA), C-Reactive Protein (CRP) | N9: Blood Station | O9: No | P9: 1, Type 1, Plate No. GB 7112, CR No. 262898296 | Q9: 1 | R9: N/A | S9: 1 | T9: N/A | U9: N/A | V9: N/A | W9: N/A | X9: Secondary | Y9: Dr. Mirtle Ruth Ato-Tanawit | Z9: 077-604-0577 09361982146 | AA9: hospitalmagsingaldistrict@yahoo.com | AB9: 46023 | AC9: 46387 | AD9: 01-0019-26-H1-1 | AE9: Existing with Changes | AF9: Add-on Service | AG9: Add-on: Clinical Chemistry: Magnesium, Phosphorus, Total Bilirubin, Total Protein, Albumin, Alkaline Phosphatase (ALP), Lactate Dehydrogensae (LDH), Anti-HBS Rapid Test Kit, Troponin-I, HbA1c Imunology/Serology: CTnI/CK-MB/Myo Triple Cardiac Markers, TSH, FT4, FT3, T3, T4, Prostate Specific Antigen (PSA), C-Reactive Protein (CRP) Issued LTO (05-28-25)
A10: 9 | B10: 04036 | C10: REGION 1 | D10: Ilocos Sur | E10: Narvacan | F10: Paratong | G10: ILOCOS SUR DISTRICT HOSPITAL-NARVACAN | H10: Government | I10: LGU | J10: General | K10: Level 1 | L10: 50 | M10: Clinical Chemistry Examinations: Lipase, HbA1c,Amylase, ALP, LDH, Albumin, Bilirubin (DIrect & Total), Total Protein, Total Calcium, Ionized Calcium, Ionized Magnesium Machine-based Serological and Immunological Testing: Troponin I (Quantitative & Qualitative), CEA, CA-125, Thyroid Function Tests (TSH, FT4, FT3, T4, T3), Cardiac Triple (Quantitative), HCV (Rapid), CRP (Quantitative) | N10: Blood Station | O10: Yes | P10: 2, Type 1, Plate No. SAA 5184, CR No. 236646292 Type 1, Plate No. F4K411, CR No. 431831864 | Q10: 2 | R10: N/A | S10: 2 | T10: N/A | U10: N/A | V10: N/A | W10: N/A | X10: Secondary | Y10: Dr. Junardin B. Soliven | Z10: 077-604-0271 09172172115 09060215440 | AA10: cisdhhospital@yahoo.com | AB10: 46023 | AC10: 46387 | AD10: 01-0005-26-H1-1 | AE10: Renewal | AF10: N/A
A11: 10 | B11: 02463 | C11: REGION 1 | D11: Ilocos Sur | E11: Santa Lucia | F11: National Highway, San Juan | G11: ILOCOS SUR DISTRICT HOSPITAL-STA LUCIA | H11: Government | I11: LGU | J11: General | K11: Level 1 | L11: 25 | M11: HIV Testing Laboratory Clinical Chemistry: HBA1c Immunological Testing: Troponin -I Qualitative and Quantitative | N11: Blood Station | O11: No | P11: N/A | Q11: N/A | R11: N/A | S11: 0 | T11: ISDH- Narvacan | U11: N/A | V11: N/A | W11: N/A | X11: Secondary | Y11: Dr. Winston Jake P. Etalin | Z11: 09209141967 09151633280 | AA11: staluciadistricthospital@yahoo.com.ph | AB11: 46023 | AC11: 46387 | AD11: 01-0029-26-H1-1 | AE11: Renewal | AF11: N/A
A12: 11 | B12: 00254 | C12: REGION 1 | D12: Ilocos Sur | E12: Sinait | F12: Maharlika Highway, Brgy. Curtin | G12: ILOCOS SUR DISTRICT HOSPITAL-SINAIT | H12: Government | I12: LGU | J12: General | K12: Level 1 | L12: 25 | M12: HIV Testing Laboratory Clinical Chemistry: HbA1c, Amylase, Total protein,Total Billirubin,Direct Billirubin, Albumin Serological and Immunological Testing: Cardiac Markers, Troponin I, CK-MB, Tumor Marker, Beta HCG, Thyroid Function Test | N12: Blood Station | O12: Yes | P12: N/A | Q12: N/A | R12: N/A | S12: 0 | T12: LGU San Juan, Ilocos Sur | U12: N/A | V12: N/A | W12: N/A | X12: Secondary | Y12: Dr. Porfirio D. Tugas Jr. | Z12: 9175700940 | AA12: isdhsinait@gmail.com | AB12: 46023 | AC12: 46387 | AD12: 01-0009-26-H1-1 | AE12: Renewal | AF12: N/A
A13: 12 | B13: 03212 | C13: REGION 1 | D13: Ilocos Sur | E13: Tagudin | F13: Bio | G13: ILOCOS SUR DISTRICT HOSPITAL-TAGUDIN | H13: Government | I13: LGU | J13: General | K13: Level 1 | L13: 50 | M13: Clinical Chemistry: HbA1c Immunological & Serological Testing: TSH,T3,T4 | N13: Blood Station | O13: No | P13: N/A | Q13: N/A | R13: N/A | S13: 0 | T13: Ilocos Sur Medical Center | U13: N/A | V13: N/A | W13: N/A | X13: Secondary | Y13: Dr. Julianito L. Bona | Z13: 077-748-7015 / 09190977594 | AA13: tagudin_hospital@yahoo.com | AB13: 46023 | AC13: 46387 | AD13: 01-0006-26-H1-1 | AE13: Renewal | AF13: N/A
A14: 13 | B14: 05002 | C14: REGION 1 | D14: Ilocos Sur | E14: Vigan City | F14: Quirino Blvd. Tamag | G14: ILOCOS SUR PROVINCIAL HOSPITAL GABRIELA SILANG | H14: Government | I14: LGU | J14: General | K14: Level 2 | L14: 100 | M14: Blood Bank (with additional function to collect, test & process blood) HIV Testing LAboratory Rapid HIV Didagnostic Algorithm (rHIVda) Dialysis (5 stastions) Diagnostic X-Ray Services (Level 3) Specialized Diagnostic X-ray Services:Computed Tomography, Mamography Dental X-ray Services: Panoramic Magnetic Resonance Imaging Covid-19 (SARS-CoV-2) Resting Laboratory, artridge-based polymerase chain reaction Molecular Pathology | N14: Blood Bank with additional function | O14: Yes | P14: 1, Type 2, Plate No. NEV 8246 CR No: 436875445 | R14: 1 | S14: 1 | U14: 3 | V14: N/A | X14: Tertiary | Y14: Dr. Enrique Pocholo Baquiran | Z14: 674-1813 | AA14: pho_gabriela@yahoo.com | AB14: 46023 | AC14: 46387 | AD14: 01-0026-26-H2-1 | AE14: Renewal | AF14: N/A
A15: 14 | B15: 02877 | C15: REGION 1 | D15: La Union | E15: Agoo | F15: Nazareno | G15: LA UNION MEDICAL CENTER | H15: Government | I15: LGU | J15: General | K15: Level 2 | L15: 100 | M15: Blood bank (with additional function to collect, test & process blood) HIV Testing LAboratory, Pharmacy (2) Specialized Diagnostic X-ray Services:Computed Tomography | N15: Blood Bank with additional function | P15: 2, Type 2, Plate No: SAA 2076 CR No. 214787510 CS: MU 3982 CR No: 342082996 | R15: 2 | S15: 2 | V15: N/A | X15: Tertiary | Y15: Dr. Sarah Jane Villanueva | Z15: 607-5938 09273298668 | AA15: lumc_official02@yahoo.com | AB15: 46023 | AC15: 46387 | AD15: 01-0003-26-H2-1 | AE15: Renewal | AF15: N/A
A16: 15 | B16: 03199 | C16: REGION 1 | D16: La Union | E16: Bacnotan | F16: Poblacion | G16: BACNOTAN DISTRICT HOSPITAL | H16: Government | I16: LGU | J16: General | K16: Level 1 | L16: 25 | M16: Clinical Chemistry: Troponin-I, HbA1c Immunology/Serology: TSH, T3, T4, C-Reactive Protein (CRP) | N16: Blood Station | O16: No | P16: 2, Type 1, Plate No. MU 3987, CR No. 342144924 & Plate No. SAA 2072, CR No. 212396240 | Q16: 2 | R16: N/A | S16: 2 | T16: N/A | U16: N/A | V16: N/A | W16: N/A | X16: Secondary | Y16: Dr. Zenserly D. Pagaduan | Z16: 072-607-4044 / 09171734922 | AA16: bdh_bacnotan@yahoo.com | AB16: 46023 | AC16: 46387 | AD16: 01-0032-26-H1-1 | AE16: Existing with Changes | AF16: Add-on Service | AG16: Add-on: Clinical Chemistry: Troponin-I, HbA1c Immunology/Serology: TSH, T3, T4, C-Reactive Protein (CRP) Issued LTO (12/22/2025)
A17: 16 | B17: 03432 | C17: REGION 1 | D17: La Union | E17: Balaoan | F17: Bungol | G17: BALAOAN DISTRICT HOSPITAL | H17: Government | I17: LGU | J17: General | K17: Level 1 | L17: 25 | N17: Blood Station | O17: No | P17: 2, Type I, Plate No. NU3951, CR No. 342083044, & Plate No. SAA 2078, CR No. 214788674 | Q17: 2 | R17: N/A | S17: 2 | T17: N/A | U17: N/A | V17: N/A | W17: N/A | X17: Secondary | Y17: Dr. Mark Anthony S. Tomboc | Z17: 072-607-1186 0970-654-8805 | AA17: bldh.balaoan@gmail.com | AB17: 46023 | AC17: 46387 | AD17: 01-0012-26-H1-1 | AE17: Renewal | AF17: N/A
A18: 17 | B18: 02952 | C18: REGION 1 | D18: La Union | E18: Caba | F18: Poblacion Sur | G18: CABA DISTRICT HOSPITAL | H18: Government | I18: LGU | J18: General | K18: Level 1 | L18: 15 | M18: HAV IgG/IgM, S. typhi, Leptospira test, HbA1c | N18: Blood Station | O18: No | P18: 2,Type I, Plate No. SAA2077, CR No. 214787591 & Plate No. MU 4887, CR No. 342083011 | Q18: 2 | R18: N/A | S18: 2 | T18: N/A | U18: N/A | V18: N/A | W18: N/A | X18: Secondary | Y18: Dr. Antonio L. Valdriz Jr. | Z18: 09125559918 09564817840 | AA18: cdh@launion.gov.ph | AB18: 46023 | AC18: 46387 | AD18: 01-0030-26-H1-1 | AE18: Existing with Changes | AF18: Add-on Service | AG18: Add on: Immunology/Serology: HAV IgG/IgM, S. typhi, Leptospira test, HbA1c Issued LTO (03/06/2026)
A19: 18 | B19: 03757 | C19: REGION 1 | D19: La Union | E19: Naguilian | F19: Natividad | G19: NAGUILIAN DISTRICT HOSPITAL | H19: Government | I19: LGU | J19: General | K19: Level 1 | L19: 25 | M19: Clinical Chemistry: HbA1c, Troponin-I Immunology/Serology: Typhoid test kit, Leptospira, Anti-HAV Rapid Test Kit | N19: Blood Station | O19: No | P19: 2,Type I, Plate No. MU 3971, CR No. 342083022 & Plate no. SAA 2069, CR No. 219396203 | Q19: 2 | R19: N/A | S19: 2 | T19: N/A | U19: N/A | V19: N/A | W19: N/A | X19: Secondary | Y19: Dr. Cinderella P. Florendo | Z19: 072-609-1853 / 09209696745 | AA19: ndh@launion.gov.ph | AB19: 46023 | AC19: 46387 | AD19: 01-0048-26-H1-1 | AE19: Existing with Changes | AF19: Add-on Service | AG19: Add-on: Clinical Chemistry: HbA1c, Troponin-I Immunology/Serology: Typhoid test kit, Leptospira, Anti-HAV Rapid Test Kit Issued LTO (10/24/2025)
A20: 19 | B20: 04628 | C20: REGION 1 | D20: La Union | E20: Rosario | F20: Concepcion | G20: ROSARIO DISTRICT HOSPITAL | H20: Government | I20: LGU | J20: General | K20: Level 1 | L20: 25 | M20: HIV Testing Laboratory | N20: Blood Station | O20: No | P20: 1, Type 1, Plate No. SAA 2070, CR No. 212396225 | Q20: 1 | R20: N/A | S20: 1 | T20: N/A | U20: N/A | V20: N/A | W20: N/A | X20: Secondary | Y20: Dr. Michelle D. Arellano | Z20: 072-687-0456/9988 09088101985 | AA20: rdh@launion.gov.ph | AB20: 46023 | AC20: 46387 | AD20: 01-0047-26-H1-1 | AE20: Renewal | AF20: N/A
A21: 20 | B21: 02777 | C21: REGION 1 | D21: La Union | E21: San Fernando City | F21: Barangay Parian, San Fernando City, La Union | G21: ILOCOS TRAINING AND REGIONAL MEDICAL CENTER | H21: Government | I21: DOH RETAINED | J21: General | K21: Level 3 | L21: 306 | M21: Dialysis Clinic (13 stations) G6PD Confirmatory Laboratory HIV Testing Laboratory Laboratory for Drinking Water Analysis Specialized Diagnostic X-ray Services( Computed Tomography) Dental X-ray Services (Peri-apical) COVID-19 Testing Laboratory Clinical Laboratory for Molecular Pathology | N21: Blood Bank with additional function | O21: Yes | P21: 1. Type 2, Plate No. P6 F319, CR No. 39071155-4 2. Type 2, Plate No. F2 1960, CR No. 4318-29296 3. Type 2, Plate No. F4 H390, CR No. 436887371 | Q21: 0 | R21: 3 | S21: 3 | U21: 13 | V21: N/A | X21: Tertiary | Y21: Dr. Unity H. Cortez (OIC-Medical Center Chief II) | Z21: 072-607-6418 09158554459 | AA21: itrmc2010@yahoo.com nmr.itrmc20@gmail.com | AB21: 46023 | AC21: 46387 | AD21: 01-0003-26-L3-1 | AE21: Renewal | AF21: N/A | AG21: DECENTRALIZED TO ILOCOS CHD (EFFECTIVE JANUARY 2025)
A22: 21 | B22: 03374 | C22: REGION 1 | D22: Pangasinan | E22: Alaminos City | F22: Sabaro, Poblacion | G22: WESTERN PANGASINAN DISTRICT HOSPITAL | H22: Government | I22: LGU | J22: General | K22: Level 1 | L22: 75 | M22: HIV Testing Laboratory | N22: Blood Station | O22: No | P22: 2, Type I, Conduction No.YW 5718, CR No. 241079694 & Plate No. F4A487, CR No. 39410462-0 | Q22: 2 | R22: N/A | S22: 2 | T22: N/A | U22: 10 | V22: N/A | W22: N/A | X22: Secondary | Y22: Dr. Ma. Teresa G. Sanchez | Z22: 075-632-3810 | AA22: wpdhalaminosnew@yahoo.com | AB22: 46023 | AC22: 46387 | AD22: 01-0004-26-H1-1 | AE22: Renewal | AF22: N/A
A23: 22 | B23: 38481 | C23: REGION 1 | D23: Pangasinan | E23: Asingan | F23: Bypass Road, Dupac | G23: ASINGAN COMMUNITY HOSPITAL (SANTIAGO ABELLA GINEZ SR. MEM'L HOSPITAL) | H23: Government | I23: LGU | J23: General | K23: Level 1 | L23: 24 | M23: Clinical Chemistry: HbA1c Serology and Immunological Testing: Troponin-I | N23: Blood Station | O23: No | P23: 1, Type 1, Plate No. F4J725, CR No. 44964724-3 | Q23: 1 | R23: N/A | S23: 1 | T23: N/A | U23: N/A | V23: N/A | W23: N/A | X23: Secondary | Y23: Dr. Ma. Teresa M. Aquino | Z23: 9176256067 | AA23: asinhosp@yahoo.com | AB23: 46023 | AC23: 46387 | AD23: 01-0018-26-H1-L1 | AE23: Renewal | AF23: N/A
A24: 23 | B24: 04320 | C24: REGION 1 | D24: Pangasinan | E24: Bayambang | F24: Bical Norte | G24: BAYAMBANG DISTRICT HOSPITAL | H24: Government | I24: LGU | J24: General | K24: Level 1 | L24: 89 | M24: Clinical Chemistry, HbA1c, Calcium, Serology and Immunological Testing Thypidot, Troponin I Leptospira Thyroid function Test | N24: Blood Station | O24: No | P24: 1,Type I, Conduction No. S4J507, CR No. 449973985 | Q24: 1 | R24: N/A | S24: 1 | T24: N/A | U24: N/A | V24: N/A | W24: N/A | X24: Secondary | Y24: Dr. Rhonulfo F. Fama | Z24: 075-592-2958 | AA24: bayambang_districthospital80@yahoo.com | AB24: 46023 | AC24: 46387 | AD24: 01-0014-26-H1-L1 | AE24: Existing with Changes | AF24: Add-on Service | AG24: Add-on: Ambulance Service Provider Issued License 04-24-25
A25: 24 | B25: 07479 | C25: REGION 1 | D25: Pangasinan | E25: Bolinao | F25: Sampaloc | G25: BOLINAO COMMUNITY HOSPITAL | H25: Government | I25: LGU | J25: General | K25: Level 1 | L25: 25 | N25: Blood Station | O25: No | P25: 2,Type I, Plate no. YW 2080 & Type I, Conduction No. F4A202, CR No. 39425385 | Q25: 2 | R25: N/A | S25: 2 | T25: N/A | U25: N/A | V25: N/A | W25: N/A | X25: Secondary | Y25: Dr. Genevieve S. Rivera | Z25: 09267271282/ 09778509125 | AA25: bolinao_c_h@ymail.com | AB25: 46023 | AC25: 46387 | AD25: 01-0036-26-H1-1 | AE25: Renewal | AF25: N/A
A26: 25 | B26: 00273 | C26: REGION 1 | D26: Pangasinan | E26: Dagupan City | F26: Arellano St., Dagupan City | G26: REGION 1 MEDICAL CENTER | H26: Government | I26: DOH RETAINED | J26: General | K26: Level 3 | L26: 300 | M26: Dialysis Clinic (6 stations) G6PD Confirmatory HIV Testing Laboratory Laboratory for Drinking Water Analysis Pharmacy (2) Acute-Chronic Psychiatric Care Facility -16 beds Specialized Diagnostic X-ray Services (Computed Tomography, mammography, digital subtraction angiography) Dental X-Ray Services (Panoramic, Cephalometric, Peri-apical ) | N26: Blood Bank | O26: Yes | P26: 1. Type 2, Plate No. 010101, CR No. 334607943 2. Type 2, Plate No. NAK 4485, CR No. 338808525 3. Type 2, Plate No. 130109, CR No. 35982830-2 4. Type 2, Plate No. 130106, CR No. 38609095-0 | Q26: 0 | R26: 4 | S26: 4 | U26: 6 | V26: N/A | X26: Tertiary | Y26: Dr. Joseph Roland O. Mejia | Z26: 075-515-89-16 | AA26: region1mc@gmail.com | AB26: 46023 | AC26: 46387 | AD26: 01-0002-26-L3-1 | AE26: Renewal | AF26: N/A | AG26: DECENTRALIZED TO ILOCOS CHD (EFFECTIVE JANUARY 2025)
A27: 26 | B27: 00475 | C27: REGION 1 | D27: Pangasinan | E27: Dasol | F27: Bobonot | G27: DASOL COMMUNITY HOSPITAL (COL. DOMINGO A. VALDEZ MEMORIAL HOSPITAL) | H27: Government | I27: LGU | J27: General | K27: Level 1 | L27: 20 | N27: Blood Station | O27: No | P27: 1, Type I, Plate no. SND 6129, CR No. 39410463-1 | Q27: 1 | R27: N/A | S27: 1 | T27: N/A | U27: N/A | V27: N/A | W27: N/A | X27: Secondary | Y27: Dr. Ginalyn R. Malalis | Z27: 9209686860 | AA27: dasolcommunityhospital@gmail.com | AB27: 46023 | AC27: 46387 | AD27: 01-0039-26-H1-1 | AE27: Renewal | AF27: N/A
A28: 27 | B28: 01824 | C28: REGION 1 | D28: Pangasinan | E28: Lingayen | F28: Jimenez St., Poblacion | G28: LINGAYEN DISTRICT HOSPITAL (DON MARIANO C. VERSOZA MEMORIAL HOSPITAL) | H28: Government | I28: LGU | J28: General | K28: Level 1 | L28: 40 | M28: Clinical Chemistry: HbA1c, Troponin- I Immunology/Serology: TSH, FT3, FT4, Leptospira, Typhidot Rapid Tests Kits | N28: Blood Station | O28: No | P28: 2, Type I, Plate No. A4H639 & Plate No. NDR 6077 | Q28: 2 | R28: N/A | S28: 2 | T28: N/A | U28: 13 | V28: N/A | W28: N/A | X28: Secondary | Y28: Dr. Aurelio O. Carino | Z28: 075-542-2295 09223852982 | AA28: ldh_pang@yahoo.com | AB28: 46023 | AC28: 46387 | AD28: 01-0031-26-H1-1 | AE28: Existing with Changes | AF28: Add-on Service | AG28: Add-on: Clinical Chemistry: Troponin- I, HbA1c Immunology/Serology: TSH, FT3, FT4, Leptospira, Typhidot Rapid Tests Kits Issued LTO (03-26-25) Add on Services: Dialysis Clinic: 13 Stations Issued LTO (06-02-25)
A29: 28 | B29: 04280 | C29: REGION 1 | D29: Pangasinan | E29: Manaoag | F29: Baritao | G29: MANAOAG COMMUNITY HOSPITAL | H29: Government | I29: LGU | J29: General | K29: Level 1 | L29: 25 | M29: Clinical Chemistry: HbA1c, Troponin- I | N29: Blood Station | O29: No | P29: 1,Type I, Plate No. 131206, CR No. 35423967-5 | Q29: 1 | R29: N/A | S29: 1 | T29: N/A | U29: N/A | V29: N/A | W29: N/A | X29: Secondary | Y29: Dr. Donn P. Doria | Z29: 075-5230992 | AA29: manaoagcommunityhospital2013@yahoo.com.ph | AB29: 46023 | AC29: 46387 | AD29: 01-0011-26-H1-1 | AE29: Existing with Changes | AF29: Add-on Service | AG29: Add-on: Clinical Chemistry: HbA1c, Troponin-I Issued LTO (06-11-25)
A30: 29 | B30: 022132 | C30: REGION 1 | D30: Pangasinan | E30: Mangatarem | F30: Casilagan | G30: MANGATAREM DISTRICT HOSPITAL | H30: Government | I30: LGU | J30: General | K30: Level 1 | L30: 25 | M30: Specialized Diagnostic X-ray Services: Computed Tomography | N30: Blood Station | O30: No | P30: 3,Type I, Plate No. YX 0377, CR No. 241274740, Plate No. 13120, CR No. 35423970-1 & CR No. 4497400-0, Conduction Sticker S4H111 | Q30: 3 | R30: N/A | S30: 3 | T30: N/A | U30: N/A | V30: N/A | W30: N/A | X30: Secondary | Y30: Dr. Eusebio DG. Sison | Z30: 9688703888 | AA30: mangataremdistricthospital@gmail.com | AB30: 46023 | AC30: 46387 | AD30: 01-0022-26-H1-1 | AE30: Renewal | AF30: N/A
A31: 30 | B31: 00243 | C31: REGION 1 | D31: Pangasinan | E31: Mapandan | F31: 24 Fire Tree St. Poblacion | G31: MAPANDAN COMMUNITY HOSPITAL | H31: Government | I31: LGU | J31: General | K31: Level 1 | L31: 20 | M31: Clinical Chemistry: HbA1c, Troponin- I Immunology/Serology: H. pylori test, Typhidot, T3, T4, FT3, FT4, TSH | N31: Blood Station | O31: No | P31: 1,Type I, Conduction Sticker F4-J720, CR No. 283263466 | Q31: 1 | R31: N/A | S31: 1 | T31: N/A | U31: N/A | V31: N/A | W31: N/A | X31: Secondary | Y31: Dr. Pablito G. Banta | Z31: 075-632-0491 | AA31: mapandancommhosp@yahoo.com | AB31: 46023 | AC31: 46387 | AD31: 01-0026-26-H1-1 | AE31: Existing with Changes | AF31: Add-on Service | AG31: Add-on: Clinical Chemistry: HbA1c, Troponin-I Immunology/Serology: H. pylori test, Typhidot, T3, T4, FT3, FT4, TSH Issued LTO (06-19-25)
A32: 31 | B32: 02819 | C32: REGION 1 | D32: Pangasinan | E32: Pozorrubio | F32: Talogtog | G32: POZORRUBIO COMMUNITY HOSPITAL | H32: Government | I32: LGU | J32: General | K32: Level 1 | L32: 44 | M32: Clinical Chemistry: Troponin-I, HbA1c | N32: Blood Station | O32: No | P32: 1,Type I, Plate No. FIR 283 | Q32: 1 | R32: N/A | S32: 1 | T32: N/A | U32: N/A | V32: N/A | W32: N/A | X32: Secondary | Y32: Dr. Agnes Leored D. Rioflorido | Z32: 075-632-3978 | AA32: pozmunhospital@gmail.com | AB32: 46023 | AC32: 46387 | AD32: 01-0002-26-H1-1 | AE32: Existing with Changes | AF32: Add-on Service | AG32: Add-on: Clinical Chemistry: HbA1c, Troponin-I Issued LTO (11/28/2025)
A33: 32 | B33: 43601 | C33: REGION 1 | D33: Pangasinan | E33: Rosales | F33: Government Center Carmay East | G33: CONRADO F. ESTRELLA REGIONAL MEDICAL AND TRAUMA CENTER | H33: Government | I33: DOH RETAINED | J33: General | K33: Level 2 | L33: 103 | M33: Blood Bank with additional function Specialized Diagnostic X-ray Services:Computed Tomography Magnetic Resonance Imaging | N33: Blood Bank with additional function | P33: 1, Type I, Conduction No. F4KH16 CR No: 43183187-5 | R33: 1 | S33: 1 | V33: N/A | X33: Tertiary | Y33: Dr. Emerson B. Patawaran | Z33: 0755296863 / 09177819724 | AA33: cfermtc@gmail.com | AB33: 46023 | AC33: 46387 | AD33: 01-0014-26-H2-1 | AE33: Renewal | AF33: N/A
A34: 33 | B34: 1917 | C34: REGION 1 | D34: Pangasinan | E34: San Carlos City | F34: Bolingit | G34: PANGASINAN PROVINICIAL HOSPITAL | H34: Government | I34: LGU | J34: General | K34: Level 2 | L34: 250 | M34: Blood Bank (with additional function to collect, test & process) HIV Testing Laboratory RApid HIV Diagnostic Algorithm (rHIVda) Dialysis Clinic Specialized Diagnostic X-ray Servicess; Computed Tomography COVID-19 (SARS-COV-2) Testing Laboratory (Pangasinan Molecular Diagnostic Laboratory) Reverse TRanscriptase-Polymerase Chain Reaction | N34: Blood Bank with additional function | O34: Yes | P34: 1, Type 2, CS No: S3 0382 CR No: 44997499-6 | R34: 1 | S34: 1 | U34: 14 | V34: N/A | X34: Tertiary | Y34: Dr. Cipriano Fernandez | Z34: 0933-4637274 | AA34: desu.pph@gmail.com | AB34: 46023 | AC34: 46387 | AD34: 01-0020-26-H2-1 | AE34: Renewal | AF34: N/A
A35: 34 | B35: 5829 | C35: REGION 1 | D35: Pangasinan | E35: Tayug | F35: New Magallanes | G35: EASTERN PANGASINAN DISTRICT HOSPITAL | H35: Government | I35: LGU | J35: General | K35: Level 2 | L35: 150 | M35: Anatomic Pathology (surgical, cytology and frozedn section)Specialized Diagnostic X-ray Services:Computed Tomography | N35: Blood Station | P35: 1. Type 2-ALS Conduction Sticker No. f4 J413 CR No: 44964724-0 | R35: 1 | S35: 1 | V35: N/A | X35: Tertiary | Y35: Dr. Agnes Leored D. Rioflorido | Z35: 0926-3000057 09663204020 | AA35: epdh_tayug@yahoo.com | AB35: 46023 | AC35: 46387 | AD35: 01-0005-26-H2-1 | AE35: Renewal | AF35: N/A
A36: 35 | B36: 02854 | C36: REGION 1 | D36: Pangasinan | E36: Umingan | F36: Burgos St., Poblacion West | G36: UMINGAN COMMUNITY HOSPITAL | H36: Government | I36: LGU | J36: General | K36: Level 1 | L36: 15 | N36: Blood Station | O36: No | P36: 1, Type I, Conduction No. F4 5408, CR No. 44964719-2 | Q36: 1 | R36: N/A | S36: 1 | T36: N/A | U36: N/A | V36: N/A | W36: N/A | X36: Secondary | Y36: Dr. Sonny Edward V. Urbano | Z36: 075-5776-5033 09338198389 | AA36: uminganch@yahoo.com | AB36: 46023 | AC36: 46387 | AD36: 01-0033-26-H1-1 | AE36: Renewal | AF36: N/A
A37: 36 | B37: 00265 | C37: REGION 1 | D37: Pangasinan | E37: Urdaneta | F37: Dilan Paurido | G37: URDANETA DISTRICT HOSPITAL (DON AMADEO J. PEREZ SR. MEMORIAL GENERAL HOSPITAL) | H37: Government | I37: LGU | J37: General | K37: Level 1 | L37: 110 | M37: HIV Testing Laboratory Thyroid Function Test (TSH, FT4, FT3) | N37: Blood Station | O37: No | P37: 2, Type I, Plate No. SND 6115 & Plate No. NDQ 7967 | Q37: 2 | R37: N/A | S37: 2 | T37: N/A | U37: 10 | V37: N/A | W37: N/A | X37: Secondary | Y37: Dr. Arnulfo L. Olivar | Z37: 075-632-6248 | AA37: urdanetadistricthospital@gmail.com | AB37: 46023 | AC37: 46387 | AD37: 01-0028-26-H1-1 | AE37: Renewal | AF37: N/A
A38: 37 | B38: 5201 | C38: REGION 2 | D38: Batanes | E38: Basco | F38: National Road, Kayhuvokan | G38: BATANES GENERAL HOSPITAL | H38: Government | I38: DOH RETAINED | J38: General | K38: Level 2 | L38: 75 | M38: Drug Testing Lab, Pharmacy, Hospital Blood Bank (with additional functions to collect test & process blood) Diagnostic X-ray (Levell 2) , Speciialized Diagnostic X-ray Services: Computed Tamography,Mammography ,Bone Densitometry, Magnetic Resonance Imaging, rHIVda Confirmatory Laboratory, Covid-19 (SARS-CoV 2) Testing Laboratory, Clinical Laboratory for Anatomic PAthology: * Histopathology | N38: Blood Bank with additional function | P38: 2/Type 2/NCF 3752 & Type 2, SNN 3186 | R38: 2 | S38: 2 | U38: 2 | V38: N/A | X38: Tertiary | Y38: Dr. Jeffrey Antony T. Canceran | Z38: 9688573557 | AA38: bataneshospital@gmail.com | AB38: 46023 | AC38: 46387 | AD38: 02-14-26-H1-1 | AE38: Renewal | AF38: N/A | AG38: Additional 1 Type 2 Ambulance Unit- 5/11/2026 (2nd Quarte)
A39: 38 | B39: 07486 | C39: REGION 2 | D39: Cagayan | E39: Aparri | F39: National Highway, Toran | G39: APARRI PROVINCIAL HOSPITAL | H39: Government | I39: Province | J39: General | K39: Level 1 | L39: 50 | M39: Pharmacy, Diagnostic X-ray (Level 1) , Dental Clinic Hormone (AFP, LH, Progestone, FSH) Special Chemistry ( Total Bilirubin, Direct Bilirubin, TP, D-dimer, Alb, Globulin, ALP, C3, HbA1c, Vit. D, Trop I, CK-MB) S;pecial Hematology (ESR) Special Serology (ASO, S. typhi, Leptospira, PSA, CEA, CRP) Thyroid Function Test (TSH, fT3, fT4) | N39: Blood Station | P39: 1/Type 1/CS No. P8P 6970 | Q39: 1 | S39: 1 | V39: N/A | X39: Secondary | Y39: Dr. Diana Rhea V. Garde | Z39: (078) 377-3207 09363718430 | AA39: aparriprovincialhospital@gmail.com | AB39: 46023 | AC39: 46387 | AD39: 02-32-26-H1-1 | AE39: Renewal | AF39: N/A
A40: 39 | B40: 04346 | C40: REGION 2 | D40: Cagayan | E40: Ballesteros | F40: Cabuluan West | G40: BALLESTEROS DISTRICT HOSPITAL | H40: Government | I40: Province | J40: General | K40: Level 1 | L40: 25 | M40: Pharmacy, Diagnostic X-ray (Level 1) | N40: Blood Station | O40: Yes | P40: 1,Type 1/ P8M230 | Q40: 1 | S40: 1 | V40: N/A | X40: Secondary | Y40: Dr. Nicasio M. Galano, Jr. | Z40: 9569451942 | AA40: ballesterosdistricthospital@gmail.com | AB40: 46023 | AC40: 46387 | AD40: 02-40-26-H1-1 | AE40: Renewal | AF40: N/A
A41: 40 | B41: 00235 | C41: REGION 2 | D41: Cagayan | E41: Camalaniugan | F41: Gen. Batalla | G41: MATILDE A. OLIVAS DISTRICT HOSPITAL | H41: Government | I41: Province | J41: General | K41: Level 1 | L41: 17 | M41: Pharmacy ,rHIVda Confirmatory Laboratory, Diagnostic X-ray (Level 1) | N41: Blood Station | O41: Yes | P41: 1/Type 1/P8Q 044 | Q41: 1 | S41: 1 | V41: N/A | X41: Secondary | Y41: Dr. Charito C. Cipriano | Z41: (078) 377-1041 09668619798 | AA41: matildeaolivas@yahoo.com | AB41: 46023 | AC41: 46387 | AD41: 02-37-26-H1-1 | AE41: Renewal | AF41: N/A
A42: 41 | B42: 03400 | C42: REGION 2 | D42: Cagayan | E42: Gonzaga | F42: Barangay Smart | G42: ALFONSO PONCE ENRILE MEMORIAL DISTRICT HOSPITAL | H42: Government | I42: Province | J42: General | K42: Level 1 | L42: 25 | M42: Pharmacy, Diagnostic X-ray (Level 1) , Clinical Laboratory add ons services: Special Serology (Leptospira, S. typhi) | N42: Blood Station | P42: 1/Type 1/P8 G950 | Q42: 1 | S42: 1 | V42: N/A | X42: Secondary | Y42: Dr. Mildred Evelyn Frances M. Palpallatoc | Z42: (078) 377-7499 0905201194 | AA42: apemdhospital@gmail.com | AB42: 46023 | AC42: 46387 | AD42: 02-06-26-H1-1 | AE42: Renewal | AF42: Add-on Service | AG42: Clinical Lab add ons Services- 1st Quarter (3/31/2026)
A43: 42 | B43: 00230 | C43: REGION 2 | D43: Cagayan | E43: Lasam | F43: Ignacio B. Jurado | G43: LASAM DISTRICT HOSPITAL | H43: Government | I43: Province | J43: General | K43: Level 1 | L43: 17 | M43: Pharmacy, Diagnostic X-ray (Level 1) , Clinical Laboratory add ons: Special Serology (Leptospira, S. typhi) | N43: Blood Station | P43: 1,Type 1/ P8J865 | Q43: 1 | S43: 1 | V43: N/A | X43: Secondary | Y43: Dr. Aireme Q. Duca-OIC | Z43: 9757659404 | AA43: lasamdistricthospital@yahoo.com | AB43: 46023 | AC43: 46387 | AD43: 02-31-26-H1-1 | AE43: Renewal | AF43: N/A | AG43: Clinical add ons: 1st Quarter (3/17/2026)
A44: 43 | B44: 01979 | C44: REGION 2 | D44: Cagayan | E44: Piat | F44: Maguilling | G44: NUESTRA SEÑORA DE PIAT DISTRICT HOSPITAL | H44: Government | I44: Province | J44: General | K44: Level 1 | L44: 25 | M44: Pharmacy,Mobile Clinical Laboratory, Clinical Laboratory add ons: Special Serology (Leptospira, S. typhi) | N44: Blood Station | P44: 1/Type 1/P9 J669 | Q44: 1 | S44: 1 | V44: N/A | X44: Secondary | Y44: Dr. Teodoro James B. Mallabo | Z44: 078-846-0254 | AA44: nspdh01@yahoo.com | AB44: 46023 | AC44: 46387 | AD44: 02-41-26-H1-1 | AE44: Renewal | AF44: N/A | AG44: Add ons services (5/25/2026-3rd Quarter)
A45: 44 | B45: 05179 | C45: REGION 2 | D45: Cagayan | E45: Tuao | F45: Purok 4, Bulagao | G45: TUAO DISTRICT HOSPITAL | H45: Government | I45: Province | J45: General | K45: Level 1 | L45: 17 | M45: Pharmacy, Diagnostic X-ray (Level 1) | N45: Blood Station | P45: 1/Type1/SBA 1760 | Q45: 1 | S45: 1 | V45: N/A | X45: Secondary | Y45: Dr. Rowena Martina C. Sion | Z45: 9176758691 | AA45: tdh_pgoc@yahoo.com | AB45: 46023 | AC45: 46387 | AD45: 02-24-26-H1-1 | AE45: Renewal | AF45: N/A | AG45: Change of Ambulance Unit From K1R522 TO SBA 1760 (10/28/2025-4t Quarter)
A46: 45 | B46: 02162 | C46: REGION 2 | D46: Cagayan | E46: Tuguegarao City | F46: Maharlika Highway, Carig | G46: CAGAYAN VALLEY MEDICAL CENTER | H46: Government | I46: DOH RETAINED | J46: General | K46: Level 3 | L46: 700 | M46: Specialty Center – Infectious Disease and Tropital Medicine (BC), Clinical Laboratory for Molecular Pathology, G6PD Confirmatory Specialized Diagnostic X-ray Services: rHIVda Confirmatory Laboratory Computed Tomography Laboratory for Drinking Water Analysis Mammography Blood Bank (with addt’l funtions to collect, Dental test & process blood) SPECT/CT Dental Laboratory (Removable Prostheses Services) Magnetic Resonance Imaging - Complete Dentures Radiation Therapy Services: - Removable Partial Dentures w/out Conventional Radiation Therapy Metal framework 3D Conformal Radiation Therapy  Conventional acrylic dentures Intensity Modulated Radiation Therapy Covid-19 Testing Laboratory | N46: Blood Bank with additional function | O46: Yes | P46: 6, Type II, Plate No. A6P528,Type II, C.S No. P61624, Type II, C.S No. F4K526,Type I, C.S No. A6Z515,Type I, C.S No. F21949, Type 1, Plate No. SND 3092, | Q46: 3 | R46: 3 | S46: 6 | U46: 9 | V46: N/A | X46: Tertiary | Y46: Dr. Cherry Lou M. Antonio | Z46: ('(078) 302-0000 | AA46: ommc@cvmc.doh.gov.ph | AB46: 46023 | AC46: 46387 | AD46: 02-01-26-H3-1 | AE46: Renewal | AF46: N/A | AG46: Increase in ABC from 649 to 700- 3/16/2026- 1st Quarter; Increase in Dialysis Station from 7 to 9- 3/25/2026 (1st Quarter)
A47: 46 | B47: 00707 | C47: REGION 2 | D47: Cagayan | E47: Tuguegarao City | F47: Luna Street, Centro 6 | G47: TUGUEGARAO CITY PEOPLE'S GENERAL HOSPITAL | H47: Government | I47: LGU | J47: General | K47: Level 1 | L47: 68 | M47: Pharmacy, Diagnostic X-ray (Level 1) | N47: Blood Station | P47: 1/Type 2/SAA 4744 | Q47: 1 | S47: 1 | V47: N/A | X47: Secondary | Y47: Dr. Marcos Mallillin | Z47: (078) 844-1337 (078) 844-5995 09068493659 | AA47: tuguegaraocityPGH@yahoo.com | AB47: 46023 | AC47: 46387 | AD47: 02-03-26-H1-1 | AE47: Renewal | AF47: N/A
A48: 47 | B48: 06551 | C48: REGION 2 | D48: Isabela | E48: Cabagan | F48: Ngarag | G48: MILAGROS ALBANO DISTRICT HOSPITAL | H48: Government | I48: Province | J48: General | K48: Level 1 | L48: 50 | M48: Pharmacy, Diagnostic X-ray (Level 1) | N48: Blood Station | P48: 2/Type 1/SBA 1064 & 1070 | Q48: 2 | S48: 2 | U48: 10 | V48: N/A | X48: Secondary | Y48: Dr. Edencita Paguirigan | Z48: (078) 325-2069 09626361023 | AA48: madh_cabagan@yahoo.com | AB48: 46023 | AC48: 46387 | AD48: 02-17-26-H1-1 | AE48: Renewal | AF48: N/A
A49: 48 | B49: 06513 | C49: REGION 2 | D49: Isabela | E49: Cauayan City | F49: Rosemarie Reyes Street, District 1 | G49: CAUAYAN DISTRICT HOSPITAL | H49: Government | I49: Province | J49: General | K49: Level 1 | L49: 50 | M49: Pharmacy, Diagnostic X-ray (Level 2) Dental Clinic Clinical Laboratory Add ons Services: Special Chem ( iCa, HbA1C, Ferritin, PCT) Special Serology (HAV, HCV, S. Typhi, TSH, CRP, CKMB) Special Hematology (D-Dimer) Thyroid Function Test (TSH, fT3, fT4) Tumor Markers (PSA) | N49: Blood Station | P49: 1/Type 1/SBA 3692 | Q49: 1 | S49: 1 | U49: 10 | V49: N/A | X49: Secondary | Y49: Dr. Herrison O. Alejandro | Z49: (078) 260-1120 09171789163 | AA49: cdh_isabela@yahoo.com | AB49: 46023 | AC49: 46387 | AD49: 02-09-26-H1-1 | AE49: Renewal | AF49: N/A
A50: 49 | B50: 02996 | C50: REGION 2 | D50: Isabela | E50: Echague | F50: Ipil | G50: ECHAGUE DISTRICT HOSPITAL | H50: Government | I50: Province | J50: General | K50: Level 1 | L50: 25 | M50: Pharmacy, Dental Clinic, Diagnostic X-ray (Level 1), Clinical Laboratory Add ons: Special Chemistry (HbA1c, Magnesium, Phosphorus, Trop I, CK-MB) Special Serology (Leptospira, CRP, HAV,HCV, S. typhi) Thyroid FunctionTest (fT3, fT4, TSH) Tumor Markers (PSA) | N50: Blood Station | P50: 1/Type1/ MT 519 | Q50: 1 | S50: 1 | V50: N/A | X50: Secondary | Y50: Dr. Rhoda Jacquelyn P. Gaffud | Z50: (078) 305-9088 | AA50: echague_districthospital@yahoo.com | AB50: 46023 | AC50: 46387 | AD50: 02-35-26-H1-1 | AE50: Renewal | AF50: N/A | AG50: Clincal Laboratory add ons- 2/9/2026 (1st Quarter)
A51: 50 | B51: 40076 | C51: REGION 2 | D51: Isabela | E51: Ilagan City | F51: Barangay Lullutan | G51: CITY OF ILAGAN MEDICAL CENTER | H51: Government | I51: LGU | J51: General | K51: Level 2 | L51: 75 | M51: Pharmacy , rHIVda Confirmatory Laboratory, Mobile Clinical Laboratory, Computed Tamography | N51: Blood Station | O51: Yes | P51: 1, Type 1 Plate No. F4E 260 | R51: 1 | S51: 1 | U51: 8 | V51: N/A | X51: Secondary | Y51: Dr. Herbee M. Barrios | Z51: 09569365277 09999932534 | AA51: cimc_admin@cityofilagan.gov.ph | AB51: 46023 | AC51: 46387 | AD51: 02-17-26-H2-1 | AE51: Renewal | AF51: N/A | AG51: Decrease in ABC of Dialysis Station (4th Quarter- 11/5/2025)
A52: 51 | B52: 07487 | C52: REGION 2 | D52: Isabela | E52: Ilagan City | F52: Maharlika Road, Calamagui 2nd | G52: GOVERNOR FAUSTINO N. DY SR. MEMORIAL HOSPITAL | H52: Government | I52: Province | J52: General | K52: Level 1 | L52: 100 | M52: Pharmacy, Lab. for Drinking Water Analysis Dental Clinic, Mobile Clinical Laboratory,Blood bank (with addt'l function to collect, test, process blood), Diagnostic X-ray (level2), Specialized Diagnostic X-ray Services: Computed tamography Special Chemistry (HbA1c) Special Hematology ( ESR) Special Serology (Covid RAT, Trop I, CK-MB, CRP, HAV, HCV, S. typhi, ASO) Tumor Markers (AFP, PSA) Hyroid Function Test (TSH, fT3, fT4, T3, T4) | N52: Blood Bank with additional function | P52: 1/Type1/SBA 6604 | Q52: 1 | S52: 1 | U52: 20 | V52: N/A | X52: Secondary | Y52: Dr. Arlene M. Lazaro | Z52: (078) 624-1688 | AA52: gfndsmh@yahoo.com.ph | AB52: 46023 | AC52: 46387 | AD52: 02-26-26-H1-1 | AE52: Renewal | AF52: Add-on Service | AG52: Clinical Laboratories Add ons: Special Chemistry (HbA1c) Special Hematology ( ESR) Special Serology (Covid RAT, Trop I, CK-MB, CRP, HAV, HCV, S. typhi, ASO) Tumor Markers (AFP, PSA) Hyroid Function Teast (TSH, fT3, fT4, T3, T4) - ( 3rd Quarter-9/18/2025)
A53: 52 | B53: 02676 | C53: REGION 2 | D53: Isabela | E53: Roxas | F53: San Antonio | G53: MANUEL A. ROXAS DISTRICT HOSPITAL | H53: Government | I53: Province | J53: General | K53: Level 1 | L53: 50 | M53: Pharmacy, Diagnostic X-ray (Level 1) , Clinical Laboratory Add Ons: Special Chemistry (Mg, Albumin, I-Ca, HbA1c, CRP, Ctnl/CKMB/Myo) Special Serology (TSH, fT3, fT4, T3,T4, PSA, B-HCG, RAT, Salmonella, AFP) | N53: Blood Station | P53: 1/Type1/MS 7093 | Q53: 1 | S53: 1 | U53: 10 | V53: N/A | X53: Secondary | Y53: Dr. Imelda Guillermo | Z53: (078) 642-0152 09995043314 | AA53: mardh_rxs@yahoo.com.ph | AB53: 46023 | AC53: 46387 | AD53: 02-19-26-H1-1 | AE53: Renewal | AF53: N/A
A54: 53 | B54: 05461 | C54: REGION 2 | D54: Isabela | E54: San Mariano | F54: Sta. Filomena | G54: SAN MARIANO COMMUNITY HOSPITAL | H54: Government | I54: Province | J54: General | K54: Level 1 | L54: 10 | M54: Pharmacy, Diagnostic X-ray (Level 1) | N54: Blood Station | T54: Governor Faustino N. Dy Sr. Memorial Hospital | V54: N/A | X54: Secondary | Y54: Dr. Jesus C. Salvador | Z54: 9613482375 | AA54: sanmariano_communityhospital@yahoo.com | AB54: 46023 | AC54: 46387 | AD54: 02-12-26-H1-1 | AE54: Renewal | AF54: N/A
A55: 54 | B55: 03313 | C55: REGION 2 | D55: Isabela | E55: Santiago City | F55: Corner Recto Avenue, Zamora St., Rosario | G55: SOUTHERN ISABELA MEDICAL CENTER | H55: Government | I55: DOH RETAINED | J55: General | K55: Level 3 | L55: 350 | M55: rHIVda Confirmatory Laboratory, Covid-19 (SARS COV-2) Testing Laboratory, Speacialized Diagnostic X-ray Services: Computed Tomography, Dental, Bone Densitometry | N55: Blood Bank with additional function | O55: Yes | P55: 3, Type II, Plate No. BAA 6897 ; Type II, Plate No. SND 5652, Plate No. P5Q 285 | R55: 3 | S55: 3 | U55: 12 | V55: N/A | X55: Tertiary | Y55: Dr. Butch Loreto O. Garcia , III | Z55: (078) 307-2637 (078) 705-0459 | AA55: mcc@simc.doh.gov.ph | AB55: 46023 | AC55: 46387 | AD55: 02-03-26-H3-1 | AE55: Renewal | AF55: Add-on Service | AG55: Add ons: Bone Densitometry ( 1st Quarter- 3/25/2025)
A56: 55 | B56: 03667 | C56: REGION 2 | D56: Nueva Vizcaya | E56: Bambang | F56: Almaguer North | G56: NUEVA VIZCAYA PROVINCIAL HOSPITAL | H56: Government | I56: Province | J56: General | K56: Level 1 | L56: 173 | M56: Hospital Blood Bank with additional functions, rHIVda Confirmatory Laboratory, Dental Clinic, Computed Tamography Clinical Laboratory Add ons: Special Chemistry (Total Bilirubin, Direct Bilirubin, Total Protein, Albumin, ALP, Trop I, CK-MB, HbA1c, CRP) Special Serology (Leptospira, S. Typhi, H.pylori, chlamydia, Anti-HCV,Rubella IgG) Hepatitis Profile (Anti-HBS, Anti-HBEAg, HbsAG (Quanti), Anti- HBc Thyroid Function Test (fT3, fT4, TSH) Tumor Markers (PSA) | N56: Blood Bank with additional function | O56: Yes | P56: 2/Type1/NEO 7340 & SNA 9491 | Q56: 3 | S56: 3 | V56: N/A | X56: Secondary | Y56: Dr. Arlene I. Jara | Z56: (078) 392-2959 09228680843 | AA56: plgunuevavizcaya.nvph@gmail.com | AB56: 46023 | AC56: 46387 | AD56: 02-11-26-H1-1 | AE56: Renewal | AF56: N/A | AG56: Clnical Laboratory Add ons- (2/13/2026- 1st Quarter), Delisting of 1 Ambu Unit- (3/4/2026- 1st Quarter)
A57: 56 | B57: 02703 | C57: REGION 2 | D57: Nueva Vizcaya | E57: Bayombong | F57: Magsaysay | G57: REGION II TRAUMA AND MEDICAL CENTER | H57: Government | I57: DOH RETAINED | J57: General | K57: Level 3 | L57: 306 | M57: Blood Bank (with add’l functions to collect, test, and process blood), rHIVda Confirmatory Laboratory Satellite Clinical Laborator (OPD-Secondary), Covid-19 Testing Laboratory, Molecular Pathology, Ambulatory Surgical Clinic: - Opthalmologic Surgery, Specialized Diagnostic X-ray Services: *Computed Tomography *Mammography * Dental Magnetic Resonance Imaging | N57: Blood Bank with additional function | O57: Yes | P57: 1, Type II, Plate No. 131210 & CS No. F4H 504 | R57: 2 | S57: 2 | U57: 16 | V57: N/A | X57: Tertiary | Y57: Dr. Ray P. Suanding | Z57: (078) 508- 3560 (078) 392-1058 | AA57: r2tmc@riitmc.doh.gov.ph | AB57: 46023 | AC57: 46387 | AD57: 02-02-26-H3-1 | AE57: Renewal | AF57: Add-on Service | AG57: Add ons: Molecular Pathology, Ambulatory Surgical Clinic: - Opthalmologic Surgery (1st Quarter- 3/14/2025)
A58: 57 | B58: 03818 | C58: REGION 2 | D58: Nueva Vizcaya | E58: Dupax del Norte | F58: Sitio Tanap, Malasin | G58: DUPAX DISTRICT HOSPITAL | H58: Government | I58: Province | J58: General | K58: Level 1 | L58: 17 | M58: Pharmacy, Diagnostic X-ray ( Level 2),Dental Clinic | N58: Blood Station | P58: 1/Type1/POM 482 | Q58: 1 | S58: 1 | V58: N/A | X58: Secondary | Y58: Dr. Simplicio P. Daran | AA58: plgunuevavizcaya.ddh@gmail.com | AB58: 46023 | AC58: 46387 | AD58: 02-33-26-H1-1 | AE58: Renewal | AF58: N/A
A59: 58 | B59: 02828 | C59: REGION 2 | D59: Nueva Vizcaya | E59: Kayapa | F59: Pampang | G59: LT. TIDANG MEMORIAL HOSPITAL | H59: Government | I59: Province | J59: General | K59: Level 1 | L59: 15 | M59: Pharmacy,Diagnostic X-ray (Level 1) , Clinical Laboratory Add ons: Special Serology (Leptospira, S. typhi, H. pylori, Hepatitis C) | N59: Blood Station | P59: 1/Type 1/VG 1249 | Q59: 1 | S59: 1 | V59: N/A | X59: Secondary | Y59: Dr. Jerraliza D. Tannagan | Z59: 9989963846 | AA59: lt.tidangmemorialhospital2003@gmail.com | AB59: 46023 | AC59: 46387 | AD59: 02-23-26-H1-1 | AE59: Renewal | AF59: N/A | AG59: Clinical Add ons- 3/25/2026- 1st Quarter
A60: 59 | B60: 05639 | C60: REGION 2 | D60: Quirino | E60: Cabarroguis | F60: National Highway, Mangandingay | G60: QUIRINO PROVINCE MEDICAL CENTER | H60: Government | I60: Province | J60: General | K60: Level 1 | L60: 150 | M60: Pharmacy, Mobile Clinical Laboratory, Intensive Care Unit, Neonatal Intensive Care Unit (NICU), High Risk Pregnancy Unit, Blood Bank (with addt'l function to collect, test & Process blood) Diagnostic X-ray (Level 2), Specialized Diagnostic X-ray Services: Computed Tamography, Dental Clinic | N60: Blood Bank with additional function | O60: Yes | P60: 1/Type 2/SBA 4027 | R60: 1 | S60: 1 | U60: 15 | V60: N/A | X60: Tertiary | Y60: Dr. Margaret Jean C. De Guzman | Z60: 9976622677 | AA60: qpmcofficial@gmail.com qphhealth@yahoo.com | AB60: 46023 | AC60: 46387 | AD60: 02-05-26-H1-1 | AE60: Renewal | AF60: N/A | AG60: Add ons Services: Dentyal Clinic (9/19/2025- 3rd Quarter)
A61: 60 | B61: 01771 | C61: REGION 2 | D61: Quirino | E61: Maddela | F61: Diduyon | G61: MADDELA DISTRICT HOSPITAL | H61: Government | I61: Province | J61: General | K61: Level 1 | L61: 39 | M61: Pharmacy, Diagnostic X-ray (Level 1), Clinical Laboratory Add ons: Special Serology (S. Typhi) Electrolytes (iCa) | N61: Blood Station | O61: Yes | P61: 2/Type1/EH 3860; Plate No. SND 3300 | Q61: 2 | S61: 2 | V61: N/A | X61: Secondary | Y61: Dr. Ronaldo E. Sanchez | Z61: 09178650834 09985779616 | AA61: mdhquirino1985@yahoo.com | AB61: 46023 | AC61: 46387 | AD61: 02-21-26-H1-1 | AE61: Renewal | AF61: N/A | AG61: Clinical Lab Add ons: (4/20/2026-2nd Quarter)
A62: 61 | B62: 5942 | C62: REGION 3 | D62: Aurora | E62: Baler | F62: Brgy. Reserva | G62: AURORA MEMORIAL HOSPITAL | H62: Government | I62: LGU | J62: General | K62: Level 1 | L62: 66 | M62: Dialysis Clinic, Physical Medicine and Rehabilitation Unit, Dental Clinic | N62: Blood Station | O62: No | P62: Type I/CS#F4K543; CS#F4D090 | Q62: 2 | R62: N/A | S62: 2 | T62: N/A | U62: 4 | V62: B. BRAUN AVITUM PHILS., INC | W62: N/A | X62: Secondary | Y62: DR. ARIEL BITONG | Z62: 042-209-4256 | AA62: auroramemhos@gmail.com | AB62: 46023 | AC62: 46387 | AD62: 03-0205-26-H1-1 | AE62: Renewal | AF62: N/A | AG62: Provincial
A63: 62 | B63: 427 | C63: REGION 3 | D63: Bataan | E63: Balanga City | F63: Manahan St., Tenejero | G63: BATAAN GENERAL HOSPITAL AND MEDICAL CENTER | H63: Government | I63: DOH RETAINED | J63: General | K63: Level 3 | L63: 607 | M63: BB++ (collect, test, process), Anatomic/Patholoogy (cytology, surgical and frozen), G6PD Confirmatory Test, rHivda Confirmatory Laboratory, LDWA, CL for Molecular Pathology (RTPCR, Respiratory Panel, HIV Viral Load, HBV, HCV, HPV, SARS-Cov (Flu & RSV Array), MTB RIF, MTB XDR, Specialized Dx Xray Services (CT Scan, Mammo, Digital Subtracttion Angiography, Percutaneous Transluminal Angioplasty, Cardiac Cath, Bone Densitometry, MRI) Pharmacy (2) | N63: Blood Bank with additional function | O63: Yes | P63: 4/Type II/ CS No. A4 R680 CS No. A4 0057 Plate no. F3 0816 Plate no. F4 H478 | Q63: 0 | R63: 4 | S63: 4 | T63: N/A | U63: 40 | V63: BATAAN GENERAL HOSPITAL AND MEDICAL CENTER | W63: N/A | X63: Tertiary | Y63: Dr. Glory Baltazar | Z63: 237-2269/3635 | AA63: mcc@bataanghmc.doh.gov.ph | AB63: 46023 | AC63: 46387 | AD63: 03-0033-26-H3-1 | AE63: Renewal | AF63: N/A
A64: 63 | B64: 2694 | C64: REGION 3 | D64: Bataan | E64: Dinalupihan | F64: San Ramon | G64: JOSE C. PAYUMO JR. MEMORIAL HOSPITAL | H64: Government | I64: LGU | J64: General | K64: Level 1 | L64: 100 | M64: Dialysis Clinic, Diagnostic X-ray Services Level 2, Dental Clinic, ASC (General, Orthopedic, Otorhinolaryngolog, Pediatric, Reproductive Health, Thoracic Surgery) | N64: Blood Station | O64: No | P64: 1/Type II CR#37255359-1 1/Type I/ Plate# A4R620 | Q64: 1 | R64: 1 | S64: 2 | T64: N/A | U64: 6 | V64: JOSE C. PAYUMO JR. MEMORIAL HOSPITAL | W64: N/A | X64: Secondary | Y64: Dr. Deodar Q. Dimaunahan (OIC- Chief of Hospital) | Z64: 0923-748-4800 | AA64: g_abara@yahoo.com/jcpayumo@bataan.gov.ph | AB64: 46023 | AC64: 46387 | AD64: 03-0145-26- H1-1 | AE64: Renewal | AF64: N/A | AG64: Provincial
A65: 64 | B65: 38400 | C65: REGION 3 | D65: Bataan | E65: Mariveles | F65: Ave. Of The Phils, Freeport Area Of Bataan | G65: FREEPORT AREA OF BATAAN GENERAL HOSPITAL | H65: Government | I65: DOH RETAINED | J65: General | K65: Level 1 | L65: 25 | M65: Dental Clinic | N65: Blood Station | O65: No | P65: 1/Type I/ Plate No. NAO 4717 | Q65: 1 | R65: N/A | S65: 1 | T65: N/A | U65: N/A | V65: N/A | W65: N/A | X65: Secondary | Y65: Dr. Glory V. Baltazar | Z65: 047-613-4130/09282133098 | AA65: mdh@bataan.gov.ph | AB65: 46023 | AC65: 46387 | AD65: 03-0209-26-H1-1 | AE65: Renewal | AF65: N/A
A66: 65 | B66: 1977 | C66: REGION 3 | D66: Bataan | E66: Mariveles | F66: P. Monroe St. Pob. | G66: MARIVELES MENTAL WELLNESS AND GENERAL HOSPITAL | H66: Government | I66: DOH RETAINED | J66: Specialty | K66: Level 1 | L66: 18 | M66: Custodial Psychiatric Care (500 ABC), Dental Clinic (In- patient & out-patient), Dental X-ray, X-ray Services Level 2, Level 1 Hosp (18 ABC), Specialized Diagnostic X-ray Service: Dental | N66: Blood Station | O66: No | P66: Type I, Plate No. P61 781 & P61 515 | Q66: 2 | R66: 0 | S66: 2 | T66: N/A | U66: 0 | V66: N/A | W66: N/A | X66: Secondary | Y66: Dr. Dennis Dayao L. Ordoña | Z66: (047) 6339006 (047) 9354617 (047) 9354138 | AA66: planning.mmwgh@gmail.com | AB66: 46023 | AC66: 46387 | AD66: 03-0092-26-H1-1 | AE66: Renewal | AF66: N/A
A67: 66 | B67: 1890 | C67: REGION 3 | D67: Bataan | E67: Orani | F67: Lourdes Street Ma.Fe Subdivision | G67: ANTONINO "TONY" P. ROMAN MEMORIAL HOSPITAL | H67: Government | I67: LGU | J67: General | K67: Level 1 | L67: 50 | M67: Dental Clinic | N67: Blood Station | O67: No | P67: 2/Type I/Plate# 030101; Plate# F4D127 | Q67: 2 | R67: N/A | S67: 2 | T67: N/A | U67: N/A | V67: N/A | W67: N/A | X67: Secondary | Y67: Dr. Rosalie Manubay | Z67: 047-431-2827 | AA67: odhbataan@yahoo.com | AB67: 46023 | AC67: 46387 | AD67: 03-0213-26-H1-1 | AE67: Renewal | AF67: Change Name | AG67: FORMERLY ORANI DISTRICT HOSPITAL
A68: 67 | B68: 6858 | C68: REGION 3 | D68: Bulacan | E68: Baliuag | F68: Carpa Vilage,Sabang | G68: BALIUAG DISTRICT HOSPITAL | H68: Government | I68: LGU | J68: General | K68: Level 1 | L68: 100 | M68: Diagnostic X-ray Level 2 rHIVda Confirmatory Laboratory, Dental Clinic | N68: Blood Station | O68: Yes | P68: 2/Type I/ CS# F4D058; CS# F4D101 | Q68: 2 | R68: 0 | S68: 2 | T68: N/A | U68: 0 | V68: N/A | W68: N/A | X68: Secondary | Y68: Dr. Joseph Paul Cruzcosa,MPA | Z68: 044-766-2913/099-8960-5240 | AA68: bdhospital1970@gmail.com | AB68: 46023 | AC68: 46387 | AD68: 03-0083-26-H1-1 | AE68: Renewal | AF68: N/A
A69: 68 | B69: 46878 | C69: REGION 3 | D69: Bulacan | E69: Bocaue | F69: Igulot | G69: JONI VILLANUEVA GENERAL HOSPITAL | H69: Government | I69: DOH RETAINED | J69: General | K69: Level 2 | L69: 100 | M69: ASC (General Surgery, Colorectal, Pediatric Surgery, Reproductive Health Surgery, Ophthalmology, Thoracic, Urologic) | N69: Blood Station | O69: No | P69: 1/Type I/ Conduction Sticker F4J 639, 1 /type II/ F4J763 | Q69: 1 | R69: 1 | S69: 2 | T69: N/A | U69: 0 | V69: N/A | W69: N/A | X69: Secondary | Y69: Renely Tungol, MD, MPH-HSD, MHA, CSEE | Z69: 9452789718 | AA69: jvgh@centralluzon.doh.gov.ph; cc: jvghomcc@gmail.com | AB69: 46023 | AC69: 46387 | AD69: 03-0177-26-H2-1 | AE69: Renewal | AF69: N/A
A70: 69 | B70: 2726 | C70: REGION 3 | D70: Bulacan | E70: Bulakan | F70: Bagumbayan,Bulakan | G70: GREGORIO DEL PILAR DISTRICT HOSPITAL | H70: Government | I70: LGU | J70: General | K70: Level 1 | L70: 25 | M70: Diagnostic X-ray Services (Level 2) | N70: Blood Station | O70: No | P70: 1/Type I, CS# F4J798 | Q70: 1 | R70: 0 | S70: 1 | T70: N/A | U70: 0 | V70: N/A | W70: N/A | X70: Secondary | Y70: Dr. Roselle Acob | Z70: 044-762-3748/0922-298-1112 | AA70: gdpdh@bulacan.gov.ph | AB70: 46023 | AC70: 46387 | AD70: 03-0187-26-H1-1 | AE70: Renewal | AF70: N/A
A71: 70 | B71: 440 | C71: REGION 3 | D71: Bulacan | E71: Calumpit | F71: Caniogan | G71: CALUMPIT DISTRICT HOSPITAL | H71: Government | I71: LGU | J71: General | K71: Level 1 | L71: 25 | M71: Diagnostic X-ray Level2 | N71: Blood Station | O71: No | P71: 1/Type I/ CS# F5J O92 | Q71: 1 | R71: 0 | S71: 1 | T71: N/A | U71: 0 | V71: N/A | W71: N/A | X71: Secondary | Y71: Dr. Cynthia Cervania- Basco | Z71: 044-802-8988/ 0993-384-7742 | AA71: cdh@bulacan.gov.ph | AB71: 46023 | AC71: 46387 | AD71: 03-0175-26-H1-1 | AE71: Renewal | AF71: N/A
A72: 71 | B72: 3283 | C72: REGION 3 | D72: Bulacan | E72: Guiguinto | F72: Bliss , Tabe | G72: MAYOR ISAGANI C. PASCUAL HOSPITAL | H72: Government | I72: LGU | J72: General | K72: Level 1 | L72: 32 | M72: Diagnostic X-ray Level2 | N72: Blood Station | O72: No | P72: 2/Type I/ CS# F4C773; CS# F4D096 | Q72: 2 | R72: 0 | S72: 2 | T72: N/A | U72: 0 | V72: N/A | W72: N/A | X72: Secondary | Y72: Dr. Paul Ruel C. Camiña, FPOA, FPCS, MPH | Z72: 044-760-7775/7776 | AA72: ospitalgto@gmail.com | AB72: 46023 | AC72: 46387 | AD72: 03-0181-26-H1-1 | AE72: Renewal | AF72: N/A
A73: 72 | B73: 2121 | C73: REGION 3 | D73: Bulacan | E73: Hagonoy | F73: Toma Cruz St. Sto. Nino | G73: EMILIO G. PEREZ MEMORIAL HOSPITAL | H73: Government | I73: LGU | J73: General | K73: Level 1 | L73: 50 | M73: Dental Clinic, ASC ( General Surgery, Reproductive Health Surgery) | N73: Blood Station | O73: No | P73: 1/Type I/ CS# JR080A | Q73: 1 | R73: 0 | S73: 1 | T73: N/A | U73: 0 | V73: N/A | W73: N/A | X73: Secondary | Y73: Dr. Gerardo C. Morales | Z73: 099-5032-7180 | AA73: egpdh@yahoo.com | AB73: 46023 | AC73: 46387 | AD73: 03-0038-26-H1-1 | AE73: Renewal | AF73: N/A
A74: 73 | B74: 4460 | C74: REGION 3 | D74: Bulacan | E74: Malolos City | F74: 99 Potenciano St., Mojon Road | G74: BULACAN MEDICAL CENTER | H74: Government | I74: LGU | J74: General | K74: Level 3 | L74: 300 | M74: rHIVda Confirmatory Laboratory, COVID-19 (SARS COV-2) Testing Laboratory Type of Test 1. Reverse Transcriptase-Polymerase Chain Reaction,2. Cartridge-Based Polymerase Chain Reaction; Molecular Laboratory 1. Meningitis and Encephalitis Panel, 2. Respiratory Panel, 3. Blood Culture Identification Panel Specialized x-ray: CT, Mammography | N74: Blood Bank | O74: Yes | P74: 1/Type II Plate No. SND 4636 1/Type I Plate No. P9-A612 | Q74: 1 | R74: 1 | S74: 2 | T74: N/A | U74: 35 | V74: BULACAN MEDICAL CENTER | W74: N/A | X74: Tertiary | Y74: Dr. Angelito D. Trinidad | Z74: 0917-509-0817 044-791-0630/662-2675 | AA74: bmc.trinidad25@gmail.com | AB74: 46023 | AC74: 46387 | AD74: 03-0215-26- H3-1 | AE74: Renewal | AF74: N/A | AG74: Provincial
A75: 74 | B75: 2404 | C75: REGION 3 | D75: Bulacan | E75: Norzagaray | F75: Municipal Compound Poblacion | G75: NORZAGARAY MUNICIPAL HOSPITAL | H75: Government | I75: LGU | J75: General | K75: Level 1 | L75: 25 | M75: Dental Clinic | N75: Blood Station | O75: No | P75: 1/Type I/Plate# 030110 | Q75: 1 | R75: N/A | S75: 1 | T75: N/A | U75: 0 | V75: N/A | W75: N/A | X75: Secondary | Y75: Dr. Joselito C. Santiago | Z75: 044-694-1336 | AA75: joselitocsantiago@yahoo.com | AB75: 46044 | AC75: 46387 | AD75: 03-0227-26-H1-1 | AE75: Renewal | AF75: N/A | AG75: Late renewal
A76: 75 | B76: 3091 | C76: REGION 3 | D76: Bulacan | E76: San Jose del Monte City | F76: Bagong Buhay I | G76: OSPITAL NG LUNGSOD NG SAN JOSE DEL MONTE | H76: Government | I76: LGU | J76: General | K76: Level 1 | L76: 120 | M76: Diagnostic X-ray Level2, Sateliite Pharmacy; ASC (Ophthalmologic, General, Colorectal, Thoracic); Physical Medicine and Rehabilitation Unit, Dental Clinic, rHIVda Confirmatory Laboratory | N76: Blood Station | O76: Yes | P76: 2/Type I/ CS# F4B834; F4D065 | Q76: 2 | R76: 0 | S76: 2 | T76: N/A | U76: 0 | V76: N/A | W76: N/A | X76: Secondary | Y76: Dr. Erbe Bugay | Z76: 9052682280 | AA76: evelynbrigino@yahoo.com | AB76: 46023 | AC76: 46387 | AD76: 03-0051-26-H1-1 | AE76: Renewal | AF76: N/A
A77: 76 | B77: 5935 | C77: REGION 3 | D77: Bulacan | E77: San Miguel | F77: Sta. Rita Old | G77: SAN MIGUEL DISTRICT HOSPITAL | H77: Government | I77: LGU | J77: General | K77: Level 1 | L77: 50 | M77: Diagnostic X-ray Level2 | N77: Blood Station | O77: No | P77: 1/Type I/ CS# F4J792 | Q77: 1 | R77: 0 | S77: 1 | T77: N/A | U77: 0 | V77: N/A | W77: N/A | X77: Secondary | Y77: Dr. Arlan Rosegrace S. Balane-Galicia, FPAFP, MMHoA | Z77: 044-678-2070/764-0130/0917-1183-794 | AA77: sanmiguel_districthospital@yahoo.com | AB77: 46023 | AC77: 46387 | AD77: 03-0208-26-H1-1 | AE77: Renewal | AF77: N/A
A78: 77 | B78: 1672 | C78: REGION 3 | D78: Bulacan | E78: Santa Maria | F78: Poblacion | G78: ROGACIANO M. MERCADO MEMORIAL HOSPITAL | H78: Government | I78: LGU | J78: General | K78: Level 1 | L78: 150 | M78: Diagnostic X-ray Level2; Dental Clinic | N78: Blood Station | O78: No | P78: 1/Type I/Plate# SLG424 | Q78: 1 | R78: 0 | S78: 1 | T78: N/A | U78: 0 | V78: N/A | W78: N/A | X78: Secondary | Y78: Dr. David Rawland M. Domingo | Z78: 044-641-3038 | AA78: rmmmh@bulacan.gov.ph | AB78: 46023 | AC78: 46387 | AD78: 03-0217-26-H1-1 | AE78: Renewal | AF78: N/A
A79: 78 | B79: 3492 | C79: REGION 3 | D79: Nueva Ecija | E79: Bongabon | F79: De Lara Street, Brgy Curva | G79: BONGABON DISTRICT HOSPITAL | H79: Government | I79: LGU | J79: General | K79: Level 1 | L79: 29 | M79: Dental Clinic | N79: Blood Station | O79: No | P79: 1/Type I/ CS# F2G701 | Q79: 1 | R79: 0 | S79: 1 | T79: N/A | U79: 0 | V79: N/A | W79: N/A | X79: Secondary | Y79: Dr. Avesta Zayin Bautista | Z79: 9472188421 | AA79: bongabondistricthospital_ne@yahoo.com.ph bongabondh1@gmail.com | AB79: 46023 | AC79: 46387 | AD79: 03-0018-26-H1-1 | AE79: Renewal | AF79: N/A
A80: 79 | B80: 276 | C80: REGION 3 | D80: Nueva Ecija | E80: Cabanatuan City | F80: Mabini Street | G80: DR. PAULINO J. GARCIA MEMORIAL RESEARCH & MEDICAL CENTER | H80: Government | I80: DOH RETAINED | J80: General | K80: Level 3 | L80: 600 | M80: BB+ with addtl function to collect, test & process blood, Molecular Pathology (SARS-CoV2 detection, HPV genotyping, BRAF mutation detection, NRAS mutation detection, KRAS mutation detection, EGFR mutation detection, MTB/ RIF detection, MTB/ XDR detection, HIV viral load, HCV viral load, HBV viral load, HER2/ NUE FISH),Specialized x-ray: CT, Mammography, Bone Densitometer; Dental X-ray; Satellite Pharmacy (ER, OR, Oncology) | N80: Blood Bank with additional function | O80: No | P80: 2/Type II/ CS # F3 0946, CS #F3 0933 | Q80: 0 | R80: 2 | S80: 2 | T80: N/A | U80: 12 | V80: N/A | W80: N/A | X80: Tertiary | Y80: Dr. Jose Ravinar Austria | Z80: 044- 463-8888 | AA80: mcc@drpjgmrmc.doh.gov.ph cao@drpjgmrmc.doh.gov.ph | AB80: 46023 | AC80: 46387 | AD80: 03-0101-26-H3-1 | AE80: Renewal | AF80: N/A
A81: 80 | B81: 2213 | C81: REGION 3 | D81: Nueva Ecija | E81: Cabanatuan City | F81: Maharlika Hi-Way,Daan Sarile | G81: EDUARDO L. JOSON MEMORIAL HOSPITAL | H81: Government | I81: LGU | J81: General | K81: Level 1 | L81: 150 | M81: Diagnostic X-ray (Level 2); Specialized X-ray- CT; Dental Clinic; Tertiary Clinical Laboratory; Physical Medicine and Rehabilitation Unit | N81: Blood Station | O81: No | P81: 1/Type I/Plate# 131204 | Q81: 1 | R81: 0 | S81: 1 | T81: N/A | U81: 0 | V81: N/A | W81: N/A | X81: Tertiary | Y81: Dr. Augusto F. Abeleda, Jr. | Z81: 044-960-0155 0933-986-4608 | AA81: eljmemorialhospital@gmail.com | AB81: 46023 | AC81: 46387 | AD81: 03-0042-26-H1-1 | AE81: Renewal | AF81: N/A | AG81: Provincial
A82: 81 | B82: 3801 | C82: REGION 3 | D82: Nueva Ecija | E82: Cabanatuan City | F82: Maharlika Hi-Way | G82: M.V. GALLEGO CABANATUAN CITY GENERAL HOSPITAL | H82: Government | I82: LGU | J82: General | K82: Level 1 | L82: 76 | M82: BS/BCU, Diagnostic X-ray Level2, Specialized X-ray- Mammography, Dialysis Clinic - 7; Dental Clinic | N82: Blood Collection Unit/Blood Services | O82: No | P82: 1/Type I/ CS# F4B839 | Q82: 1 | R82: 0 | S82: 1 | T82: N/A | U82: 7 | V82: M.V. GALLEGO CABANATUAN CITY GENERAL HOSPITAL | W82: N/A | X82: Secondary | Y82: Dr. Benedicto S. Joson Jr. | Z82: 0919-0899-880 0918-928-9007 | AA82: mvgccgh01@yahoo.com mvgallego.ccgh@gmail.com | AB82: 46023 | AC82: 46387 | AD82: 03-0182-26-H1-1 | AE82: Renewal | AF82: N/A
A83: 82 | B83: 259 | C83: REGION 3 | D83: Nueva Ecija | E83: Gapan City | F83: Bayanihan | G83: GAPAN DISTRICT HOSPITAL | H83: Government | I83: LGU | J83: General | K83: Level 1 | L83: 25 | M83: N/A | N83: Blood Station | O83: No | P83: 1/ Type I/CS F5I224 | Q83: 1 | R83: 0 | S83: 1 | T83: N/A | U83: 0 | V83: N/A | W83: N/A | X83: Secondary | Y83: Dr. Antonito G. Duque | Z83: 044-486-3346 0918-906-1791 | AA83: gapandistricthospital@gmail.com | AB83: 46023 | AC83: 46387 | AD83: 03-0076-26-H1-1 | AE83: Renewal | AF83: N/A
A84: 83 | B84: 3868 | C84: REGION 3 | D84: Nueva Ecija | E84: Guimba | F84: Brgy. Pacac | G84: GUIMBA DISTRICT HOSPITAL | H84: Government | I84: LGU | J84: General | K84: Level 1 | L84: 17 | M84: Diagnostic X-ray (Level 2) rHIVda Confirmatory Laboratory | N84: Blood Station | O84: Yes | P84: 1/Type I/CS# F51-137 Cr# 46029023-5 (4/19/2023) | Q84: 1 | R84: 0 | S84: 1 | T84: N/A | U84: 0 | V84: N/A | W84: N/A | X84: Secondary | Y84: Dr. Nenita S. San Jose | Z84: 09166158722 09209244800 | AA84: guimbadistricthospital@yahoo.com or @y.c | AB84: 46023 | AC84: 46387 | AD84: 03-0188-26-H1-1 | AE84: Renewal | AF84: N/A
A85: 84 | B85: 3122 | C85: REGION 3 | D85: Nueva Ecija | E85: San Antonio | F85: San Mariano | G85: SAN ANTONIO DISTRICT HOSPITAL | H85: Government | I85: LGU | J85: General | K85: Level 1 | L85: 29 | M85: Dental Clinic | N85: Blood Station | O85: No | P85: MOA Immaculate Concepction Medical Center of Central Luzon, inc | Q85: 0 | R85: 0 | S85: 0 | T85: Immaculate Conception Medical Center | U85: 0 | V85: N/A | W85: N/A | X85: Secondary | Y85: Dr. Napoleon S. Palor OIC- COH | Z85: 09122360367 044-486-2534 | AA85: sanantoniodistricthospital2@gmail.com | AB85: 46023 | AC85: 46387 | AD85: 03-0158-26-H1-1 | AE85: Renewal | AF85: N/A
A86: 85 | B86: 38153 | C86: REGION 3 | D86: Nueva Ecija | E86: San Jose City | F86: A.O Pascual St., R. Eugenio | G86: OSPITAL NG LUNGSOD NG SAN JOSE | H86: Government | I86: LGU | J86: General | K86: Level 1 | L86: 23 | M86: N/A | N86: Blood Station | O86: No | P86: 2/Type I/ CS# F4D073; CS# F4D105 | Q86: 2 | R86: 0 | S86: 2 | T86: N/A | U86: 0 | V86: N/A | W86: N/A | X86: Secondary | Y86: Dr. Imelda T. Cornel | Z86: 044-4566671 | AA86: olsj3121@gmail.com | AB86: 46023 | AC86: 46387 | AD86: 03-0128-26-H1-1 | AE86: Renewal | AF86: N/A | AG86: Provincial
A87: 86 | B87: 7485 | C87: REGION 3 | D87: Nueva Ecija | E87: San Jose City | F87: Maharlika Hi-Way, Brgy.Malasin | G87: SAN JOSE CITY GENERAL HOSPITAL | H87: Government | I87: LGU | J87: General | K87: Level 1 | L87: 50 | M87: Diagnostic X-ray Level2 | N87: Blood Station | O87: No | P87: 2/Type I/CS# FAD085; CS# F4D108 | Q87: 2 | R87: 0 | S87: 2 | T87: N/A | U87: 0 | V87: N/A | W87: N/A | X87: Secondary | Y87: Dr. Joseph L. Navallo | Z87: 044-511-2265/3087/ 09187929092 | AA87: sanjosegenhosp@yahoo.com philhealthlinkssanjosecity@gmail.com | AB87: 46023 | AC87: 46387 | AD87: 03-0203-26-H1-1 | AE87: Renewal | AF87: N/A | AG87: City
A88: 87 | B88: 39275 | C88: REGION 3 | D88: Nueva Ecija | E88: San Leonardo | F88: Diversion | G88: SAN LEONARDO HOSPITAL | H88: Government | I88: LGU | J88: General | K88: Level 1 | L88: 25 | M88: Dialysis Clinic | N88: Blood Station | O88: No | P88: MOA with Dr. Gloria D. Lacson General Hospital | Q88: 0 | R88: 0 | S88: 0 | T88: Dr. Gloria D. Lacson General Hospital | U88: 8 | V88: SAN LEONARDO HOSPITAL | W88: N/A | X88: Secondary | Y88: ELENITA B. JAMPIL, MD, MHA | Z88: =+639178013407 -> 639178013407 | AA88: Sanleonardohospital@gmail.com | AB88: 46023 | AC88: 46387 | AD88: 03-0189-26-H1-1 | AE88: Renewal | AF88: N/A
A89: 88 | B89: 4589 | C89: REGION 3 | D89: Nueva Ecija | E89: Santo Domingo | F89: Prov. Rd., Pulong Bule | G89: STO. DOMINGO DISTRICT HOSPITAL | H89: Government | I89: LGU | J89: General | K89: Level 1 | L89: 17 | M89: Dental Clinic | N89: Blood Station | O89: No | P89: 1/ Type I/ Plate No. 030102 | Q89: 1 | R89: 0 | S89: 1 | T89: N/A | U89: 0 | V89: N/A | W89: N/A | X89: Secondary | Y89: Dr. Darwin S. Panahon | Z89: 09173661830 09605099270 | AA89: stodomingodistricthospital@yahoo.com | AB89: 46023 | AC89: 46387 | AD89: 03-0090-26-H1-1 | AE89: Renewal | AF89: N/A
A90: 89 | B90: 2212 | C90: REGION 3 | D90: Nueva Ecija | E90: Talavera | F90: Maestrang Kikay District | G90: TALAVERA GENERAL HOSPITAL | H90: Government | I90: DOH RETAINED | J90: General | K90: Level 2 | L90: 77 | M90: ASC (General Surgery, Otorhinolaryngologic surgery, pediatric surgery, reproductive health surgery, urologic surgery) rHIVda Confirmatory Laboratory Dialysis Clinic Blood bank Special Diagnostic X-ray Service: Dental | N90: Blood Bank | O90: Yes | P90: 2/Type II/ Plate # VK4553, A62586 | Q90: 0 | R90: 2 | S90: 2 | T90: N/A | U90: 5 | V90: TALAVERA GENERAL HOSPITAL | W90: N/A | X90: Tertiary | Y90: Ma. Isabel Gallardo, MD | Z90: 0917-512-6883 | AA90: talaverageneralhospital@gmail.com | AB90: 46023 | AC90: 46387 | AD90: 03-0182-26-H2-1 | AE90: Renewal | AF90: N/A
A91: 90 | B91: 3139 | C91: REGION 3 | D91: Pampanga | E91: Angeles City | F91: Ninoy Aquino Ave.Clark Airbase, Clark | G91: AIRFORCE CITY HOSPITAL | H91: Government | I91: AFP | J91: General | K91: Level 1 | L91: 25 | M91: N/A | N91: Blood Station | O91: No | P91: 1/Type I/Plate# F5J090 | Q91: 1 | R91: 0 | S91: 1 | T91: N/A | U91: 0 | V91: N/A | W91: N/A | X91: Secondary | Y91: Col. Darwin R. Farnacio, MHA | Z91: 045-599-2014 09338563035 | AA91: AFCH2013@yahoo.com afch.aibdc@gmail.com | AB91: 46023 | AC91: 46387 | AD91: 03-0146-26-H1-1 | AE91: Renewal | AF91: N/A | AG91: AFP
A92: 91 | C92: REGION 3 | D92: Pampanga | E92: Angeles City | F92: Lot CIAC-AI Along Mabalacat-Angeles Road, Southern Gateway, Clark Freeport Zone | G92: PAMPANGA PROVINCIAL HOSPITAL - CLARK | H92: Government | I92: LGU | J92: General | K92: Level 2 | L92: 50 | N92: Blood Station | O92: No | P92: 1/Type II// Plate # SGB 1131 | Q92: 0 | R92: 1 | S92: 1 | T92: N/A | U92: 0 | V92: N/A | W92: N/A | X92: Tertiary | Y92: Dr. Filfernan Malto | Z92: 9228517324 | AA92: pph_clark@pampanga.gov.ph | AB92: 46134 | AC92: 46387 | AD92: 03-0232-26-H2-1 | AE92: New Facility | AF92: N/A | AG92: Provincial
A93: 92 | B93: 3666 | C93: REGION 3 | D93: Pampanga | E93: Angeles City | F93: Villa Rosario, Pampang,Angeles City | G93: RAFAEL LAZATIN MEMORIAL MEDICAL CENTER | H93: Government | I93: LGU | J93: General | K93: Level 1 | L93: 120 | M93: HBB+, rHIVda Confirmatory Laboratory, Dialysis, ASC (Colorectal, General, Ophthalmologic, Orthopedic, Otorhinolaryngologic, Plastic and Reconstructive, Reproductive Health, Thoracic and Urologic), Level 2 Diagnostic Xray | N93: Blood Bank with additional function | O93: Yes | P93: 3/Type I/ Plate # F4D155; F4B833; A2ZB760 | Q93: 3 | R93: 0 | S93: 3 | T93: N/A | U93: 22 | V93: 22 | W93: N/A | X93: Secondary | Y93: Dr. Froilan Canlas | Z93: 045-322-4495 '0943-497-2069 | AA93: ona_rlmmc@yahoo.com | AB93: 46023 | AC93: 46387 | AD93: 03-0160-26-H1-1 | AE93: Renewal | AF93: N/A
A94: 93 | B94: 258 | C94: REGION 3 | D94: Pampanga | E94: Arayat | F94: San Agustin Norte,Arayat | G94: DR. EMIGDIO C. CRUZ SR. MEMORIAL HOSPITAL | H94: Government | I94: LGU | J94: General | K94: Level 1 | L94: 25 | M94: Diagnostic X-ray Level2, Dental Clinic, ASC (General) | N94: Blood Station | O94: No | P94: 1/ Type I/ IOK 757 | Q94: 1 | R94: 0 | S94: 1 | T94: N/A | U94: 0 | V94: N/A | W94: N/A | X94: Secondary | Y94: Dr. Jayson S. Balita OIC COH | Z94: 045-885-0737 09199926379 | AA94: eccsmh@gmail.com | AB94: 46023 | AC94: 46387 | AD94: 03-0074-26-H1-1 | AE94: Renewal | AF94: N/A
A95: 94 | B95: 1901 | C95: REGION 3 | D95: Pampanga | E95: Floridablanca | F95: Basa Airbase, Floridablanca | G95: BASA AIRBASE HOSPITAL | H95: Government | I95: AFP | J95: General | K95: Level 1 | L95: 17 | M95: Diagnostic Xray (Level 2), Dental Clinic | N95: Blood Station | O95: No | P95: 1/Type I/ Plate# 040110 | Q95: 1 | R95: 0 | S95: 1 | T95: N/A | U95: 0 | V95: N/A | W95: N/A | X95: Secondary | Y95: LTC Cherry V. Sison MC | Z95: 045-299-9700loc 3567 | AA95: babhadwpaf@yahoo.com | AB95: 46023 | AC95: 46387 | AD95: 03-0075-26-H1-1 | AE95: Renewal | AF95: N/A | AG95: AFP
A96: 95 | B96: 2576 | C96: REGION 3 | D96: Pampanga | E96: Floridablanca | F96: San Jose,Floridablanca | G96: ROMANA PANGAN DISTRICT HOSPITAL | H96: Government | I96: LGU | J96: General | K96: Level 1 | L96: 75 | M96: Diagnostic X-ray Level2, Dental Clinic, ASC (General, Otorhinolaryngologic, Pediatric, Reproductive Health) | N96: Blood Station | O96: No | P96: 1/Type I/ IOK K755 | Q96: 1 | R96: 0 | S96: 1 | T96: N/A | U96: 0 | V96: N/A | W96: N/A | X96: Secondary | Y96: Rachell P. Gutierrez, M.D., MHM | Z96: 045-970-0488 09336205494 | AA96: romanapangan_district@yahoo.com rpdh@pampanga.gov.ph romana.pangan.district.1965@gmail.com | AB96: 46023 | AC96: 46387 | AD96: 03-0079-26-H1-1 | AE96: Renewal | AF96: N/A
A97: 96 | B97: 256 | C97: REGION 3 | D97: Pampanga | E97: Guagua | F97: Sta. Rita,Guagua | G97: DIOSDADO P. MACAPAGAL MEMORIAL HOSPITAL | H97: Government | I97: LGU | J97: General | K97: Level 1 | L97: 75 | M97: Dental Clinic, Ambulatory Surgical Clinic (General, Pediatric, Reproductive), Molecular Pathology - Pampanga Molecular Laboratory (Covid-19, Hepatitis B &C, HIV, Tuberculosis, dengue confirmatory), Diagnostic X-ray Level2 Specialized X-ray: Computed Tomography, Dental | N97: Blood Station | O97: No | P97: 1/Type I/ SAA 2239 | Q97: 1 | R97: 0 | S97: 1 | T97: N/A | U97: 0 | V97: N/A | W97: N/A | X97: Secondary | Y97: Dr. Fleur-De-Lis M. Zapanta | Z97: 045-900-2112 09334633808 | AA97: dpmmhguagua@gmail.com | AB97: 46023 | AC97: 46387 | AD97: 03-0094-26-H1-1 | AE97: Renewal | AF97: N/A | AG97: Provincial
A98: 97 | B98: 4604 | C98: REGION 3 | D98: Pampanga | E98: Lubao | F98: Plaza, San Nicolas 1St,Poblacion, Lubao | G98: ESCOLASTICA ROMERO DISTRICT HOSPITAL | H98: Government | I98: LGU | J98: General | K98: Level 1 | L98: 75 | M98: Diagnostic X-ray Level2; Specialized X-ray - CT; NICU- 15 Bassinets. Tertiary Lab, Mobile clinical Laboratory, Dental Clinic | N98: Blood Station | O98: No | P98: 2/Type I/ IOK 759; SND 3128 | Q98: 2 | R98: 0 | S98: 2 | T98: N/A | U98: 0 | V98: N/A | W98: N/A | X98: Tertiary | Y98: Dr. Zenon V. Ponce | Z98: 045-971-6329 | AA98: escolasticaromero_hospital@yahoo.com | AB98: 46023 | AC98: 46387 | AD98: 03-0023-26-H1-1 | AE98: Renewal | AF98: N/A
A99: 98 | B99: 3754 | C99: REGION 3 | D99: Pampanga | E99: Mabalacat City | F99: Dau, Mabalacat | G99: MABALACAT DISTRICT HOSPITAL | H99: Government | I99: LGU | J99: General | K99: Level 1 | L99: 25 | M99: Diagnostic X-ray Level2, Dental Clinic, ASC (General), rHIVda Confirmatory Laboratory | N99: Blood Station | O99: Yes | P99: 1/Type I/ F5J 087 | Q99: 1 | R99: 0 | S99: 1 | T99: N/A | U99: 0 | V99: N/A | W99: N/A | X99: Secondary | Y99: Dr. Vincent Rasalan | Z99: 045-3312801/09951081032 | AA99: mdh_mabalacat@yahoo.com.ph mdh@pampanga.gov.ph lovelycozma@gmail.com | AB99: 46023 | AC99: 46387 | AD99: 03-0159-26-H1-1 | AE99: Renewal | AF99: N/A
A100: 99 | B100: 629 | C100: REGION 3 | D100: Pampanga | E100: Macabebe | F100: Batasan, Macabebe | G100: DOMINGO B. FLORES DISTRICT HOSPITAL | H100: Government | I100: LGU | J100: General | K100: Level 1 | L100: 25 | M100: Diagnostic X-ray Level2, Dental Clinic | N100: Blood Station | O100: No | P100: 1/Type I/ Plate# IOK 753 | Q100: 1 | R100: 0 | S100: 1 | T100: N/A | U100: 0 | V100: N/A | W100: N/A | X100: Secondary | Y100: Dr. Nathaniel Miguel Mercado | Z100: 045-921-3733 09209684084 | AA100: bethlili.hernandez@gmail.com | AB100: 46023 | AC100: 46387 | AD100: 03-0165-26-H1-1 | AE100: Renewal | AF100: N/A
...

Sheet Private
B1: NHFR CODE | C1: REGION | D1: PROVINCE | E1: CITY/ MUNICIPALITY | F1: BLDG OR HOUSE NO., STREET, BRGY (as applicable) | G1: NAME OF FACILITY | H1: OWNERSHIP | I1: OWNERSHIP CLASS | J1: CLASS | K1: SERVCE CAPABILITY | L1: ABC | M1: ADD-ONS SERVICES | N1: BLOOD SERVICE FACILITY (Service Capability) | O1: rHIVda Confirmatory Laboratory | P1: AMBULANCE (No./ TYPE / PLATE NO.) Pls. Seperate if different Type | Q1: TOTAL NO. OF AMBULANCE (TYPE 1) | R1: TOTAL NO. OF AMBULANCE (TYPE 2) | S1: TOTAL NO. OF AMBULANCE | T1: NAME OF AMBULANCE SERVICE PROVIDER IF W/ MOA | U1: NO OF DIALYSIS STATION (If Applicable) | V1: CTF CLASSIFICATION (If Applicable) | W1: CLINICAL LAB CLASSIFICATION (If Applicable) | X1: MEDICAL DIRECTOR/ CHIEF OF HOSPITAL | Y1: CONTACT NOS. | Z1: E-MAIL ADDRESS | AA1: VALIDITY FROM | AB1: VALIDITY UNTIL | AC1: LICENSE NO. | AD1: APPLICATION STATUS | AE1: APPLICATION STATUS | AF1: REMARKS
A2: 1 | B2: 03441 | C2: REGION 1 | D2: Ilocos Norte | E2: Bacarra | F2: National Highway, Brgy. 21, Libtong | G2: DR. BONIFACIA V. ALBANO MEMORIAL HOSPITAL | H2: Private | I2: N/A | J2: General | K2: Level 1 | L2: 25 | N2: Blood Station | O2: No | P2: N/A | Q2: N/A | R2: N/A | S2: 0 | T2: Bacarra Municipal Health Office | U2: 6 | V2: N/A | W2: Secondary | X2: Dr. Juanita Marita A. Cua | Y2: 077-670-3142 09495991813 | Z2: bmc_1970@yahoo.com | AA2: 46023 | AB2: 46387 | AC2: 01-0050-26-H1-2 | AD2: Renewal | AE2: N/A
A3: 2 | B3: 01804 | C3: REGION 1 | D3: Ilocos Norte | E3: Batac | F3: Castro St., Brgy 11 Ben-Agan | G3: GAOAT GENERAL HOSPITAL | H3: Private | I3: N/A | J3: General | K3: Level 1 | L3: 16 | N3: Blood Station | O3: No | P3: 1, Type I Plate No. CRR359, CR No. 038600000009042 | Q3: 1 | R3: N/A | S3: 1 | T3: N/A | U3: N/A | V3: N/A | W3: Secondary | X3: Dr. Ramon M. Gaoat | Y3: 077-600-0450 09399129112 | Z3: gaoatgeneralhospital@gmail.com | AA3: 46023 | AB3: 46387 | AC3: 01-0023-26-H1-2 | AD3: Renewal | AE3: N/A
A4: 3 | B4: 17409 | C4: REGION 1 | D4: Ilocos Norte | E4: Laoag City | F4: Legaspi St., Brgy. 29, Sto Tomas | G4: KARMELLI CLINIC & HOSPITAL | H4: Private | I4: N/A | J4: General | K4: Level 1 | L4: 28 | M4: Intensive Care Unit - 8 units | N4: Blood Station | O4: No | P4: N/A | Q4: N/A | R4: N/A | S4: 0 | T4: Philippines Red Cross | U4: N/A | V4: N/A | W4: Tertiary | X4: Dr. Norman Panfilo Rabago | Y4: 077-772-2292/2752; 607-0364; | Z4: karmelliclinic_hospital@yahoo.com | AA4: 46023 | AB4: 46387 | AC4: 01-0049-26-H1-2 | AD4: Renewal | AE4: N/A
A5: 4 | B5: 05640 | C5: REGION 1 | D5: Ilocos Norte | E5: San Nicolas | F5: 29 Bonoan St. Barangay 2 | G5: THE BLACK NAZARENE HOSPITAL INC. | H5: Private | I5: N/A | J5: General | K5: Level 2 | L5: 48 | M5: Specialized Diagnostic X-ray Services:Computed Tomography | N5: Blood Station | P5: 1, Type II, Plate No. AAU 5454 CR No.204141464 | R5: 1 | S5: 1 | U5: 10 | W5: Tertiary | X5: Dr. Jonathan G. Noble | Y5: 9153030906 | Z5: it.tbnhi@gmail.com | AA5: 46023 | AB5: 46387 | AC5: 01-0011-26-H2-2 | AD5: Renewal | AE5: N/A
A6: 5 | B6: 05234 | C6: REGION 1 | D6: Ilocos Sur | E6: Bantay | F6: Roxas Dike | G6: METRO VIGAN HOSPITAL | H6: Private | I6: N/A | J6: General | K6: Level 2 | L6: 80 | M6: HIV Testing Laboratory, Specialized Diagnostic X-ray Services:Computed Tomography (Ilocos Sur CT Scan & Diagnostic Center, Inc.) Mamography Litotripsy | N6: Blood Station | P6: 2, Type2 Plate No: AFC 172 CR No: 13215544-6 Plate No. IAF 9508, CR No. 0003188796 | R6: 2 | S6: 2 | U6: 11 | V6: N/A | W6: Tertiary | X6: Dr. Digna Ragasa | Y6: 0917-8431311 | Z6: metroviganhospital1998@gmail.com | AA6: 46023 | AB6: 46387 | AC6: 01-0002-26-H2-2 | AD6: Renewal | AE6: N/A
A7: 6 | B7: 32085 | C7: REGION 1 | D7: Ilocos Sur | E7: Bantay | F7: Guimod | G7: NORTHSIDE DOCTORS HOSPITAL | H7: Private | I7: N/A | J7: General | K7: Level 2 | L7: 100 | M7: Specialized Diagnostic X-ray Services:Computed Tomography Dialysis | N7: Blood Station | P7: 1,Type 2, IAC 8439 Cr No. 0003130243 | R7: 1 | S7: 1 | U7: 8 | W7: Tertiary | X7: Dr. Rosita P. Rialubin | Y7: 0917-1472661 | Z7: northsidedochosp@yahoo.com | AA7: 46023 | AB7: 46387 | AC7: 01-0028-26-H2-2 | AD7: Renewal | AE7: N/A
A8: 7 | B8: 00343 | C8: REGION 1 | D8: Ilocos Sur | E8: Cabugao | F8: Singson St., Rizal | G8: PIRA HOSPITAL, INC. | H8: Private | I8: N/A | J8: General | K8: Level 1 | L8: 29 | M8: Clinical Chemistry: Troponin-I, HbA1c Immunology/Serology: FT4, T4, TSH, Prostate-Specific Antigen (PSA), C-Reative Protein (CRP) | N8: Blood Station | O8: No | P8: 1, Type I, Plate No. TOG388, CR No. 41786299-2 | Q8: 1 | R8: N/A | S8: 1 | T8: N/A | U8: N/A | V8: N/A | W8: Secondary | X8: Dr. Maria Alejandra Rlyn P. Narcelles | Y8: 077-604-9802 09177125823 | Z8: pirahospital@yahoo.com | AA8: 46023 | AB8: 46387 | AC8: 01-0015-26-H1-2 | AD8: Existing with Changes | AE8: Add-on Service | AF8: Add-on: Clinical Chemistry: HbA1c, Troponin-I Immunology/Serology: TSH, FT4, T4, Prostate Specific Antigen (PSA), C-Reactive Protein (CRP) Issued LTO (7-15-25)
A9: 8 | B9: 07032 | C9: REGION 1 | D9: Ilocos Sur | E9: Cabugao | F9: Manila North Road, Baclig | G9: SUERO GENERAL HOSPITAL | H9: Private | I9: N/A | J9: General | K9: Level 1 | L9: 34 | M9: Clinical Chemistry : Serum, Ca, Billirubin, HbA1c, Albumin, Magnesium, Total Protein, Amylase, B-HCG Immunology and Serology : Troponin 1- Quantitative , Thypidot, TSH, FT4, Prostate-Specific Antigen (PSA), Anti-HCV Rapid Test Kits, Anti-HAV Rapid Test Kits, C-Reative Protein (CRP) | N9: Blood Station | O9: No | P9: 1, Type I, Plate No.CAN 2339 | Q9: 1 | R9: N/A | S9: 1 | T9: N/A | U9: N/A | V9: N/A | W9: Secondary | X9: Dr. Chita S. Suero | Y9: 9178139433 | Z9: suerogenhosp@yahoo.com | AA9: 46023 | AB9: 46387 | AC9: 01-0041-26-H1-2 | AD9: Existing with Changes | AE9: Add-on Service | AF9: Add-on: Clinical Chemistry: Albumin, Magnesium, Total Protein, Calcium, Bililrubin, HbA1c, Amylase , B-HCG Immunology/Serology: TSH, FT4, Prostate-Specific Antigen (PSA), Anti- HCV Rapid Test Kits, Anti-HAV Rapid Test Kits Issued LTO (04-10-25) Add-on: Sars-Cov-2 Issued LTO (11/18/2025) Ambulatory Surgical Clinic (Ophthalmologic Surgery) Issued LTO (12/02/2025)
A10: 9 | B10: 02871 | C10: REGION 1 | D10: Ilocos Sur | E10: Candon City | F10: Tablac | G10: CANDON GENERAL HOSPITAL | H10: Private | I10: N/A | J10: General | K10: Level 1 | L10: 25 | M10: Clinical Chemistry: HbA1c, Amylase, Lipase, Total Bilirubin, Direct and Indirect Bilirubin, Lactate Dehydrogenase, Alkaline Phosphatase, Magnesium, Phosphorus, Total Protein, Albumin, Troponin-I (Qualitative), Troponin-T (Quantitative) Immunology/Serology: Widal, Hepa A (HAV IgM Qualitative), Anti-HCV (Qualitative), Anti HBS (Qualitative), Thyroid Functions (T4, T3, FT3, FT4, TSH) Clinical Microscopy: Micral Test | N10: Blood Station | O10: No | P10: 1, Type I, Plate No. AAS 9640, CR No. 199150630 | Q10: 1 | R10: N/A | S10: 1 | T10: N/A | U10: N/A | V10: N/A | W10: Secondary | X10: Mr. Dino T. Chua | Y10: 077-742-6098 09173151975 | Z10: candongeneralhospital@gmail.com | AA10: 46023 | AB10: 46387 | AC10: 01-0016-26-H1-2 | AD10: Existing with Changes | AE10: Add-on Service | AF10: Add-on: Immunology/Serology: TSH, FT4, FT3, T3, T4 Issued LTO (03-14-25)
A11: 10 | B11: 5976 | C11: REGION 1 | D11: Ilocos Sur | E11: Candon City | F11: Bldg. 33, 25 De Marzo St., San Antonio | G11: CANDON ST. MARTIN DE PORRES HOSPITAL | H11: Private | I11: N/A | J11: General | K11: Level 1 | L11: 51 | M11: Specialized Diagnostic Services (Computed Tomography) Ambulatory Surgical Clinic (Ophthalmologic Surgery) Intensive Care Unit | N11: Blood Station | O11: No | P11: 1, Type I, Plate No. NGD 2563, Conduction No.F3 G662, CR No. 38392438 | Q11: 1 | R11: N/A | S11: 1 | T11: N/A | U11: 6 | V11: N/A | W11: Tertiary | X11: Dr. Modesto A. Pacquing | Y11: 9171096093 | Z11: smphpldt@gmail.com stmartindeporreshospital@yahoo.com | AA11: 46023 | AB11: 46387 | AC11: 01-0025-26-H1-2 | AD11: Renewal | AE11: N/A
A12: 11 | B12: 00359 | C12: REGION 1 | D12: Ilocos Sur | E12: Candon City | F12: 43 Madarang St., San Jose | G12: RESONABLE HOSPITAL | H12: Private | I12: N/A | J12: General | K12: Level 1 | L12: 24 | N12: Blood Station | O12: No | P12: N/A | Q12: N/A | R12: N/A | S12: 0 | T12: N/A | U12: N/A | V12: N/A | W12: Secondary | X12: Dr. Maureen M. Resonable | Y12: 077-742-6461 09175131575 | Z12: resonablehospital2002@gmail.com | AA12: 46023 | AB12: 46387 | AC12: 01-0040-26-H1-2 | AD12: Renewal | AE12: N/A
A13: 12 | B13: 04075 | C13: REGION 1 | D13: Ilocos Sur | E13: Sinait | F13: Maharlika Highway, Brgy. Namnama | G13: CORPUZ CLINIC AND HOSPITAL | H13: Private | I13: N/A | J13: General | K13: Level 1 | L13: 50 | M13: CT-Scan Services Clinical Chemistry: HbA1c, Troponin-I, Magnesium, Phosphorus, Alkaline Phosphate, Ionized Calcium, Amylase, Lipase, Albumin, Total Calcium, Bilirubin (Total, Direct, Indirect) Immunology and Serology: Prostate-Specific Antigen (PSA), Thyroid Profile (TSH, FT4, FT3, T4, T3), C-Reactive Protein (CRP), Procalcitonin (PCT), Anti-Streptolysin O (ASO), Carcinoembryonic Antigen (CEA), CK-MB, PRO-BNP, B- HCG Hematology: D-Dimer Others: Arterial Blood Gas | N13: Blood Station | O13: No | P13: 1, Type I, Plate No. NFO6840, CR No. 46149177-4 | Q13: 1 | R13: N/A | S13: 1 | T13: N/A | U13: N/A | V13: N/A | W13: Secondary | X13: Dr. Martin V. Corpuz | Y13: 09175653740 09175133380 09175653944 09178987025 | Z13: corpuzclinichospital@yahoo.com | AA13: 46023 | AB13: 46387 | AC13: 01-0007-26-H1-2 | AD13: Existing with Changes | AE13: Add-on Service | AF13: Add-on: Clinical Chemistry: Magnesium, Alkaline Phosphatase (ALP), Phosphorus, Ionized Calcium, Amylase, Lipase, Albumin, Total Calcium, Bilirubin, CK-MB, Pro-BNP, B-HCG Immunology/Serology: C-Reactive Protein (CRP), Procalcitonin (PCT), Anti-Streptolysin O (ASO), Carcinoembryonic Antigen (CEA) Hematology: D-Dimer Issued LTO (03-24-25)
A14: 13 | B14: 30122 | C14: REGION 1 | D14: Ilocos Sur | E14: Sinait | F14: National Highway, Tapao | G14: STO. CRISTO MILAGROSO HOSPITAL | H14: Private | I14: N/A | J14: General | K14: Level 1 | L14: 25 | N14: Blood Station | O14: No | P14: 1, Type 1, Plate No. IAG 5495, CR No. 007620471 | Q14: N/A | R14: N/A | S14: 0 | T14: N/A | U14: N/A | V14: N/A | W14: Secondary | X14: Dr. Nanette Q. Yagumyum | Y14: 9171059045 | Z14: stocristomilagrosohospital@gmail.com | AA14: 46023 | AB14: 46387 | AC14: 01-0035-26-H1-2 | AD14: Existing with Changes | AE14: Add-on Service | AF14: Add on: Ambulance Service Provider: 1, Type 1, Plate No. IAG 5495, CR No. 007620471 LTO Issued (01/05/2026)
A15: 14 | B15: 00365 | C15: REGION 1 | D15: Ilocos Sur | E15: Sta. Maria | F15: Simpson St., Poblacion Sur | G15: REYES ULEP CLINIC AND HOSPITAL | H15: Private | I15: N/A | J15: General | K15: Level 1 | L15: 25 | M15: HBA1C Immunology & Serology Troponin -I, Troponin T | N15: Blood Station | O15: No | P15: 1, Type I, Plate No. AFF 436 | Q15: 1 | R15: N/A | S15: 1 | T15: N/A | U15: N/A | V15: N/A | W15: Secondary | X15: Dr. Erwin R. Ulep | Y15: 9669530782 | Z15: reyesulepclinicandhospital@gmail.com | AA15: 46023 | AB15: 46387 | AC15: 01-0010-26-H1-2 | AD15: Renewal | AE15: N/A
A16: 15 | B16: 05694 | C16: REGION 1 | D16: Ilocos Sur | E16: Vigan City | F16: Rizal Street Extension, Brgy. Tamag, | G16: ILOCOS SUR COOPERATIVE MEDICAL MISSION GROUP AND HOSPITAL | H16: Private | I16: N/A | J16: General | K16: Level 1 | L16: 11 | M16: Clinical Chemistry: HbA1c, Ferritin Immunology/Serology: TSH, FT4, FT3, Prostate-Specific Antigen (PSA), Troponin-I, Anti-HAV Rapid Test Kits, HAV IgM, Salmonella Typhi Rapid Test Kit | N16: Blood Station | O16: No | P16: N/A | Q16: N/A | R16: N/A | S16: 0 | T16: Metro Vigan Hospital | U16: 4 | V16: N/A | W16: Secondary | X16: Dr. Abraham Auberon Austria | Y16: 9776335322 | Z16: iscmmgh_coop@yahoo.com.ph | AA16: 46023 | AB16: 46387 | AC16: 01-0043-26-H1-2 | AD16: Existing with Changes | AE16: Add-on Service | AF16: Add-on: Clinical Chemistry: Hba1c, Troponin-I Immunology/Serology: TSH, FT3, FT4, Ferritin, Prostate Specific Antigen (PSA), Anti-HAV Rapid Test Kit, Salmonella Typhi Rapid Test Kit Issued LTO (7-30-25)
A17: 16 | B17: 00376 | C17: REGION 1 | D17: Ilocos Sur | E17: Vigan City | F17: Pantay Daya | G17: VQR FOUNDATION FOR MEDICAL AND COMMUNITY DEVELOPMENT, INC. | H17: Private | I17: N/A | J17: General | K17: Level 1 | L17: 30 | M17: Clinical Chemistry: HbA1c, Total Protein, Albumin Immunology and Serology: Thyroid Function Test, Troponin-I, Prostate-Specific Antigen (PSA) | N17: Blood Station | O17: No | P17: N/A | Q17: N/A | R17: N/A | S17: 0 | T17: Northside Doctors' Hospital | U17: 5 | V17: N/A | W17: Secondary | X17: Dr. Glenn Agileo C. Battad | Y17: 077-647-2788 | Z17: st.jamesvqrhospital@yahoo.com | AA17: 46023 | AB17: 46387 | AC17: 01-0020-26-H1-2 | AD17: Renewal | AE17: N/A
A18: 17 | B18: 00312 | C18: REGION 1 | D18: La Union | E18: Agoo | F18: Mac Arther H-way, San Pedro | G18: AGOO FAMILY HOSPITAL | H18: Private | I18: N/A | J18: General | K18: Level 1 | L18: 15 | M18: Clinical Chemistry: HbA1c, Magnesium, Phosphorus, Calcium Immunology and Serology: Troponin- I , Tyhphidot | N18: Blood Station | O18: No | P18: N/A | Q18: N/A | R18: N/A | S18: 0 | T18: N/A | U18: N/A | V18: N/A | W18: Secondary | X18: Dr. Jose E. Aspiras Jr. | Y18: 9175640199 | Z18: docjoe1959@yahoo.com | AA18: 46023 | AB18: 46387 | AC18: 01-0038-26-H1-2 | AD18: Renewal | AE18: N/A
A19: 18 | B19: 05004 | C19: REGION 1 | D19: La Union | E19: San Fernando City | F19: Widdoes St. Brgy. II, | G19: BETHANY HOSPITAL INC. | H19: Private | J19: General | K19: Level 2 | L19: 80 | M19: Anatomic Pathology (surgical & cytology) Blood Bank HIV Testing Laboratory Specialized Diagnostic X-ray Services: Computed Tomography, Mammography, Bone Densinometry, Litotripsy, TumorLocalization and Simulation-Bethany Cancer Center (Philippine Oncololog Ctr. Corp) Radiation Oncology-Bethany Cancer Center (Philippine Oncololog Ctr. Corp) Conventioanl Radiation Therapy 3D Conformal Radiation therapy Intensity Modulated Radiation Therapy Mobile Clinic Laboratory | N19: Blood Station | P19: 1, Type2, Plate No.AEA 8687, CR No. 285615746 | R19: 1 | S19: 1 | V19: N/A | W19: Tertiary | X19: Dr. Gualberto Marcial T. Basco | Y19: 0905-2532600 | Z19: bethanyhospital.mis@gmail.com | AA19: 46023 | AB19: 46387 | AC19: 01-0012-26-H2-2 | AD19: Renewal | AE19: N/A
A20: 19 | B20: 05674 | C20: REGION 1 | D20: La Union | E20: San Fernando City | F20: Ancheta St., Catbangen | G20: LA UNION MEDICAL DIAGNOSTIC CENTER AND HOSPITAL, INC. | H20: Private | I20: N/A | J20: General | K20: Level 1 | L20: 18 | M20: HIV Testing Laboratory Intensive Care Unit (3 Beds) | N20: Blood Station | O20: No | P20: 2,Type I, Plate No. CAI 3168 & Conduction No. P40038, CR No. 36946032-4 | Q20: 2 | R20: N/A | S20: 2 | T20: N/A | U20: 12 | V20: N/A | W20: Tertiary | X20: Dr. Evamarie D. Madayag | Y20: 072-607-8339/3898 09084164480 09951686286 | Z20: launionmed@gmail.com | AA20: 46023 | AB20: 46387 | AC20: 01-0037-26-H1-2 | AD20: Renewal | AE20: N/A
A21: 20 | B21: 00400 | C21: REGION 1 | D21: La Union | E21: San Fernando City | F21: Carlatan, San Fernando City, La Union | G21: LORMA MEDICAL CENTER, INC. | H21: Private | I21: N/A | J21: General | K21: Level 3 | L21: 200 | M21: Dialysis Clinic (22 stations) HIV Testing Laboratory Pharmacy (2) Mobile Clinical Laboratory COVID-19 Testing Laboratory Clinical Laboratory for Molecular Pathology Specialized Diagnostic X-ray Services (Computed Tomography, Mammography, Cardiac Catheterization, Bone Densitometry, Digital Subtraction Angiography, Percutaneous Transluminal Angioplasty, Tumour Localization and Simulation) Dental X-Ray Services (Panoramic, Cephalometric, Peri-apical, Intra-oral Dental Service) | N21: Blood Bank with additional function | O21: No | P21: 1. Type 2, Plate No. IAB 3356, CR No. 35742981-1 | Q21: 0 | R21: 1 | S21: 1 | U21: 22 | V21: N/A | W21: Tertiary | X21: Dr. Mario T. Bautista | Y21: 072-888-2616 (0917)5288406 | Z21: iso.lorma@gmail.com | AA21: 46023 | AB21: 46387 | AC21: 01-0001-26-L3-2 | AD21: Renewal | AE21: N/A | AF21: DECENTRALIZED TO ILOCOS CHD (EFFECTIVE JANUARY 2025)
A22: 21 | B22: 00375 | C22: REGION 1 | D22: Pangasinan | E22: Alaminos City | F22: Bolaney | G22: ALAMINOS DOCTORS HOSPITAL | H22: Private | I22: N/A | J22: General | K22: Level 1 | L22: 42 | N22: Blood Station | O22: No | P22: 1, Type I, Plate No.AAB 1655, CR No. 180962504 | Q22: 1 | R22: N/A | S22: 1 | T22: N/A | U22: 10 | V22: N/A | W22: Secondary | X22: Dr. Jaime R. Maron | Y22: 075-696-1843 / 09162502788 09209687680 09278201805 | Z22: aldochos2000@gmail.com | AA22: 46023 | AB22: 46387 | AC22: 01-0021-26-H1-2 | AD22: Renewal | AE22: N/A
A23: 22 | B23: 00285 | C23: REGION 1 | D23: Pangasinan | E23: Alaminos City | F23: Sadsaran Street, Poblacion | G23: C & H MEDICAL AND SURGICAL CLINIC, INC. | H23: Private | I23: N/A | J23: General | K23: Level 1 | L23: 8 | N23: Blood Station | O23: No | P23: N/A | Q23: N/A | R23: N/A | S23: 0 | T23: N/A | U23: N/A | V23: N/A | W23: Secondary | X23: Dr. Grace G. Humilde-Catambing | Y23: 9257468685 | Z23: cnhhospital@yahoo.com | AA23: 46023 | AB23: 46387 | AC23: 01-0051-26-H1-2 | AD23: Renewal | AE23: N/A
A24: 23 | B24: 51958 | C24: REGION 1 | D24: Pangasinan | E24: Bayambang | F24: San Carlos Road, Asin | G24: JULIUS K. QUIAMBAO (JKQ) MEDICAL AND WELLNESS CENTER | H24: Private | I24: N/A | J24: General | K24: Level 2 | L24: 100 | M24: Dialysis Clinic Diagnostic X-ray Services (Level 3): Computed Tomography, Mammography, Dental CBCT MAgnetic Resonance Imaging Blood Bank | N24: Blood Bank | P24: 1,Type II, Plate No. NHR 9368 CR No. 0044109509 | R24: 1 | S24: 1 | U24: 14 | W24: Tertiary | X24: Dr. Dave C. Gamboa | Y24: 0969-5022675 | Z24: compliance@jkqmwc.com | AA24: 46023 | AB24: 46387 | AC24: 01-0006-26-H2-2 | AD24: Renewal | AE24: N/A
A25: 24 | B25: 04232 | C25: REGION 1 | D25: Pangasinan | E25: Bayambang | F25: Juan Luna St., Poblacion Sur | G25: NUESTRO SEÑOR SANTO NIÑO HOSPITAL, INC. | H25: Private | I25: N/A | J25: General | K25: Level 1 | L25: 12 | M25: HIV Testing Laboratory Clinical Chemistry HBA1c, Immunology and Serology Troponin I, TSH, FT3, FT4 | N25: Blood Station | O25: No | P25: 1, Type I, Plate No. CBF 6273, CR No. 42584441-4 | Q25: 1 | R25: N/A | S25: 1 | T25: N/A | U25: 8 | V25: N/A | W25: Secondary | X25: Dr. Charisse T. Alvarez | Y25: 075-633-5805 / 09156472085 | Z25: nssnh@yahoo.com | AA25: 46023 | AB25: 46387 | AC25: 01-0008-26-H1-2 | AD25: Renewal | AE25: N/A
A26: 25 | B26: 51959 | C26: REGION 1 | D26: Pangasinan | E26: Binmaley | F26: National Road, Brgy. Naguilayan | G26: CENTRAL PANGASINAN HOSPITAL AND MEDICAL CENTER | H26: Private | J26: General | K26: Level 2 | L26: 100 | M26: Dialysis Clinic Diagnostic X-ray Services (Level 2) | N26: Blood Station | P26: 1,Type II, Plate No. NIU 9155 CR No. 0047102971 | R26: 1 | S26: 1 | U26: 12 | W26: Tertiary | X26: Dr. Ferdinand Florendo | Y26: 0915-7196061 | Z26: cphmc.corp@gmail.com | AA26: 46023 | AB26: 46387 | AC26: 01-0004-26-H2-2 | AD26: Renewal | AE26: N/A
A27: 26 | B27: 50658 | C27: REGION 1 | D27: Pangasinan | E27: Dagupan City | F27: 23 De Venecia Road, Malued, Dagupan City, Pangasinan | G27: ALLIED CARE EXPERTS (ACE) MEDICAL CENTER-PANGASINAN, INC. | H27: Private | I27: N/A | J27: General | K27: Level 2 | L27: 100 | M27: AmbulatorySurgical Clinic Diagnostic X-ray Services (Level 3) Dialysis Clinic (8 stations) | N27: Blood Station | P27: 1, Type2, Plate No.CBE 3481, CR No. 46042202-3 | R27: 1 | S27: 1 | U27: 8 | V27: N/A | W27: Tertiary | X27: Dr. Bennet Go-Ong | Y27: 9178015958 | Z27: acemcpangasinan.admin@gmail.com | AA27: 46023 | AB27: 46387 | AC27: 01-0022-26-H2-2 | AD27: Renewal | AE27: N/A
A28: 27 | B28: 00340 | C28: REGION 1 | D28: Pangasinan | E28: Dagupan City | F28: Burgos St., Poblacion Oeste | G28: CUISON HOSPITAL, INCORPORATED | H28: Private | I28: N/A | J28: General | K28: Level 1 | L28: 18 | M28: Clinical Chemistry: HbA1c Immunology and Serology:Troponin- I, TSH, T3, T4, Prostate-Specific Antigen (PSA). H. pylori, Anti-HCV Rapid Test Kits, Anti-HAV Rapid Test Kits | N28: Blood Station | O28: No | P28: N/A | Q28: N/A | R28: N/A | S28: 0 | T28: Nazareth General Hospital | U28: N/A | V28: N/A | W28: Secondary | X28: Dr. Conrado H. Cuison | Y28: 9175084527 | Z28: cuisonhospinc@gmail.com | AA28: 46023 | AB28: 46387 | AC28: 01-0034-26-H1-2 | AD28: Renewal | AE28: N/A
A29: 28 | B29: 04701 | C29: REGION 1 | D29: Pangasinan | E29: Dagupan City | F29: Mcarthur Highway, Mayombo District | G29: DAGUPAN DOCTORS VILLAFLOR MEMORIAL HOSPITAL, INC. | H29: Private | I29: N/A | J29: General | K29: Level 2 | L29: 100 | M29: HIV Testing Laboratory Dialysis Clinic Diagnostic X-ray Services (Level 3) Specialized Diagnostic X-ray Services: Computed Tomography, Mammography, Bone Densinometry, Tumor Localization and Simulation, Litotripsy Radiation Therapy Service Category: Level 3) Radiation Therapy Services: Conventional Radiation Therapy, 3D Conformal Radiation Therapy, Intensity Modulated Radiation Therapy Cardiac Catheterization Dental X-ray Services: Peri-apical Covid-19 (SARS-COV-2) Testing Laboratory, Reverese transcriptase-polymerase chaiin reaction, cartridge-based polymerase chain reaction Cancer Treatment Unit(Systemic Therapy) | N29: Blood Station | P29: 1, Type II Plate No. NGY 247 CR No. 42070833-0 | R29: 1 | S29: 1 | U29: 30 | V29: Cancer Treatment Unit in a General Hospital | W29: Tertiary | X29: Dr. Vivencio V. Villaflor | Y29: 09950917916 09062951678 | Z29: licensing@villaflorhospital.com.ph | AA29: 46023 | AB29: 46387 | AC29: 01-0017-26-H2-2 | AD29: Renewal | AE29: N/A
A30: 29 | B30: 02879 | C30: REGION 1 | D30: Pangasinan | E30: Dagupan City | F30: Bonuan Gueset | G30: DECENA GENERAL HOSPITAL | H30: Private | I30: N/A | J30: General | K30: Level 1 | L30: 15 | N30: Blood Station | O30: No | P30: N/A | Q30: N/A | R30: N/A | S30: 0 | T30: Medical Centrum Dagupan | U30: N/A | V30: N/A | W30: Secondary | X30: Dr. Madelyn F. Decena | Y30: 9052321682 | Z30: dgh_dag@yahoo.com | AA30: 46023 | AB30: 46387 | AC30: 01-0027-26-H1-2 | AD30: Renewal | AE30: N/A
A31: 30 | B31: 00373 | C31: REGION 1 | D31: Pangasinan | E31: Dagupan City | F31: 329 Mcarthur Highway, Tapuac | G31: LUZON MEDICAL CENTER, INC. | H31: Private | I31: N/A | J31: General | K31: Level 2 | L31: 70 | M31: HIV Testing Laboratory Dialysis Clinic Specialized Diagnostic X-ray Services: Computed Tomography | N31: Blood Station | P31: 1, Type II, Plate No. WPY 145 CR #: 35739538-2 | R31: 1 | S31: 1 | U31: 10 | V31: N/A | W31: Tertiary | X31: Dr. Paquito S. Fuentes | Y31: 9318065997 | Z31: luzonmedicalcenter@gmail.com | AA31: 46023 | AB31: 46387 | AC31: 01-0009-26-H2-2 | AD31: Renewal | AE31: N/A
A32: 31 | B32: 3120 | C32: REGION 1 | D32: Pangasinan | E32: Dagupan City | F32: AB Fernandez Avenue East | G32: MEDICAL CENTRUM DAGUPAN | H32: Private | J32: General | K32: Level 2 | L32: 42 | M32: HIV Testing Laboratory Dialysis Clinic Specialized Diagnostic X-ray Services:Computed Tomography, Mammography | N32: Blood Station | P32: 1, Type 2 Plate No. NCW 5471 CR No. 320476763 | R32: 1 | S32: 1 | U32: 4 | V32: N/A | W32: Tertiary | X32: Dr. Eugenio De Leon | Y32: 0928-7676693 | Z32: medcentrum_dagupan@yahoo.com.ph | AA32: 46023 | AB32: 46387 | AC32: 01-0001-26-H2-2 | AD32: Renewal | AE32: N/A
A33: 32 | B33: 4637 | C33: REGION 1 | D33: Pangasinan | E33: Dagupan City | F33: 203 Perez Boulevard | G33: NAZARETH GENERAL HOSPITAL | H33: Private | J33: General | K33: Level 2 | L33: 60 | M33: HIV Testing Laboratory Dialysis Clinic Diagnostic X-ray Services (Level 3) Specialized Diagnostic X-ray Services;Computed Tomography, Mammography, Litotripsy, C-arm | N33: Blood Station | P33: 1, Typer 2, Plate No. AAP 5417 CR No. 2026725153 | R33: 1 | S33: 1 | U33: 14 | V33: N/A | W33: Tertiary | X33: Dr. Edmundo G. Exconde | Y33: 0977-7564299 | Z33: eeg_ngh@yahoo.com | AA33: 46023 | AB33: 46387 | AC33: 01-0027-26-H2-2 | AD33: Renewal | AE33: N/A
A34: 33 | B34: 03555 | C34: REGION 1 | D34: Pangasinan | E34: Dagupan City | F34: Tapuac District | G34: SPECIALIST GROUP HOSPITAL AND TRAUMA CENTER | H34: Private | I34: N/A | J34: General | K34: Level 2 | L34: 80 | M34: HIV Testing Laboratory Dialysisc Clinic Specialized Diagnostic X-ray Services:Computed Tomography, Mammography | N34: Blood Station | P34: 1, Type2, Plate No. ICL 2144, Cr No. 241932180 | R34: 1 | S34: 1 | U34: 4 | W34: Tertiary | X34: Dr. Carlito V. Arenas | Y34: 075-522-2254 | Z34: carl_md2000@yahoo.com sghtchr@gmail.com sghtcitdept@gmail.com | AA34: 46023 | AB34: 46387 | AC34: 01-0010-26-H2-2 | AD34: Renewal | AE34: N/A
A35: 34 | B35: 05789 | C35: REGION 1 | D35: Pangasinan | E35: Dagupan City | F35: Nable St. | G35: THE MEDICAL CITY PANGASINAN | H35: Private | I35: N/A | J35: General | K35: Level 2 | L35: 75 | M35: HIV Testing Laboratory, Specialized Diagnostic X-ray Services: Computed Tomography Monile Clinical Laboratory | N35: Blood Station | P35: 1, Type 2 , Plate NO. NIN 9232 CR No. 48044121-6 | R35: 1 | S35: 1 | W35: Tertiary | X35: Dr. Juan Antonio Maximiano Escano | Y35: 0925-7072534 | Z35: tmcpangasinan@themedicalcity.com | AA35: 46023 | AB35: 46387 | AC35: 01-0029-26-H2-2 | AD35: Renewal | AE35: N/A
A36: 35 | B36: 5122 | C36: REGION 1 | D36: Pangasinan | E36: Lingayen | F36: Solis St., | G36: JESUS NAZARENE GENERAL HOSPITAL | H36: Private | J36: General | K36: Level 2 | L36: 30 | M36: Specialized Diagnostic X-ray Services:Computed Tomography | N36: Blood Station | P36: 1, Type II, Plate No. BCL 4508 CR No; 0065888320 | R36: 1 | S36: 1 | V36: N/A | W36: Tertiary | X36: Dr. Dick Lee Ong | Y36: 09334900058 09773485328 | Z36: jngh08@yahoo.com | AA36: 46023 | AB36: 46387 | AC36: 01-0008-26-H2-2 | AD36: Renewal | AE36: N/A
A37: 36 | B37: 39821 | C37: REGION 1 | D37: Pangasinan | E37: Malasiqui | F37: Brgy. Cabatling | G37: UNIVERSAL HEALTH GENERAL HOSPITAL | H37: Private | I37: N/A | J37: General | K37: Level 2 | L37: 50 | M37: Specialized Diagnostic X-ray Services: Computed Tomography | N37: Blood Station | P37: 1, Type II, Plate No. 1115 CR NO: 0683597 | R37: 1 | S37: 1 | W37: Tertiary | X37: Dr. Ruby Soccrro Elguira | Y37: 0917-7915894 | Z37: uhgh143@gmail.com | AA37: 46023 | AB37: 46387 | AC37: 01-0024-26-H2-2 | AD37: Renewal | AE37: N/A
A38: 37 | B38: 30123 | C38: REGION 1 | D38: Pangasinan | E38: Mangatarem | F38: Umangan | G38: MBP-BLESSED TRINITY GENERAL HOSPITAL, INC. | H38: Private | I38: N/A | J38: General | K38: Level 1 | L38: 18 | N38: Blood Station | O38: No | P38: N/A | Q38: N/A | R38: N/A | S38: 0 | T38: Mangatarem District Hospital | U38: N/A | V38: N/A | W38: Secondary | X38: Dr. Rhodora P. Maron | Y38: 075-632-1288 | Z38: mbpbtghinc@gmail.com | AA38: 46023 | AB38: 46387 | AC38: 01-0045-26-H1-2 | AD38: Renewal | AE38: N/A
A39: 38 | B39: 00301 | C39: REGION 1 | D39: Pangasinan | E39: Rosales | F39: Mcarthur Highway, Carmen West | G39: DEL CARMEN MEDICAL CLINIC AND HOSPITAL, INC. | H39: Private | I39: N/A | J39: General | K39: Level 1 | L39: 28 | M39: Clinical Chemistry: Troponin-I, Lactate Dehydrogenase (LDH), Ionized Calcium, Magnesium, Phosphorus, Total Protein, Albumin, HbA1c, Alkaline Phosphatease (ALP), Pro-BNP Immunology/Serology: C- Reactive Protein (CRP), Ferritin, Procalcitonin (PCT), FT3, FT4, TSH, Anti-HCV Rapid Test Kits, Anti-HAV Rapid Test Kits Hematology: D-Dimer, APTT, PTPA Others: Arterial Blood Gas (ABG) Tertiary Clinical Laboratory | N39: Blood Station | O39: No | P39: N/A | Q39: N/A | R39: N/A | S39: 0 | T39: Conrado F. Estrella Regional Medical and Trauma Center | U39: N/A | V39: N/A | W39: Tertiary | X39: Dr. Ma. Carmen S. Ausa | Y39: 9162173137 9688835568 9159713686 | Z39: delcarmenhospital@yahoo.com | AA39: 46023 | AB39: 46387 | AC39: 01-0044-26-H1-2 | AD39: Existing with Changes | AE39: Add-on Service | AF39: Add-on: Clinical Chemistry: Troponin-I, Lactate Dehydrogenase (LDH), Ionized Calcium, Magnesium, Phosphorus, Total Protein, Albumin, HbA1c, Alkaline Phosphatase (ALP), Pro-BNP, Arterial Blood Gas Immunology/Serology: C-Reactive Protein (CRP), Ferritin, Procalcitonin (PCT), FT3, FT4, TSH, Anti-HCV Rapid Test Kits, Anti-HAV Rapid Test Kits Hematology: D-Dimer Issued LTO (03-26-25) Tertiary Clinical Laboratory Issued LTO (11-28-25)
A40: 39 | B40: 04517 | C40: REGION 1 | D40: Pangasinan | E40: Rosales | F40: 6A Carmen West | G40: DR. MARCELO M. CHAN MEMORIAL HOSPITAL, INC. | H40: Private | I40: N/A | J40: General | K40: Level 1 | L40: 25 | N40: Blood Station | O40: No | P40: N/A | Q40: N/A | R40: N/A | S40: 0 | T40: N/A | U40: N/A | V40: N/A | W40: Secondary | X40: Dr. Maria Theresa C. Lecitona | Y40: 09682595910 09228669359 | Z40: dmmcmhi@yahoo.com | AA40: 46023 | AB40: 46387 | AC40: 01-0042-26-H1-2 | AD40: Renewal | AE40: N/A
A41: 40 | B41: 37941 | C41: REGION 1 | D41: Pangasinan | E41: Rosales | F41: Purok 5, Carmay East | G41: ROSALES CHUA PUN MEMORIAL HOSPITAL | H41: Private | I41: N/A | J41: General | K41: Level 1 | L41: 12 | M41: Clinical Chemistry HBA1c Immunology and Serology TSH, FT3,FT4 | N41: Blood Station | O41: No | P41: 1, Type I, Plate No. NCW 5969, CR No. 320442555 | Q41: 1 | R41: N/A | S41: 1 | T41: N/A | U41: N/A | V41: N/A | W41: Secondary | X41: Dr. Carlos L. Chua | Y41: 075-523-1373 / 09692910161 | Z41: rchuapun.hosp@gmail.com | AA41: 46023 | AB41: 46387 | AC41: 01-0013-26-H1-2 | AD41: Renewal | AE41: N/A
A42: 41 | B42: 04631 | C42: REGION 1 | D42: Pangasinan | E42: San Carlos City | F42: Brgy. Ilang | G42: BLESSED FAMILY DOCTORS GENERAL HOSPITAL, INC. | H42: Private | I42: N/A | J42: General | K42: Level 2 | L42: 75 | M42: Blood Station Dialysis Clinic (Hemotek Renal Center, Inc.) Specialized Diagnostic X-ray Services: Computed Tomography, Mammography Dental | N42: Blood Station | P42: 1, Type2, Plate No: ABH 8920 CR No: 341031633 | R42: 1 | S42: 1 | U42: 18 | V42: N/A | W42: Tertiary | X42: Dr. Alfred P. Bernal | Y42: 0907-9550303 0995-4017889 | Z42: bfdgh_2003@yahoo.com.ph | AA42: 46023 | AB42: 46387 | AC42: 01-0007-26-H2-2 | AD42: Renewal | AE42: N/A
A43: 42 | B43: 00370 | C43: REGION 1 | D43: Pangasinan | E43: San Carlos City | F43: 259 Rizal Avenue | G43: ELGUIRA GENERAL HOSPITAL | H43: Private | I43: N/A | J43: General | K43: Level 2 | L43: 30 | M43: HIV Testing Laboratory Dialysis Clinic Specialized Diagnostic X-ray Services: Computed Tomography Dental X-ray Panoramic | N43: Blood Station | P43: 1, Type II, Plate No. ABI 1862 CR No. 0683445 | R43: 1 | S43: 1 | U43: 3 | V43: N/A | W43: Tertiary | X43: Dr. Samuel B. Elguira | Y43: 0981-2822489 09238280447 | Z43: ehospitalbilling@gmail.com | AA43: 46023 | AB43: 46387 | AC43: 01-0019-26-H2-2 | AD43: Renewal | AE43: N/A
A44: 43 | B44: 6871 | C44: REGION 1 | D44: Pangasinan | E44: San Carlos City | F44: Rizal Avenue | G44: PANGASINAN DOCTORS HOSPITAL | H44: Private | J44: General | K44: Level 2 | L44: 37 | M44: HIV Testing Laboratory | N44: Blood Station | P44: 1, Type II, Plate No. NAS 8210, CR No. 27905867-3 | R44: 1 | S44: 1 | W44: Tertiary | X44: Dr. Mita Brown | Y44: 0977-7564299 | Z44: recordspdh@gmail.com | AA44: 46023 | AB44: 46387 | AC44: 01-0023-26-H2-2 | AD44: Renewal | AE44: N/A
A45: 44 | B45: 01806 | C45: REGION 1 | D45: Pangasinan | E45: San Carlos City | F45: Martin P. Posadas Avenue | G45: VIRGEN MILAGROSA MEDICAL CENTER, INC. | H45: Private | I45: N/A | J45: General | K45: Level 2 | L45: 50 | M45: HIV Testing Laboratory, Specialized Diagnostic X-ray Services: Computed Tomography | N45: Blood Station | P45: 1, Type II, Plate No. TLQ 681 CR No. 14125460-6 | R45: 1 | S45: 1 | W45: Tertiary | X45: Dr. Angelo B. Juan | Y45: 075-532-9999 | Z45: vmmc1957@gmail.com | AA45: 46023 | AB45: 46387 | AC45: 01-0018-26-H2-2 | AD45: Renewal | AE45: N/A
A46: 45 | B46: 25849 | C46: REGION 1 | D46: Pangasinan | E46: Sison | F46: Barangay Artacho | G46: NORTHERN LUZON ADVENTIST HOSPITAL, INC. | H46: Private | I46: N/A | J46: General | K46: Level 1 | L46: 18 | M46: Clinical Chemistry: HbA1c, Troponin-I, Magnesium, Ionized Calcium Immunology/Serology: Anti-HAV (IgG/IgM) Rapid Test Kits, Salmonella Typhi (IgG/IgM) Rapid Test Kits, H. pylori Ab Rapid Test Kits, TSH, FT4, FT3, T3, T4, Prostate-Specific Antigen (PSA) | N46: Blood Station | O46: No | P46: 1, Type I, Plate No. AKA 9937 | Q46: 1 | R46: N/A | S46: 1 | T46: N/A | U46: N/A | V46: N/A | W46: Secondary | X46: Dr. Antonio T. Cariño | Y46: 075-632-3200 09614283409 96614283409 | Z46: nlahospital@yahoo.com | AA46: 46023 | AB46: 46387 | AC46: 01-0017-26-H1-2 | AD46: Existing with Changes | AE46: Add-on Service | AF46: Add-on: Clinical Chemistry: HbA1c, Troponin-I, Magnesium, Ionized Calcium Immunology/Serology: Anti- HAV (IgG/IgM) Rapid Test Kits, Salmonella Typhi (IgG/IgM) Rapid Test Kits, H. pylori Ab Rapid Test Kits, TSH, FT4, FT3, T3, T4, Prostate-Sepcific Antigen (PSA) Issued LTO (04-14-25)
A47: 46 | B47: 03225 | C47: REGION 1 | D47: Pangasinan | E47: Tayug | F47: Barangobong | G47: TAYUG FAMILY HOSPITAL | H47: Private | I47: N/A | J47: General | K47: Level 2 | L47: 70 | M47: Dialysis Clinic Specialized Diagnostic X-ray Services: Computed Tomography Covid 19 (SARS-COV-2) Testing Laboratory (Pangasinan Molecular Diagnostic Laboratory) Reverse Transcriptase-polymerase reaction | N47: Blood Station | P47: 1, ,Type II, Plate No. NNI 884 CR No. 308411983 | R47: 1 | S47: 1 | U47: 28 | W47: Tertiary | X47: Dr. Joy R. Ubaldo | Y47: 0998-8609177 | Z47: tayugfamilyhospital@yahoo.com | AA47: 46023 | AB47: 46387 | AC47: 01-0021-26-H2-2 | AD47: Renewal | AE47: N/A
A48: 47 | B48: 02191 | C48: REGION 1 | D48: Pangasinan | E48: Urdaneta | F48: 25 High School Drive, San Vicente West, 5th District | G48: DIVINE MERCY FOUNDATION OF URDANETA HOSPITAL | H48: Private | I48: N/A | J48: General | K48: Level 1 | L48: 15 | N48: Blood Station | O48: No | P48: 1, Type I, Plate No. AEN 229, CR No. 08204635 | Q48: 1 | R48: N/A | S48: 1 | T48: N/A | U48: N/A | V48: N/A | W48: Secondary | X48: Dr. Anita C. Tarectecan | Y48: (075) 656- 2103 09175002025 | Z48: dmhospurd@gmail.com | AA48: 46023 | AB48: 46387 | AC48: 01-0001-26-H1-2 | AD48: Renewal | AE48: N/A
A49: 48 | B49: 05449 | C49: REGION 1 | D49: Pangasinan | E49: Urdaneta | F49: Mcarthur Highway, San Vicente | G49: URDANETA SACRED HEART HOSPITAL, INC. | H49: Private | I49: N/A | J49: General | K49: Level 2 | L49: 128 | M49: Anatomic Pathology Blood bank with additional function HIV Testing Laboratory Dialysis Clinic Diagnostic X-ray Services (Level 3) Specialized Diagnostic X-ray Services: Computed Tomography, Mammography Dental Magnetic Resonance Imaging | N49: Blood Bank with additional function | P49: 1, Type II, Playe No. NEW 8614 CR No. 38248597-2 | R49: 1 | S49: 1 | U49: 40 | W49: Tertiary | X49: Dr. Darius Parinas | Y49: 0999-2207328 | Z49: urdanetasacredhearthospital@gmail.com ushhi1@yahoo.com | AA49: 46023 | AB49: 46387 | AC49: 01-0015-26-H2-2 | AD49: Renewal | AE49: N/A
A50: 49 | B50: 35565 | C50: REGION 2 | D50: Cagayan | E50: Abulug | F50: No. 7 National Highway, | G50: APAYAO CAGAYAN MEDICAL CENTER INC. | H50: Private | I50: N/A | J50: General | K50: Level 1 | L50: 25 | M50: Pharmacy,Diagnostic X-ray (Level 2) , Specialized Diagnostic X-ray Services: Computed Tamography, Physical Medicine and Rehabilitation Unit | N50: Blood Station | P50: 1/Type 1/CBM 5684 | Q50: 1 | S50: 1 | U50: 10 | W50: Tertiary | X50: Dr. Veronica P. Rivera | Y50: 9171466558 | Z50: apayaocagayanmedcenter@gmail.com | AA50: 46023 | AB50: 46387 | AC50: 02-30-26-H1-2 | AD50: Renewal | AE50: Add-on Service | AF50: Rehabilitation Unit (3rd Quarter- 10/8/2025) Dialysis Station with 10 Stations (10/24/2025-4th Quarter)
A51: 50 | B51: 1791 | C51: REGION 2 | D51: Cagayan | E51: Aparri | F51: Diego Silang Street,Punta | G51: CHARLES W. SELBY MEMORIAL HOSPITAL, INC. | H51: Private | I51: N/A | J51: General | K51: Level 1 | L51: 25 | M51: Pharmacy, Diagnostic X-ray (Level 2) ,Special Serology (S. typhi, HAV, HCV, PSA) Special Chemistry ( Calcium, total potein, Alb, HbA1c, Trop I, Pro- Calcitonin) Thyroid Function Test (T3, T4, TSH) Hormone (FSH, LH) | N51: Blood Station | P51: 1/Type 1/BAG 5524 | Q51: 1 | S51: 1 | U51: 4 | W51: Secondary | X51: Dr. Vivien Irene E. Pagayatan | Y51: 09175183301 (078) 888-2485 | Z51: CWSMHI@gmail.com | AA51: 46023 | AB51: 46387 | AC51: 02-28-26-H1-2 | AD51: Renewal | AE51: N/A | AF51: Change of Ambulance Unit (3/24/2025)
A52: 51 | B52: 384 | C52: REGION 2 | D52: Cagayan | E52: Aparri | F52: Macanaya | G52: LYCEUM OF APARRI HOSPITAL | H52: Private | I52: N/A | J52: General | K52: Level 1 | L52: 15 | M52: Pharmacy, Diagnostic X-ray (Level 2) | N52: Blood Station | S52: 0 | T52: CHARLES W. SELBY MEMORIAL HOSPITAL, INC. | W52: Secondary | X52: Rev. Fr. Joel M. Reyes | Y52: (078) 377-3830 09165132472 | Z52: lyceumhospital0407@gmail.com | AA52: 46023 | AB52: 46387 | AC52: 02-38-26-H1-2 | AD52: Renewal | AE52: N/A
A53: 52 | B53: 38007 | C53: REGION 2 | D53: Cagayan | E53: Camalaniugan | F53: Bulala | G53: GRUPO MEDICO DE DIOS INC. | H53: Private | I53: N/A | J53: General | K53: Level 2 | L53: 33 | M53: Computed Tomography | N53: Blood Station | P53: 1, Type 2, Plate No. BAH 9236 | R53: 1 | S53: 1 | W53: Tertiary | X53: Dr. Emy D. Sangalang | Y53: (078) 377-2142 09176251597 | Z53: grupomedicodedios.ph@gmail.com | AA53: 46023 | AB53: 46387 | AC53: 02-02-26-H2-2 | AD53: Renewal | AE53: N/A | AF53: Change of Ambulance Unit- 3/12/2026 (1st Quarter)
A54: 53 | B54: 5597 | C54: REGION 2 | D54: Cagayan | E54: Sta. Ana | F54: Sta. Cruz | G54: FR. GERRY FILIPPETTO MEMORIAL FOUNDATION HOSPITAL,INC. | H54: Private | I54: N/A | J54: General | K54: Level 1 | L54: 17 | M54: Pharmacy, Diagnostic X-ray (Level 1) ,Clinical Laboratories Add Ons: Special Chemistry ( HbA1c, Troponin I) Special Serology ( TSH, fT3, fT4, S, Typhi, HAV, RAT) | N54: Blood Station | P54: 1/Type 1/BAA 8844 | Q54: 1 | S54: 1 | W54: Secondary | X54: Dr. Sheryl C. Bajet | Y54: 09196716858 09635974964 | Z54: fgfmfh@yahoo.com | AA54: 46023 | AB54: 46387 | AC54: 02-20-26-H1-2 | AD54: Renewal | AE54: N/A
A55: 54 | B55: 50291 | C55: REGION 2 | D55: Cagayan | E55: Tuguegarao City | F55: Pallu Road, Barangay Pallua Norte, Tuguegarao City, Cagayan | G55: ALLIED CARE EXPERTS (ACE) MEDICAL CENTER- TUGUEGARAO, INC | H55: Private | I55: N/A | J55: General | K55: Level 2 | L55: 35 | M55: Clinical Laboratory for Anatomic Pathology: * Histopathology Specialized Diagnostic X-ray Services: Computed Tamography | N55: Blood Station | P55: 1, Type 2, Plate No. BAF 2778 | R55: 1 | S55: 1 | U55: 8 | W55: Tertiary | X55: Dr. Danilo A. Domingo | Y55: 9954191750 | Z55: angylle.acemtug.qa@gmail.com | AA55: 46023 | AB55: 46387 | AC55: 02-13-26-H2-2 | AD55: Renewal | AE55: N/A | AF55: 1st Quarter- Change of Medical Director
A56: 55 | B56: 40025 | C56: REGION 2 | D56: Cagayan | E56: Tuguegarao City | F56: Caritan Centro | G56: CAGAYAN UNITED DOCTORS MEDICAL CENTER OF TUGUEGARAO CITY, INC. | H56: Private | I56: N/A | J56: General | K56: Level 2 | L56: 100 | M56: Specialized Diagnostic X-ray Services: Computed Tomography , Magnetic Resonance Imaging (MRI) Physical Medicine and Rehabilitation Unit | N56: Blood Station | P56: 1,Type II, Plate No. BAE 5076, | R56: 1 | S56: 1 | W56: Tertiary | X56: Dr. Mildred C. Ferrer- Banatao | Y56: (078) 304-8888 | Z56: cudmci@gmail.com | AA56: 46023 | AB56: 46387 | AC56: 02-03-26-H2-2 | AD56: Renewal | AE56: N/A | AF56: Additional Services- Magnetic Resonance Imaging (MRI) (3/27/2025- 1st Quarter)
A57: 56 | B57: 32023 | C57: REGION 2 | D57: Cagayan | E57: Tuguegarao City | F57: Arellano cor. Burgos St., Brgy. Centro 06 | G57: DIVINE MERCY WELLNESS AND MEDICAL CENTER | H57: Private | I57: N/A | J57: General | K57: Level 2 | L57: 100 | M57: Diagnostic X-Ray (Level 3), Ambulatory Surgical Clinic (Lithotripsy), (HIMA Care International Health Services) , Clinical Laboratory for Anatomic Pathology: * Histopathology Specialized Diagnostic X-ray Services: Computed Tamography, Mammography | N57: Blood Station | P57: 1, Type 2, Plate No. BAG 4637 | R57: 1 | S57: 1 | U57: 12 | W57: Tertiary | X57: Dr. Manuel David Hipolito | Y57: (078) 844-2925 | Z57: a.dmwc@yahoo.com | AA57: 46023 | AB57: 46387 | AC57: 02-18-26-H2-2 | AD57: Renewal | AE57: Change Name | AF57: 1st Quarter (3/13/2025)- Change of Name & Delisting of Hemodialysis Clinic ; 2nd Quarter ( 7/8/2025)- 12 Dialysis Stations, 3rd Quarter Ambulatory Surgical Clinic (Lithotripsy) (HIMA Care International Health Services)- 7/28/2025
A58: 57 | B58: 4403 | C58: REGION 2 | D58: Cagayan | E58: Tuguegarao City | F58: #141-A Bonifacio Street, Centro 1 | G58: DR. DOMINGO S. DE LEON GENERAL HOSPITAL | H58: Private | I58: N/A | J58: General | K58: Level 1 | L58: 27 | M58: Diagnostic X-Ray (Level 2), Physical Medicine and Rehabilation Unit, Clinical Laboratory- Add ons: Special Chemistry (HBA1C, Ferritin, Triponin I, Calcium, Albumin) Special Serology (CKMB, PSA,CRP) Miscellaneous (S. Typhi IgG/IgM, Mlaria RDT) Thyroid Function Test (fT3, fT4, TSH) | N58: Blood Station | P58: 1/Type 1/UQI 530 | Q58: 1 | S58: 1 | W58: Secondary | X58: Dr. Romeo DL. Calubaquib | Y58: (078) 255-1606 (078) 844-0013 | Z58: clinica.deleon50@hotmail.com | AA58: 46023 | AB58: 46387 | AC58: 02-34-26-H1-2 | AD58: Renewal | AE58: Add-on Service | AF58: Change of Medical Director (3rd Quarter- 8/12/2025), Physical Medicine and Rehabilitation Unit (10/21/2025- 4th Quarter)
A59: 58 | B59: 8483 | C59: REGION 2 | D59: Cagayan | E59: Tuguegarao City | F59: Enrile Blvd, Caggay | G59: DR. RONALD P. GUZMAN MEDICAL CENTER, INC. | H59: Private | I59: N/A | J59: General | K59: Level 2 | L59: 100 | M59: Physical Medicine and Rehabilitation Unit, Computed Tomography Bone Densitometry Dental Radiography *Panoramic *Periapical Diagnostic X-ray (Level 3) | N59: Blood Station | P59: 1, Type II, Plate No. CBU 1423 | R59: 1 | S59: 1 | U59: 7 | W59: Tertiary | X59: Dr. Charles Ronald Guzman | Y59: (078) 304-0925 (078) 304-0926 09178419034 | Z59: ao_rpgmc@yahoo.com | AA59: 46023 | AB59: 46387 | AC59: 02-04-26-H2-2 | AD59: Renewal | AE59: N/A
A60: 59 | B60: 4697 | C60: REGION 2 | D60: Cagayan | E60: Tuguegarao City | F60: #54 Washington Street, Centro 04 | G60: HOLY INFANT HOSPITAL TUGUEGARAO INC. | H60: Private | I60: N/A | J60: General | K60: Level 1 | L60: 15 | M60: Pharmacy,Diagnostic X-ray (Level 2) , CL-Secondary with additional functions: Special Chem ( TP, Albumin, Phosphorus, Amylase, ALP, Troponin I, I-Ca, T-Ca) Special Serology ( S. Typhi, H. Pylori, RAT, HAV, HCV) | N60: Blood Station | P60: 1, Type 1, Plate No. CAQ 8410 | Q60: 1 | S60: 1 | W60: Secondary | X60: Dr. Aileen M. Guzman | Y60: (078) 844-1039 09175184828 | Z60: holyinfanthospital@yahoo.com | AA60: 46023 | AB60: 46387 | AC60: 02-13-26-H1-2 | AD60: Renewal | AE60: N/A | AF60: Change of Medical Director- 6/11/2025
A61: 60 | B61: 47810 | C61: REGION 2 | D61: Cagayan | E61: Tuguegarao City | F61: #04 Bagay Road, Atulayan Sur | G61: RAPHAEL GENERAL HOSPITAL | H61: Private | I61: N/A | J61: General | K61: Level 2 | L61: 50 | M61: Clinical Laboratory for Anatomic Pathology: Histopathology, Diagnostic X-Ray ( Level 2) Computed Tamography | N61: Blood Station | P61: 1, Type II, Plate No. NGL8065 | R61: 1 | S61: 1 | U61: 11 | W61: Tertiary | X61: Dr. Jospeh Richard P. Guzman | Y61: 9081760977 | Z61: raphaelgeneralhospital@gmail.com | AA61: 46023 | AB61: 46387 | AC61: 02-10-26-H2-2 | AD61: Renewal | AE61: N/A
A62: 61 | B62: 5071 | C62: REGION 2 | D62: Cagayan | E62: Tuguegarao City | F62: Luna Extension, Ugac Norte | G62: ST. PAUL HOSPITAL OF TUGUEGARAO, INC. | H62: Private | I62: N/A | J62: General | K62: Level 2 | L62: 150 | M62: Clinical Laboratory for Anatomic Pathology: Histopathology, Diagnostic X-ray (Level 3), Cardiac Catheterization, Physical Rehabilitation and Medicine Unit Computed Tomography, Mammography, Bone Densitometry,Cardiac Catherization, Magnetic Resonance Imaging, Dental Radiography | N62: Blood Station | P62: 1, Type 2, C.R. No. 249195645 Plate No. NCD 6149 | R62: 1 | S62: 1 | U62: 25 | W62: Tertiary | X62: Dr. Edilyn T. Quilang | Y62: (078) 844-2578 local 126 & 128 09778397905 | Z62: sph_tuguegarao@yahoo.com.ph | AA62: 46023 | AB62: 46387 | AC62: 02-07-25-H2-2 | AD62: Renewal | AE62: N/A
A63: 62 | B63: 4862 | C63: REGION 2 | D63: Isabela | E63: Alicia | F63: #100 Rizal Street, Magsaysay | G63: LUCAS-PAGUILA MEDICAL HOSPITAL INCORPORATED | H63: Private | I63: N/A | J63: General | K63: Level 1 | L63: 39 | M63: Pharmacy, Clinical Laboratory, Diagnostic X-ray (Level 1) add-on services: Special Chemistry ( Myoglobin, CK-MB, Pro-BNP, AFP, Albumin, HbA1c, Trop I, Ferritin, Pro-calcitonin, Amylase, Lipase, Total Protein) Special Serology (CRP) Tumor Markers ( PSA) Thyroid Function Test (TSH, FT3, FT4) Hematology (D-Dimer) | N63: Blood Station | P63: 1/Type1/TJI 806 | Q63: 1 | S63: 1 | W63: Secondary | X63: Dr. Mila L. Paguila | Y63: (078) 325-1619 | Z63: lpmch100@gmail.com | AA63: 46023 | AB63: 46387 | AC63: 02-02-26-H1-2 | AD63: Renewal | AE63: N/A
A64: 63 | B64: 3560 | C64: REGION 2 | D64: Isabela | E64: Alicia | F64: National Highway, San Antonio | G64: MANANGO HOSPITAL | H64: Private | I64: N/A | J64: General | K64: Level 1 | L64: 19 | M64: Pharmacy, Diagnostic X-ray (Level 1) , Special Chem ( Albumin, Total Protein, i-Ca, t-Ca,HbA1c, Troponin I, CKMB) Special Serology (HAV, HCV, S.Typhi, Leptospira, H. Pylori) Thyroid Function Test (TSH, T3,T4,fT3,fT4) | N64: Blood Station | S64: 0 | T64: De Vera Medical Center Inc. | W64: Secondary | X64: Dr. Danilo M. Manango | Y64: (078) 323-2056 | Z64: records.manango@gmail.com | AA64: 46023 | AB64: 46387 | AC64: 02-44-26-H1-2 | AD64: Renewal | AE64: N/A
A65: 64 | B65: 692 | C65: REGION 2 | D65: Isabela | E65: Alicia | F65: Pasuquin Street, San Jose | G65: PADRON - TIBIO MEDICAL CLINIC | H65: Private | I65: N/A | J65: General | K65: Level 1 | L65: 16 | M65: Pharmacy, Diagnostic X-ray (Level 1) , Clinical Laboratory Add ons Services: Electrolytes (iCa) Special Chemistry (HbA1c, pro-BNP, PCT, Ferritin, CRP, Amy) Special Serology (PSA, Trop I) Special Hematology (D-dimer) Thyroid Function (fT3, fT4, TSH) | N65: Blood Station | Q65: 1 | S65: 1 | T65: Isabela United Doctors Medical Center | W65: Secondary | X65: Dr. Natalie P. Tibio | Y65: (078) 652-5101 09950545321 | Z65: padrontibio.medc@yahoo.com.ph | AA65: 46023 | AB65: 46387 | AC65: 02-36-26-H1-2 | AD65: Renewal | AE65: N/A | AF65: Clinical Laboratory Add ons Services: Electrolytes (iCa) Special Chemistry (HbA1c, pro-BNP, PCT, Ferritin, CRP) Special Serology (PSA, Trop I) Special Hematology (D-dimer) Thyroid Function (fT3, fT4, TSH) - 2nd Quarter (4/29/2025)
A66: 65 | B66: 5526 | C66: REGION 2 | D66: Isabela | E66: Alicia | F66: Quezon Street, Magsaysay | G66: TOMAS-CACAL MEDICAL CLINIC AND HOSPITAL | H66: Private | I66: N/A | J66: General | K66: Level 1 | L66: 15 | M66: Pharmacy,Clinical Laboratory Add ons: Special Chenistry ( HbA1c, CKMB) Special Serology ( PSA, Trop I) Special Hematology ( D-dimer) Thyroid Function ( fT4, TSH) | N66: Blood Station | P66: 1/Type1/XRF 657 | Q66: 1 | S66: 1 | W66: Secondary | X66: Dr. Ferdinand O. Cacal | Y66: (078) 325-1200 09366559643 | Z66: tomas_cacal@yahoo.com | AA66: 46023 | AB66: 46387 | AC66: 02-07-26-H1-2 | AD66: Renewal | AE66: N/A | AF66: Clinical Laboratory Add ons- ( 3/7/2025- 1st Quarter)
A67: 66 | B67: 4793 | C67: REGION 2 | D67: Isabela | E67: Cabatuan | F67: Centro | G67: CABATUAN FAMILY HOSPITAL, INC. | H67: Private | I67: N/A | J67: General | K67: Level 1 | L67: 20 | M67: Pharmacy, Diagnostic X-ray (Level 1) , Clinical Laboratory add-on services: Special Hematology: (D-dimer) Special Serology: (Pro-Calcitonin, PSA, CRP) Special Chemistry: (Troponin-I, HbA1c, pro-BNP, Amylase, Lipase, ALP, Total Protein, Albumin, Bilirubin, Magnesium, Phosphorus, total calcium, Ionized calcium) Thyroid Function: (FT3, FT4, TSH) | N67: Blood Station | P67: 1/Type1/ NAO 8928 | Q67: 1 | S67: 1 | W67: Secondary | X67: Dr. Sergio A. Uy | Y67: (078) 652-0783 09175915850 | Z67: cabatuanfhi@gmail.com | AA67: 46023 | AB67: 46387 | AC67: 02-16-26-H1-2 | AD67: Renewal | AE67: N/A
A68: 67 | B68: 378 | C68: REGION 2 | D68: Isabela | E68: Cauayan City | F68: #27 Burgos Street, District 2, | G68: CAUAYAN MEDICAL SPECIALISTS HOSPITAL | H68: Private | I68: N/A | J68: General | K68: Level 1 | L68: 95 | M68: Pharmacy, Intensive Care Unit-10, Diagnostic X-Ray (Level 2) ( Computed Tamography), Clinical Laboratory for Anatomic Pathology: Histopathology , Magnetic Resonance Imaging (MRI) | N68: Blood Station | P68: 1/Type 1/VO 8774 | Q68: 1 | S68: 1 | U68: 7 | W68: Tertiary | X68: Dr. Francisco D. Acosta | Y68: (078) 652-1401 09560457170 | Z68: cmshinc_1401@yahoo.com | AA68: 46023 | AB68: 46387 | AC68: 02-22-26-H1-2 | AD68: Renewal | AE68: N/A | AF68: Add ons: Magnetic Resonance Imaging- 3/26/2026- 1st Quarter
A69: 68 | B69: 3670 | C69: REGION 2 | D69: Isabela | E69: Cauayan City | F69: # 71 FNDY Blvd., San Fermin | G69: DR. ESTER R. GARCIA MEDICAL CENTER, INC. | H69: Private | I69: N/A | J69: General | K69: Level 1 | L69: 35 | M69: Pharmacy, Diagnostic X-ray (Level 2) ,Computed Tamography, Clinical Laboratory with Add Ons: Electrolytes (iCa, Phos, Mg, Tcal) Special Chemistry (HbA1c, Lipase, LDH, Amy, ABG, CKMB, NT-proBNP, Ferritin, TPAG, T. Bilirubin, Alkaline Phosphate) Special Serology ( Troponin I, Anti-HBS, Typhidot, H. Pylori, HCV, HAV, ESR, Lepstospira, CRP, ASO, RF) Special Hematology (D-Dimer) Tumor Markers (PSA, CEA, AFP, PCT) Thyroid Function Test (TSH, T3, T4, fT3, fT4) | N69: Blood Station | P69: 1/Type 1/NGB 9212 | Q69: 1 | S69: 1 | U69: 5 | W69: Secondary | X69: Dr. Jose Narciso R. Garcia | Y69: (078) 652-2694 09550027864 | Z69: ergmchumanresourcehr@gmail.com | AA69: 46023 | AB69: 46387 | AC69: 02-01-26-H1-2 | AD69: Renewal | AE69: N/A
A70: 69 | B70: 30152 | C70: REGION 2 | D70: Isabela | E70: Cauayan City | F70: National Highway, Brgy. Cabaruan | G70: ISABELA UNITED DOCTORS MEDICAL CENTER, INC | H70: Private | I70: N/A | J70: General | K70: Level 2 | L70: 180 | M70: Diagnostic X-Ray Services (Level 3) Specialized Diagnostic X-Ray Services: Computed Tomography,Mammography, Magnetic Resonance Imaging , Clinical Laboratory for Anatomic Pathology: Histopathology, Cancer Treatment Unit in a General Hospital | N70: Blood Station | P70: 2– Type II, Plate No. UOP 741 Type II, Plate No. BCL 5722 | Q70: 2 | S70: 2 | U70: 18 | W70: Tertiary | X70: Dr. Robert John T. Uy | Y70: (078) 307-5146 | Z70: iudmc@yahoo.com.ph | AA70: 46023 | AB70: 46387 | AC70: 02-11-26-H2-2 | AD70: Renewal | AE70: Increase Bed | AF70: Incresed in ABC from 142 to 180 - (2/10/2026- 1st Quarter) and Diagnostic X-Ray from Level 2 to Level 3 (2/11/2026- 1st Quarter)
A71: 70 | B71: 2506 | C71: REGION 2 | D71: Isabela | E71: Cordon | F71: Magsaysay | G71: JAVONILLO HOSPITAL, INC. | H71: Private | I71: N/A | J71: General | K71: Level 1 | L71: 17 | M71: Pharmacy, Diagnostic X-ray (Level 1) ,Clinical Laboratory add ons: Special Chemistry (HbA1c) Special Serology (S. typhi) | N71: Blood Station | P71: 1/Type 1/PAI 176 | Q71: 1 | S71: 1 | U71: 10 | W71: Secondary | X71: Dr. Emerson A. Javonillo | Y71: (078) 682-0112 | Z71: javonillohospital2015@gmail.com | AA71: 46023 | AB71: 46387 | AC71: 02-45-26-H1-2 | AD71: Renewal | AE71: N/A | AF71: Dialysis Clinic Station (11/27/2025)
A72: 71 | B72: 33468 | C72: REGION 2 | D72: Isabela | E72: Echague | F72: National Highway, Ipil | G72: ISABELA SOUTH SPECIALISTS HOSPITAL, INC. | H72: Private | I72: N/A | J72: General | K72: Level 1 | L72: 58 | M72: Pharmacy, Diagnostic X-Ray (Level 3), Computed Tamography | N72: Blood Station | P72: 1/Type 1/BCL 7035 | Q72: 1 | S72: 1 | U72: 10 | W72: Secondary | X72: Dr. Marimae B. Lopez | Y72: (078) 323-1398 09675034899 | Z72: isshi2015@gmail.com | AA72: 46023 | AB72: 46387 | AC72: 02-14-26-H1-2 | AD72: Renewal | AE72: N/A
A73: 72 | B73: 318 | C73: REGION 2 | D73: Isabela | E73: Ilagan City | F73: Burgos Street, Centro | G73: DR. VICTOR S. VILLAROMAN MEMORIAL HOSPITAL | H73: Private | I73: N/A | J73: General | K73: Level 1 | L73: 17 | M73: Pharmacy, Diagnostic X-ray (Level 1) | N73: Blood Station | P73: 1/Type 1/ZRD 673 | Q73: 1 | S73: 1 | W73: Secondary | X73: Dr. Ma. Vida Villaroman-Singson | Y73: (078) 624- 1474 09171008061 | Z73: dvsvmh@gmail.com | AA73: 46023 | AB73: 46387 | AC73: 02-18-26-H1-2 | AD73: Renewal | AE73: N/A
A74: 73 | B74: 5453 | C74: REGION 2 | D74: Isabela | E74: Ilagan City | F74: National Highway, Baligatan | G74: ISABELA DOCTORS GENERAL HOSPITAL, INC. | H74: Private | I74: N/A | J74: General | K74: Level 1 | L74: 50 | M74: Pharmacy, Diagnostic X-ray (Level 2),Intensive Care Unit (ICU)-6 Beds, Neonatal Intensive Care Unit (NICU)- 1 Incubator,Specialized Diagnostic X-ray Services: Computed Tamography, Mammography , Dental Clinic | N74: Blood Station | P74: 1/Type 1/XSN 149 & BAH 6620 | Q74: 2 | S74: 2 | U74: 16 | W74: Tertiary | X74: Dr. Carlo Rey S. Simon | Y74: (078) 624-0255 09562210825 | Z74: idghinc@gmail.com | AA74: 46023 | AB74: 46387 | AC74: 02-15-26-H1-2 | AD74: Renewal | AE74: N/A | AF74: Add ons Service: Dental Clinic- (02/09/2026- 1st Quarter)
A75: 74 | B75: 36940 | C75: REGION 2 | D75: Isabela | E75: Naguilian | F75: 1AH26, San Manuel | G75: PROVIDERS MULTIPURPOSE COOPERATIVE MEDICAL CENTER | H75: Private | I75: N/A | J75: General | K75: Level 1 | L75: 35 | M75: Pharmacy,Pharmacy,Dental Clinic,Intensive Care Unit- 4 Units, Dental Clinic, Diagnostic X-ray (Level 2), Specialized Diagnostic X-ray Services: Computed Tamography, Dental CBCT | N75: Blood Station | P75: 1/Type 1/NBL 6182 | Q75: 1 | S75: 1 | U75: 15 | W75: Tertiary | X75: Dr. Mary Grace P. Bumanglag | Y75: 09619054140 (078) 420-3588 | Z75: pmpcmedicalcenter@gmail.com | AA75: 46023 | AB75: 46387 | AC75: 02-10-26-H1-2 | AD75: Renewal | AE75: Upgraded | AF75: Upgrade from Secondary to Tertiary Clinical Lab (3/24/2025- 1st Quarter) Additional Service: ICU-4 Beds ( 1st Quarter-3/28/2025) Dental Clinic- Change of Location ( 2nd Quarter- 4/22/2025) Add On sefvices- Dental CBCT (12/4/2025)
A76: 75 | B76: 6720 | C76: REGION 2 | D76: Isabela | E76: Roxas | F76: Doña Syquia Street, Bantug | G76: A.M. YUMENA GENERAL HOSPITAL INC. | H76: Private | I76: N/A | J76: General | K76: Level 1 | L76: 14 | M76: Pharmacy, Diagnostic X-ray (Level 1) , Clinical Laboratory Add Ons: Special Chemistry ( Phosphorus, Mg, Albumin, HbA1c, CRP, Trop I, iCa, Ferritin, Pro-Calcitonin) Special Serology (HCV, Typhoid) Tumor Markers (PSA) Thyroid Function Test (TSH, fT3, fT4) Hematology (D-Dimer) | N76: Blood Station | P76: 1/Type1 1/NBX 6596 | Q76: 1 | S76: 1 | W76: Secondary | X76: Dr. Antonio M. Yumena | Y76: (078) 642-0171 09949060878 | Z76: a.m.yumenageneralhospitalinc@gmail.com | AA76: 46023 | AB76: 46387 | AC76: 02-08-26-H1-2 | AD76: Renewal | AE76: N/A
A77: 76 | B77: 2751 | C77: REGION 2 | D77: Isabela | E77: Roxas | F77: Rang-ayan | G77: DAYOS-PASCUAL MEDICAL CLINIC | H77: Private | I77: N/A | J77: General | K77: Level 1 | L77: 17 | M77: Pharmacy,Diagnostic X-ray (Level 1), Special Chemistry (Troponin-I, NT- pro BNP, HbA1c, Ica, CK-MB, microalbumin) Special Serology (ASO, PSA, Procalcitonin, S. typhi, Covid 19 test, B-HCG, HCV, Anti- Hbs, AFP, CRP, CEA, influenza test kit) Special Hematology (D-dimer, Ferritin)Thyroid Function Test (TSH, fT3, fT4, T3, T4) | N77: Blood Station | S77: 0 | T77: Dumlao Hospital | W77: Secondary | X77: Dr. Charito D. Dayos | Y77: 9176548666 | Z77: dpmcroxas@gmail.com jocelyndayos@gmail.com | AA77: 46023 | AB77: 46387 | AC77: 02-39-26-H1-2 | AD77: Renewal | AE77: N/A | AF77: (2nd Quarter- 4/14/2025) Clinical Laboratory Add ons services: Special Chemistry (Troponin-I, NT- pro BNP, HbA1c, Ica, CK-MB, microalbumin) Special Serology (FT3, T3, T4,TSH,FT4, ASO, PSA, Procalcitonin, S. typhi, Covid 19 test, B-HCG, HCV, Anti- Hbs, AFP, CRP, CEA, influenza test kit) Special Hematology (D-dimer, Ferritin)
A78: 77 | B78: 313 | C78: REGION 2 | D78: Isabela | E78: Roxas | F78: #28 S. Osmeña Street, Vira | G78: DUMLAO HOSPITAL | H78: Private | I78: N/A | J78: General | K78: Level 1 | L78: 15 | M78: Pharmacy,Computed Tamography, Clinical Laboratory Add ons: Special Serology (Trop I, Anti-HBS) Special Chemistry (HbA1c, Ferritin, PCT, NT-proBNP, CRP) Special Hematology (D-dimer) Thyroid Function Test (TSH, t3,t4,fT3, fT4) Tumor Markers (PSA) | N78: Blood Station | P78: 1/Type 1/XHX 952 | S78: 0 | U78: 8 | W78: Secondary | X78: Dr. Noemi B. Dumlao | Y78: (078) 642-0003 09176341564 | Z78: hospital_dumlao@yahoo.com | AA78: 46023 | AB78: 46387 | AC78: 02-27-26-H1-2 | AD78: Renewal | AE78: N/A | AF78: Increase in Dialysis Station from 6 to 8 Stations (2nd Quarter- 5/5/2026)
A79: 78 | C79: REGION 2 | D79: Isabela | E79: Roxas | F79: National Highway, Bantug | G79: HEALTH CITY MEDICAL CENTER OF ISABELA, INC | H79: Private | I79: N/A | J79: General | K79: Level 2 | L79: 30 | M79: Computed Tomography, Clinical Laboratory for Anatomic Pathology- Hispathology | N79: Blood Station | P79: 1, Type 2, Plate No. BAG 5432 | R79: 1 | S79: 1 | U79: 8 | W79: Tertiary | X79: Dr. Nikki R. Rillon | Y79: 9278345101 | Z79: hcmciinc2022@gmail.com | AA79: 46023 | AB79: 46387 | AC79: 02-01-26-H2-2 | AD79: Renewal | AE79: N/A | AF79: Authorized Dialysis tation- 8 Stations- 2nd Quarter (4/29/2026)
A80: 79 | B80: 3566 | C80: REGION 2 | D80: Isabela | E80: Roxas | F80: #220 San Bernabe Street, Vira | G80: SOLLER GENERAL HOSPITAL, INC. | H80: Private | I80: N/A | J80: General | K80: Level 1 | L80: 17 | M80: Pharmacy, Diagnostic X-ray (Level 1) , Clinical Laboratory add-on services: Special Hematology: (D-dimer, Ferritin) Special Serology: (Anti-HBS, CEA, B-HCG, PSA,AFP, HCV, H.pylori Ag, COVID-19 IgG/IgM) Special Chemistry: Pro-Calcitonin, CKMB, NT-proBNP, Troponin, Albumin, Phosphorus, Amylase, Lipase, Iron, ALP, T-Bili, LDH, Mg, HbA1c, CRP, HSCRP+CRP, Total Protein, GGT, CK) Thyroid Function: (T3, T4, fT3, fT4, TSH) | N80: Blood Station | P80: 1/Type 1/ WOY 347 | Q80: 1 | S80: 1 | W80: Secondary | X80: Dr. Eden U. Soller | Y80: (078) 642-0129 | Z80: soller_hospital@yahoo.com | AA80: 46023 | AB80: 46387 | AC80: 02-04-26-H1-2 | AD80: Renewal | AE80: N/A
A81: 80 | B81: 33471 | C81: REGION 2 | D81: Isabela | E81: San Mateo | F81: Quirino Street, Barangay 1 | G81: SAN MATEO MULTICARE HOSPITAL INC. | H81: Private | I81: N/A | J81: General | K81: Level 1 | L81: 15 | M81: Pharmacy, Diagnostic X-ray (Level 1) | N81: Blood Station | P81: 1/Type 1/BAA 4820 | Q81: 1 | S81: 1 | W81: Secondary | X81: Dr. Josephine L. Agcaoili | Y81: (078) 323-2543 09067834298 | Z81: sanmateomulticare@gmail.com | AA81: 46023 | AB81: 46387 | AC81: 02-29-26-H1-2 | AD81: Renewal | AE81: N/A
A82: 81 | B82: 1688 | C82: REGION 2 | D82: Isabela | E82: Santiago City | F82: Purok 5, National Highway, Mabini | G82: ADVENTIST HOSPITAL - SANTIAGO CITY, INC | H82: Private | I82: N/A | J82: General | K82: Level 2 | L82: 68 | M82: Cancer Treatment Unit in a General Hospital Systematic Therapy, Clinical Laboratory for Anatomic Pathology: * Histopathology, Diagnostic Xray (Level 2), Specialized Diagnostic X-ray- Computed Tomography | N82: Blood Bank | P82: 1,Type 2, Plate No. BAA9226 | Q82: 1 | S82: 1 | U82: 14 | W82: Tertiary | X82: Dr. Rheinald Joel M. Biscaro | Y82: (078) 324-7259 09209713902 | Z82: adminsec@adventisthealth-stg.com | AA82: 46023 | AB82: 46387 | AC82: 02-16-26-H2-2 | AD82: Renewal | AE82: N/A | AF82: Bllood Bank (09/24/2025- 3rd Quarter) Increase in ABC- From 50 to 68 ( 11/ 14/2025- 4th Quarter)
A83: 82 | B83: 2262 | C83: REGION 2 | D83: Isabela | E83: Santiago City | F83: Judge Taguinod St., Centro East | G83: CALLANG GENERAL HOSPITAL AND MEDICAL CENTER, INC. | H83: Private | I83: N/A | J83: General | K83: Level 2 | L83: 55 | M83: Physical Medicine and Rehabilitation Unit Computed Tomography, Diagnostic X-Ray (Level 3) | N83: Blood Station | P83: 1,Type 2, Plate No. BCL 7099 | R83: 1 | S83: 1 | U83: 4 | W83: Tertiary | X83: Dr. Belinda A. Ramos | Y83: (078) 305- 0734 | Z83: callang_hospital@yahoo.com | AA83: 46023 | AB83: 46387 | AC83: 02-07-26-H2-2 | AD83: Renewal | AE83: Changed Ownership/Mgt | AF83: Change of Medical Director (3rd Quarter)
A84: 83 | C84: REGION 2 | D84: Isabela | E84: Santiago City | F84: Four Lanes, Purok 4A, Calaocan | G84: DE VERA MEDICAL CENTER, INC. | H84: Private | I84: N/A | J84: General | K84: Level 2 | L84: 88 | M84: Blood Bank (with additional function to collect, test and process blood), Cancer Treatment Unit in a General Hospital, Physical Medicine and Rehabilitation Unit, Clinical Laboratory for Anatomic Pathology: *Histopathology, Ambulatory Surgical Clinic: - Colorectal Surgery - General Surgery - Opthalmologic Surgery - Orthopedic Surgery - Otorhinolaryngologic Surgery - Pediatric Surgery - Reproductive Health Surgery -Thoraric Surgery -Urologic Surgery, Diagnostic X- ray Services (Level 3) Specialized Diagnostic X-ray Services: Computed Tamography, Magnetic Resonance Imaging (MRI) | N84: Blood Bank with additional function | P84: 1, Type II, Plate No. BAA 4041 | R84: 1 | S84: 1 | U84: 12 | W84: Tertiary | X84: Dr. Bonaleth M. De Vera | Y84: 078-305-2787 09175567455 | Z84: dvmc20@yahoo.com | AA84: 46023 | AB84: 46387 | AC84: 02-05-26-H2-2 | AD84: Renewal | AE84: Add-on Service | AF84: Add Ons: Dialysis Station- 12 Stations (3rd Quarter- 9/3/2025) Increase of ABC from 74 to 88 (4th Quarter- 10/6/2025) Add ons Services- MRI (1/19/2026)
A85: 84 | B85: 4471 | C85: REGION 2 | D85: Isabela | E85: Santiago City | F85: #16 Abuag Street, Villasis | G85: FLORES MEMORIAL MEDICAL CENTER | H85: Private | I85: N/A | J85: General | K85: Level 1 | L85: 29 | M85: Pharmacy,Ambulatory Surgical Clinic (Lithotripsy) Diagnostic X-Ray (Level 3), Electrolytes (Total Calcium, Ionizd Calcium) Special Hematology (D-dimer, Ferritin) Special Serology (PSA, Typhidot,HCV,HAV, H. pylori) Special Chemistry (HbA1c, Procalcitonin, CRP, cTn1, Phosp, Mg, ALP, Amylase, Lipase, Albumin, Total Bilirubin, Direct Bilirubin, Indirect Bilirubin) Hormone (AFP, b-HCG, LH) Thyroid Function Test (TSH, fT3, fT4, T3, T4) | N85: Blood Station | S85: 0 | T85: Renmar Specialist’s Hospital | W85: Secondary | X85: Dr. Frederick Agtarap | Y85: (078) 305-1255 09175745016 | Z85: a.aofmh@yahoo.com | AA85: 46023 | AB85: 46387 | AC85: 02-25-26-H1-2 | AD85: Renewal | AE85: N/A | AF85: Add Ons services: (4/27/2026)
A86: 85 | B86: 9771 | C86: REGION 2 | D86: Isabela | E86: Santiago City | F86: Maharlika Highway, Corner Patul Road, Plaridel | G86: RENMAR SPECIALISTS' HOSPITAL | H86: Private | I86: N/A | J86: General | K86: Level 1 | L86: 10 | M86: Pharmacy, Diagnostic X-ray (Level 1) , Clinical Laboratory Add ons: Electrolytes (Total Calcium, Ionized Calcium) Special Chemistry (Magnesium, Phosphorus, Lipase, Albumin, Amylase, HbA1c, D-dimer, CRP, Trop-I) Special Serology (Anti-HCV, S. Typhi/ typhidot) Special Hematolgy (ESR) Tumor Markers (AFP, CEA, PSA, Procalcitonin) Thyroid Function Test (T3,T4, fT3,fT4, TSH) | N86: Blood Station | P86: 1/Type 1/BAA 5970 | Q86: 1 | S86: 1 | W86: Secondary | X86: Dr. Renato A. Elefante | Y86: (078) 305-2743 09155238730 | Z86: renmarspecialistshospital@gmail.com | AA86: 46023 | AB86: 46387 | AC86: 02-43-26-H1-2 | AD86: Renewal | AE86: N/A | AF86: Clinical Laboratory Add ons Services- 3/12/2026 (1st Quarter)
A87: 86 | B87: 34465 | C87: REGION 2 | D87: Isabela | E87: Santiago City | F87: Purok 7, National Road, Rizal | G87: SANTIAGO MEDICAL CITY | H87: Private | I87: N/A | J87: General | K87: Level 2 | L87: 109 | M87: Clinical Laboratory for Anatomic Pathology: * Histopathology Specialized X-Ray Services: *Computed Tomography, *Mammography, Magnectic Resonance Imaging | N87: Blood Station | P87: 1, Type II, Plate No. BAA7444 | R87: 1 | S87: 1 | U87: 12 | W87: Tertiary | X87: Dr. Christine Agatha M. Untalan | Y87: (078) 353 9888 | Z87: santiagomedicalcity@yahoo.com | AA87: 46023 | AB87: 46387 | AC87: 02-15-26-H2-2 | AD87: Renewal | AE87: N/A | AF87: Add ons (Magnetic Resonance Imaging)- (12/12/2025)
A88: 87 | B88: none | C88: REGION 2 | D88: Isabela | E88: Tumauini | F88: Purok 1, Lalauanan | G88: ST. MATTHIAS MEDICAL CENTER OF ISABELA INC. | H88: Private | I88: N/A | J88: General | K88: Level 2 | L88: 31 | M88: Computed Tomography, Diagnostic X-Ray (Level 3), Clinical Laboratory for Anatomic Pathology: Histopathology , Cancer Treatment Unit in a General Hospital | N88: Blood Station | P88: 1, Type 2, Plate No. BAF 5215 | R88: 1 | S88: 1 | W88: Tertiary | X88: Dr. Mary Ann Valdez | Y88: 09171773400 09178839892 | Z88: saintmathiasmedicalcenter@gmail.com | AA88: 46023 | AB88: 46387 | AC88: 02-12-26-H2-2 | AD88: Renewal | AE88: N/A
A89: 88 | B89: 4698 | C89: REGION 2 | D89: Nueva Vizcaya | E89: Solano | F89: Ballesteros street, Roxas, Solano, Nueva Vizcaya | G89: MEDICAL MISSION GROUP HOSPITAL AND HEALTH SERVICES COOPERATIVE | H89: Private | I89: N/A | J89: General | K89: Level 1 | L89: 42 | M89: Pharmacy, Diagnostic X-Ray (Level 2) | N89: Blood Station | P89: 1/Type 1/ALA 1207 | Q89: 1 | S89: 1 | W89: Secondary | X89: Dr. Roderick B. Tambuyat | Y89: (078) 326-7946 | Z89: mmghhsc_nv@yahoo.com | AA89: 46023 | AB89: 46387 | AC89: 02-42-26-H1-2 | AD89: Renewal | AE89: Transferred | AF89: Increased in ABC, Change of Location ( 4/4/2025)
A90: 89 | B90: 5566 | C90: REGION 2 | D90: Nueva Vizcaya | E90: Solano | F90: Bascaran | G90: PLTCI - LUIS A. TIAM MEDICAL CENTER | H90: Private | I90: N/A | J90: General | K90: Level 2 | L90: 25 | M90: Computed Tomography | N90: Blood Station | P90: 1, Type II, Plate No. CAB 7696 | Q90: 1 | S90: 1 | W90: Tertiary | X90: Dr. Ricardo F. Adriano, Jr. | Y90: (078) 808-0042 (078) 805-3682 09999924609 | Z90: pltci_lat.medicalcenter@yahoo.com | AA90: 46023 | AB90: 46387 | AC90: 02-06-26-H2-2 | AD90: Renewal | AE90: N/A
A91: 90 | B91: none | C91: REGION 2 | D91: Nueva Vizcaya | E91: Solano | F91: National Highway, Brgy. Roxas | G91: SALUBRIS INC. | H91: Private | I91: N/A | J91: General | K91: Level 2 | L91: 50 | M91: Physical Rehabilitation Unit, Specialized Diagnostic X-ray Services: Computed Tamography | N91: Blood Station | P91: 1, Type II, Plate No. NAU 1549 | R91: 1 | S91: 1 | U91: 7 | W91: Tertiary | X91: Dr. Excelsior G. Valdez | Y91: (078) 362 4839 09171489977 | Z91: salubrismedical@gmail.com | AA91: 46023 | AB91: 46387 | AC91: 02-08-26-H2-2 | AD91: Renewal | AE91: N/A
A92: 91 | B92: 4757 | C92: REGION 3 | D92: Aurora | E92: Baler | F92: Brgy. Suklayin, Baler | G92: PREMIERE GENERAL HOSPITAL OF NUEVA ECIJA BALER AURORA | H92: Private | I92: N/A | J92: General | K92: Level 2 | L92: 30 | M92: Specialized X-ray: Computed Tomography, ASC | N92: Blood Station | O92: No | P92: 1/ Type 2/ Plate No. CCA 5424 | Q92: 0 | R92: 1 | S92: 1 | U92: 7 | V92: N/A | W92: Tertiary | X92: Dr. Ma. Laarni Dela Cruz | Y92: 042-8724-6929/0912-119-4763 | Z92: premieregeneral@yahoo.com | AA92: 46023 | AB92: 46387 | AC92: 03-0008-26-H2-2 | AD92: Renewal | AE92: Transferred/Location | AF92: Laboratory
A93: 92 | B93: 40043 | C93: REGION 3 | D93: Bataan | E93: Balanga City | F93: Sampaguita Street, St. Joseph Subd. | G93: BALANGA MEDICAL CENTER CORPORATION | H93: Private | I93: N/A | J93: General | K93: Level 1 | L93: 34 | M93: Diagnostic X-ray Level2, Specialized X-ray- CT, Tertiary Laboratory,asc,Dental Clinic,NICU 6bassinets | N93: Blood Station | O93: No | P93: 1/TypeI/NFN8318 | Q93: 1 | R93: 0 | S93: 1 | U93: N/A | V93: N/A | W93: Tertiary | X93: Dr. Marites Cabral-Tamayo | Y93: 047-237-4428/1111 | Z93: balangamed.cc@gmail.com | AA93: 46023 | AB93: 46387 | AC93: 03-0040-26-H1-2 | AD93: Renewal
A94: 93 | B94: 3008 | C94: REGION 3 | D94: Bataan | E94: Balanga City | F94: Cuaderno St. Doña Francisca Subdivision | G94: BATAAN DOCTOR'S HOSPITAL & MEDICAL CENTER | H94: Private | I94: N/A | J94: General | K94: Level 2 | L94: 60 | M94: Specialized x-ray: CT, Mammography, Dental; Physical Medicine & Rehabilitation Unit, Ambulatory Surgical Clinic, Dialysis Clinic, | N94: Blood Station | O94: No | P94: 1/ Type 2/ Plate No. CAO 8923 | Q94: 0 | R94: 1 | S94: 1 | U94: 10 | V94: N/A | W94: Tertiary | X94: Dr. Francisco L. Pascual III | Y94: 047-237-2050/0919-067-8121 | Z94: batdocs@yahoo.com | AA94: 46023 | AB94: 46387 | AC94: 03-0226-26-H2-2 | AD94: Renewal
A95: 94 | B95: 4569 | C95: REGION 3 | D95: Bataan | E95: Balanga City | F95: Don Manuel Banzon Ave., Brgy. Doña Francisca | G95: BATAAN ST. JOSEPH HOSPITAL & MEDICAL CENTER CORP. | H95: Private | I95: N/A | J95: General | K95: Level 2 | L95: 50 | M95: Specialized X-ray: Computed Tomography& Mammography, Magnetic Resonance Imaging, Cardiac Catheterization, Dialysis, Ambulatory Surgical Clinic, Physical Medicine and Rehabilitation Unit,Tertiary Lab | N95: Blood Station | O95: No | P95: 1/ Type 2/ Plate No. CAO 8348 | Q95: 0 | R95: 1 | S95: 1 | U95: 9 | V95: N/A | W95: Tertiary | X95: Dr. Angel B. Aquino | Y95: 047-237-2009, 3009,0226 loc 128 | Z95: bsjh_72@yahoo.com | AA95: 46023 | AB95: 46387 | AC95: 03-0170-26-H2-2 | AD95: Renewal
A96: 95 | B96: 38108 | C96: REGION 3 | D96: Bataan | E96: Balanga City | F96: Lot 1 Psd 25823 Roman, National Highway, Brgy. Tenejero | G96: CENTRO MEDICO DE SANTISIMO ROSARIO, INC. | H96: Private | I96: N/A | J96: General | K96: Level 2 | L96: 100 | M96: Dialysis Clinic, Physical Medicine and Rehabilitation Unit, Ambulatory Surgical Clinic (Colorectal Surgery, General Surgery, Ophthalmologic Surgery, Otorhinolaryngologic Surgery, Thoracic Surgery, & Urologic Surgery), Diagnostic X-ray Services (Level 3) Specialized Diagnostic X-ray Service: Computed Tomography ,Tertiary lab | N96: Blood Station | O96: No | P96: 1/ Type 2/ Plate No. CBL 227 | Q96: 0 | R96: 1 | S96: 1 | U96: 12 | V96: N/A | W96: Tertiary | X96: Dr. Diana P. Zabala | Y96: 047-633-0000 | Z96: marketing.cmsr@gmail.com cmsrbalanga@gmail.com | AA96: 46023 | AB96: 46387 | AC96: 03-0089-26-H2-2 | AD96: Renewal
A97: 96 | B97: 3180 | C97: REGION 3 | D97: Bataan | E97: Balanga City | F97: Calero Street, Ibayo | G97: ISAAC & CATALINA MEDICAL CENTER | H97: Private | I97: N/A | J97: General | K97: Level 1 | L97: 47 | M97: ICU- 2 beds, NICU - 4 bassinets, Dialysis Clinic, Tertiary Lab, Physical Medicine and Rehabilitation Unit, Ambulatory Surgical Clinic, Dental Clinic Diagnostic X-ray Level 2, Specialized X-ray- Ct and Mammography | N97: Blood Station | O97: No | P97: 1/Type I/ Plate# RGX347 | Q97: 1 | R97: 0 | S97: 1 | U97: 16 | V97: N/A | W97: Tertiary | X97: Dr. Edgardo B. Guzman | Y97: 047-237-1435 | Z97: icmc_balanga@pldtdsl.net | AA97: 46023 | AB97: 46387 | AC97: 03-0212-26H1-2 | AD97: Renewal
A98: 97 | B98: 3132 | C98: REGION 3 | D98: Bataan | E98: Dinalupihan | F98: San Ramon | G98: BATAAN PENINSULA MEDICAL CENTER | H98: Private | I98: N/A | J98: General | K98: Level 1 | L98: 35 | M98: Dialysis Clinic (Bataan Kidney and Dialysis Center), Clinical Laboratory (Tertiary), ICU (6 beds), ASC, Physical Medicine and Rehabilitation Unit, Diagnostic X-ray Services (Level 2), Specialized: Computed Tomography,NICU 4bassinets | N98: Blood Station | O98: No | P98: 1/Type I/Plate# CBT7881 | Q98: 1 | R98: 0 | S98: 1 | U98: 13 | V98: N/A | W98: Tertiary | X98: Dr. Elenita Bautista | Y98: 047-481-2173/09090178228 | Z98: bpmc888@hotmail.com | AA98: 46023 | AB98: 46387 | AC98: 03-0150-26-H1-2 | AD98: Renewal
A99: 98 | B99: 1677 | C99: REGION 3 | D99: Bataan | E99: Mariveles | F99: Lakandula St., Poblacion | G99: MAHESECO MULTIPURPOSE COOPERATIVE | H99: Private | I99: N/A | J99: General | K99: Level 1 | L99: 12 | N99: Blood Station | O99: No | P99: 1/Type I/CR No. 336953503 | Q99: 1 | R99: 0 | S99: 1 | V99: N/A | W99: Secondary | X99: Dr. Maria Corazon Cruz Zamora | Y99: 047-935-4192 | Z99: mpc_maheseco.hospital@yahoo.com | AA99: 46023 | AB99: 46387 | AC99: 03-0220-26-H1-2 | AD99: Renewal
A100: 99 | B100: 6812 | C100: REGION 3 | D100: Bataan | E100: Orion | F100: J.P. Rizal St.,Wakas | G100: ORION ST. MICHAEL HOSPITAL | H100: Private | I100: N/A | J100: General | K100: Level 1 | L100: 17 | M100: Dialysis Clinic, Diagnostic X-ray (Level 2), specialized: CT | N100: Blood Station | O100: No | P100: 1/Type I/ Plate# NIX929 | Q100: 1 | R100: 0 | S100: 1 | U100: 4 | V100: N/A | W100: Secondary | X100: Dr. Angelito N. Baluyot Jr. | Y100: 0917-571-5706' 0955-103-9876 | Z100: osmhprove1@yahoo.com | AA100: 46023 | AB100: 46387 | AC100: 03-0081-26-H2-2 | AD100: Renewal | AE100: Transferred/Location | AF100: Laboratory
...

Sheet DOH Hospitals
A1: # | B1: NHFR CODE | C1: REGION | D1: PROVINCE | E1: CITY/ MUNICIPALITY | F1: BLDG OR HOUSE NO., STREET, BRGY (as applicable) | G1: NAME OF HOSPITAL | H1: OWNERSHIP | I1: OWNERSHIP CLASS | J1: CLASS | K1: SERVCE CAPABILITY | L1: ABC | M1: ADD-ONS SERVICES | N1: BLOOD SERVICE FACILITY (Service Capability) | O1: rHIV Confirmatory Laboratory | P1: AMBULANCE (No./ TYPE / PLATE NO.) Pls. Seperate if different Type | Q1: TOTAL NO. OF AMBULANCE (TYPE 1) | R1: TOTAL NO. OF AMBULANCE (TYPE 2) | S1: TOTAL NO. OF AMBULANCE | T1: NAME OF AMBULANCE SERVICE PROVIDER IF W/ MOA | U1: NO OF DIALYSIS STATION (If Applicable) | V1: NAME OF DIALYSIS PROVIDER (If Applicable) | W1: CTF CLASSIFICATION (If Applicable) | X1: CLINICAL LAB CLASSIFICATION (If Applicable) | Y1: MEDICAL DIRECTOR/ CHIEF OF HOSPITAL | Z1: CONTACT NOS. | AA1: E-MAIL ADDRESS | AB1: VALIDITY FROM | AC1: VALIDITY UNTIL | AD1: LICENSE NO. | AE1: APPLICATION STATUS | AF1: REMARKS
A2: 2 | B2: 02593 | C2: REGION 1 | D2: Ilocos Norte | E2: Batac | F2: Barangay 6, San Julian, Batac, Ilocos Norte | G2: MARIANO MARCOS MEMORIAL HOSPITAL AND MEDICAL CENTER | H2: Government | I2: DOH RETAINED | J2: General | K2: Level 3 | L2: 400 | M2: Dialysis Clinic (18 stations) Blood Bank (with additional function to collect, test & process blood) G6PD Confirmatory rHIVda Confirmatory Laboratory HIV Testing Laboratory Specialized Diagnostic X-ray Services (Computed Tomography, Mammography, Bone Densitometry) Dental X-Ray Services (Panoramic & Cephalometric) | N2: Blood Bank with additional function | O2: Yes | P2: 1. Type II-ALS, CS-A1U494 2. Type II-ALS, CS-F4H475 3. Type II-ALS, Plate No. NFN9289 4. Type II-ALS, CS-F130109 | R2: 4 | S2: =sum(Q2:R2) -> 4 | U2: 18 | V2: N/A | X2: Tertiary | Y2: Maria Lourdes K. Otayza, MD, CESO V, FPOGS, AF-ACHSM | Z2: 9171369594 | AA2: mmmhmc.cao@gmail.com | AB2: 45658 | AC2: 46022 | AD2: DOH002593 | AE2: Renewal | AF2: N/A | AG2: DECENTRALIZED TO ILOCOS CHD (EFFECTIVE JANUARY 2025)
A3: 6 | B3: 43601 | C3: REGION 1 | D3: Ilocos Sur | E3: Candon City | F3: Parioc Primero | G3: ILOCOS SUR MEDICAL CENTER | H3: Government | I3: DOH RETAINED | J3: General | K3: Level 2 | L3: 200 | M3: Specialized Diagnostic X-ray Services:Computed Tomography Anatomical Pathology (Surgical, Cytology and Frozen Section) Magnetic Resonance Imaging | N3: Blood Station | P3: 1, Type II, CS No. P8 D518 CR No. 437704610 | R3: 1 | S3: =sum(Q3:R3) -> 1 | T3: City of Candon Hospital | U3: 12 | V3: N/A | X3: Tertiary | Y3: Dr. Angel D. Trinidad | Z3: 09164976615 | AA3: ilocossurmedicalcenter@gmail.com | AB3: 45658 | AC3: 46022 | AD3: 01-0018-25-H2-1 | AE3: Renewal | AF3: N/A
A4: 20 | B4: 02777 | C4: REGION 1 | D4: La Union | E4: San Fernando City | F4: Barangay Parian, San Fernando City, La Union | G4: ILOCOS TRAINING AND REGIONAL MEDICAL CENTER | H4: Government | I4: DOH RETAINED | J4: General | K4: Level 3 | L4: 306 | M4: Dialysis Clinic (13 stations) Blood Bank (with additional function to collect, test & process blood) G6PD Confirmatory Laboratory rHIVda Confirmatory Laboratory HIV Testing Laboratory Laboratory for Drinking Water Analysis Specialized Diagnostic X-ray Services( Computed Tomography) Dental X-ray Services (Peri-apical) | N4: Blood Bank with additional function | O4: Yes | P4: 1. Type II-ALS, CS-P6-F319 2. Type II-ALS, CS-F2-1960 3. Type II-ALS, CS-F4-H390 | Q4: 0 | R4: 3 | S4: 3 | U4: 13 | V4: N/A | X4: Tertiary | Y4: Dr. Eduardo M. Badua III | Z4: 0912-016-0904 | AA4: nmr.itrmc20@gmail.com | AB4: 45658 | AC4: 46022 | AD4: DOH002777 | AE4: Renewal | AF4: N/A | AG4: DECENTRALIZED TO ILOCOS CHD (EFFECTIVE JANUARY 2025)
A5: 25 | B5: 00273 | C5: REGION 1 | D5: Pangasinan | E5: Dagupan City | F5: Arellano St., Dagupan City | G5: REGION 1 MEDICAL CENTER | H5: Government | I5: DOH RETAINED | J5: General | K5: Level 3 | L5: 300 | M5: Dialysis Clinic (6 stations) G6PD Confirmatory rHIVda Confirmatory Laboratory HIV Testing Laboratory Laboratory for Drinking Water Analysis Pharmacy (2) Acute-Chronic Psychiatric Care Facility -16 beds Specialized Diagnostic X-ray Services (Computed Tomography) Dental X-Ray Services (Panoramic, Cephalometric, Peri-apical ) | N5: Blood Bank | O5: Yes | P5: 1. Type II-ALS, CS-A3G442 2. Type II-ALS, CS-A2Q659 3. Type II-ALS, CS-F21983 4. Type II-ALS, Plate No. 130106 | Q5: 0 | R5: 4 | S5: =sum(Q5:R5) -> 4 | U5: 6 | V5: N/A | X5: Tertiary | Y5: Dr. Joseph Roland Mejia | Z5: 653-7162 | AA5: region1mc@gmail.com | AB5: 45658 | AC5: 46022 | AD5: DOH000273 | AE5: Renewal | AF5: N/A | AG5: DECENTRALIZED TO ILOCOS CHD (EFFECTIVE JANUARY 2025)
A6: 32 | B6: 43601 | C6: REGION 1 | D6: Pangasinan | E6: Rosales | F6: Government Center Carmay East | G6: CONRADO F. ESTRELLA REGIONAL MEDICAL AND TRAUMA CENTER | H6: Government | I6: DOH RETAINED | J6: General | K6: Level 2 | L6: 103 | M6: Blood Bank with additional function Specialized Diagnostic X-ray Services:Computed Tomography Magnetic Resonance Imaging | N6: Blood Bank with additional function | P6: 1, Type I, Conduction No. F4KH16 CR No: 43183187 | R6: 1 | S6: =sum(Q6:R6) -> 1 | V6: N/A | X6: Tertiary | Y6: Dr. Emerson B. Patawaran | Z6: 0755296863 / 09177819724 | AA6: cfermtc@gmail.com | AB6: 45658 | AC6: 46022 | AD6: 01-0015-25-H2-1 | AE6: Renewal | AF6: Add-on Service | AG6: applied for bld. Bank w/additional function (3.21,25)
A7: 37 | B7: 5201 | C7: REGION 2 | D7: Batanes | E7: Basco | F7: National Road, Kayhuvokan | G7: BATANES GENERAL HOSPITAL | H7: Government | I7: DOH RETAINED | J7: General | K7: Level 2 | L7: 75 | M7: Blood Bank, Drug Testing Lab, Pharmacy, Hospital Blood Bank with additional functions, Diagnostic X-ray (Levell 2) , Computed Tamography,Mammography , rHIVda Confirmatory Laboratory, Covid-19 (SARS-CoV 2) Testing Laboratory | N7: Blood Bank | P7: 1/Type 1/OV 9116 | U7: 1 | V7: 1 | X7: Tertiary | Y7: Dr. Jeffrey Antony T. Canceran | Z7: 09190996724 | AA7: bataneshospital@gmail.com | AB7: 45658 | AC7: 46022 | AD7: 02-16-25-H1-1 | AE7: Renewal | AF7: N/A
A8: 45 | B8: 02162 | C8: REGION 2 | D8: Cagayan | E8: Tuguegarao City | F8: Maharlika Highway, Carig | G8: CAGAYAN VALLEY MEDICAL CENTER | H8: Government | I8: DOH RETAINED | J8: General | K8: Level 3 | L8: 649 | M8: Specialty Center – Infectious Disease and Tropital Medicine (BC) G6PD Confirmatory Specialized Diagnostic X-ray Services: rHIVda Confirmatory Laboratory Computed Tomography Laboratory for Drinking Water Analysis Mammography Blood Bank (with addt’l funtions to collect, Dental test & process blood) SPECT/CT Dental Laboratory (Removable Prostheses Services) Magnetic Resonance Imaging - Complete Dentures Radiation Therapy Services: - Removable Partial Dentures w/out Conventional Radiation Therapy Metal framework 3D Conformal Radiation Therapy  Conventional acrylic dentures Intensity Modulated Radiation Therapy Covid-19 Testing Laboratory | N8: Blood Bank with additional function | O8: Yes | P8: 6, Type II, Plate No. A6P528,Type II, C.S No. P61624, Type II, C.S No. F4K526,Type I, C.S No. A6Z515,Type I, C.S No. F21949, Type 1, Plate No. SND 3323, | X8: Tertiary | Y8: Dr. Cherry Lou M. Antonio | Z8: (078) 304-1410 (078) 304-0033 (078) 302- 0000 09176285312 | AA8: cvmcr2@gmail.com | AB8: 45658 | AC8: 46022 | AD8: 02-01-25-H3-1 | AE8: Renewal | AF8: N/A
A9: 54 | B9: 03313 | C9: REGION 2 | D9: Isabela | E9: Santiago City | F9: Corner Recto Avenue, Zamora St., Rosario | G9: SOUTHERN ISABELA MEDICAL CENTER | H9: Government | I9: DOH RETAINED | J9: General | K9: Level 3 | L9: 350 | M9: Blood Bank with additional function,rHIVda Confirmatory Laboratory, Covid-19 (SARS COV-2) Testing Laboratory, Speacialized Diagnostic X-ray Services: Computed Tomography, Dental, Bone Densitometry | N9: Blood Bank with additional function | O9: Yes | P9: 3, Type II, Plate No. BAA 6899 ; Type II, Plate No. F4H 451, Plate No. P5Q285 | S9: 3 | U9: 3 | X9: Tertiary | Y9: Usec. Glenn Mathew B. Baggao-OIC | Z9: (078) 307-2637 (078) 705-0459 | AA9: simc.mcc0421@gmail.com | AB9: 45658 | AC9: 46022 | AD9: 02-02-25-H3-1 | AE9: Renewal | AF9: Add-on Service
A10: 56 | B10: 02703 | C10: REGION 2 | D10: Nueva Vizcaya | E10: Bayombong | F10: Magsaysay | G10: REGION II TRAUMA AND MEDICAL CENTER | H10: Government | I10: DOH RETAINED | J10: General | K10: Level 3 | L10: 306 | M10: Blood Bank (with add’l functions to collect, test, and process blood), rHIVda Confirmatory Laboratory Satellite Clinical Laborator (OPD-Secondary), Covid-19 Testing Laboratory, Molecular Pathology, Ambulatory Surgical Clinic: - Opthalmologic Surgery, Specialized Diagnostic X-ray Services: *Computed Tomography *Mammography *Magnetic Resonance Imaging Dental: *Panoramic/Cephalometric, *Periapical | N10: Blood Bank with additional function | O10: Yes | P10: 1, Type II, Plate No. 131210 | T10: 2 | U10: 2 | X10: Tertiary | Y10: Dr. Ray P. Suanding | Z10: (078) 805- 3560 | AA10: r2tmc@doh.gov.ph | AB10: 45658 | AC10: 46022 | AD10: 02-03-25-H3-1 | AE10: Renewal | AF10: Add-on Service
A11: 62 | B11: 427 | C11: REGION 3 | D11: Bataan | E11: Balanga City | F11: Manahan St., Tenejero | G11: BATAAN GENERAL HOSPITAL AND MEDICAL CENTER | H11: Government | I11: DOH RETAINED | J11: General | K11: Level 3 | L11: 607 | M11: Specialized x-ray: CT Mammography, Dental; Magentic Resonance Imaging; Pharmacy (2); G6PD Confirmatory Test, HIV Testing Laboratory; rHIVda Confirmatory Laboratory, Laboratory for Drinking Water Analysis, Blood Bank with additional functions:(collect, test and process blood) | N11: Blood Bank with additional function | O11: Yes | P11: 4/ Type II/ A4 R680, A4 0057, F3 0816, F4 H478 | U11: 30 | W11: N/A | X11: Tertiary | Y11: Dr. Glory Baltazar | Z11: 237-2269/3635 | AA11: bataanghmc2020@gmail.com | AB11: 45658 | AC11: 46022 | AD11: 03-0022-25-H3-1 | AE11: Existing HF with Changes | AF11: Increase Bed
A12: 65 | B12: 1977 | C12: REGION 3 | D12: Bataan | E12: Mariveles | F12: P. Monroe St. Pob. | G12: MARIVELES MENTAL WELLNESS AND GENERAL HOSPITAL | H12: Government | I12: DOH RETAINED | J12: Specialty | K12: Level 1 | L12: 18 | M12: Custodial Psychiatric Care (500 ABC), Dental Clinic, Dental X-ray, X-ray Services Level 2, Level 1 Hosp (18 ABC) | N12: Blood Station | O12: No | P12: Type I, Plate No. P61 781 & P61 515 | W12: N/A | X12: Secondary | Y12: Dennis Ordona, MD, FPCP, MPM | Z12: (047) 6339006 (047) 9354617 (047) 9354138 | AA12: planning.mmwgh@gmail.com | AB12: 45658 | AC12: 46022 | AD12: 03-0145-25-H1-1 | AE12: Renewal | AF12: N/A
A13: 68 | B13: 46878 | C13: REGION 3 | D13: Bulacan | E13: Bocaue | F13: Igulot | G13: JONI VILLANUEVA GENERAL HOSPITAL | H13: Government | I13: DOH RETAINED | J13: General | K13: Level 2 | L13: 69 | M13: ASC (General Surgery, Pediatric Surgery, Reproductive Health Surgery) | N13: Blood Station | O13: No | P13: Type I Conduction Sticker F4J 639 | W13: N/A | X13: Secondary | Y13: Renely Tungol, MD, MPH-HSD, MHA, CSEE | AA13: jonivgh.hrmu@gmail.com | AB13: 45658 | AC13: 46022 | AD13: 03-0200-25-H2-1 | AE13: Existing HF with Changes | AF13: Increase Bed
A14: 79 | B14: 276 | C14: REGION 3 | D14: Nueva Ecija | E14: Cabanatuan City | F14: Mabini Street | G14: DR. PAULINO J. GARCIA MEMORIAL RESEARCH & MEDICAL CENTER | H14: Government | I14: DOH RETAINED | J14: General | K14: Level 3 | L14: 600 | M14: BB+ with addtl function to collect, test & process blood, Molecular Pathology (SARS-CoV2 detection, HPV genotyping, BRAF mutation detection, NRAS mutation detection, KRAS mutation detection, EGFR mutation detection, MTB/ RIF detection, MTB/ XDR detection, HIV viral load, HCV viral load, HBV viral load, HER2/ NUE FISH),Specialized x-ray: CT, Mammography, Bone Densitometer; Dental X-ray; Satellite Pharmacy (ER, OR, Oncology) | N14: Blood Bank with additional function | O14: Yes | P14: 2/ Type II/ CS# F30946; CS# F30933 | U14: 12 | W14: N/A | X14: Tertiary | Y14: Jose Ravinar J. Austria, MD, MBA-H, FPSGS, FPCS | Z14: 044-463-8286 | AA14: dr.pjgmrmc85cabanatuan@gmail.com | AB14: 45658 | AC14: 46022 | AD14: 03-0046-25-H3-1 | AE14: Renewal | AF14: N/A
A15: 89 | B15: 2212 | C15: REGION 3 | D15: Nueva Ecija | E15: Talavera | F15: Maestrang Kikay | G15: TALAVERA GENERAL HOSPITAL | H15: Government | I15: DOH RETAINED | J15: General | K15: Level 2 | L15: 77 | M15: ASC (General, Otorhinolaryngologic, Pediatric, Reproductive Health, Urologic); rHIVda Confirmatory Laboratory; Special Diagnostic (Dental) | N15: Blood Station | O15: Yes | P15: 2/Type II/ CS# VK4553; CS# A6Z586 | W15: N/A | X15: Tertiary | Y15: Dr. Ma. Isabel S. Gallardo | Z15: 044-940-7136 | AA15: teh_talavera@yahoo.com | AB15: 45658 | AC15: 46022 | AD15: 03-0141-25-H2-1 | AE15: Renewal | AF15: N/A
A16: 102 | B16: 271 | C16: REGION 3 | D16: Pampanga | E16: San Fernando City | F16: Dolores | G16: JOSE B. LINGAD MEMORIAL GENERAL HOSPITAL | H16: Government | I16: DOH RETAINED | J16: General | K16: Level 3 | L16: 900 | M16: HBB++, rHIVda Confirmatory Lab, Acute Psychiatric Care Facility-10, Covid-19 (SARS-CoV-2) Testing Laboratory: RT-PCR & Cartridge-Based, Specialized X-ray: CT , Mammography, Lithotripsy, Cardiac Catheterization, Digital Subtraction Angiography, Dental, MRI | N16: Blood Bank with additional function | O16: Yes | P16: 3/Type II/ CS# F4H407, CS# F3J731, Plate No. SAA 2203 | U16: 15 | W16: Cancer Treatment Unit in a General Hospital | X16: Tertiary | Y16: Dr. Monserrat S. Chichioco | Z16: 045-961-3921/963-2279 | AA16: mcc@jblmgh.com.ph | AB16: 45658 | AC16: 46022 | AD16: 03-0215-25-H3-1 | AE16: Renewal | AF16: N/A
A17: 119 | B17: 2829 | C17: REGION 4-A | D17: Batangas | E17: Batangas City | F17: Kumintang Ibaba, Batangas City | G17: BATANGAS MEDICAL CENTER | H17: Government | I17: DOH RETAINED | J17: General | K17: Level 3 | L17: 624 | M17: Blood Bank (with additional function to collect, test & process), rHIVda Confirmatory Laboratory, HIV Testing Laboratory, Pharmacy (2) Specialized Diagnostic X-ray Servicess, Radiation Therapy Services, Dental X-ray Services | N17: Blood Bank with additional function | O17: Yes | P17: 2 Units | T17: n/a | U17: 12 | W17: N/A | X17: Tertiary | Y17: Dr. Ramoncito C. Magnaye | Z17: =639152945341 -> 639152945341 | AA17: cao@batmc.doh.gov.ph | AB17: 45658 | AC17: 46022 | AD17: DOH002829 | AE17: C/O HFSRB
A18: 132 | B18: 25681 | C18: REGION 4-A | D18: Cavite | E18: Bacoor City | F18: Reyville Subdivision, Brgy. Habay Ii, Bacoor, Cavite | G18: SOUTHERN TAGALOG REGIONAL HOSPITAL (BACOOR DISTRICT HOSPITAL) | H18: Government | I18: DOH RETAINED | J18: General | K18: Level 2 | L18: 100 | M18: Diagnostic X-ray Services (Level 2) NICU- 3, ICU-6 | N18: Blood Station | O18: Yes | P18: Type 1 F3 Y821 | T18: n/a | U18: n/a | W18: N/A | X18: Tertiary | Y18: Dr. Ruby Ephraim M. Rubiano | Z18: (046) 418-3644 | AA18: bdh_62@yahoo.com | AB18: 45658 | AC18: 46022 | AD18: 4A-0079-25-H2-1 | AE18: Renewal
A19: 163 | B19: 6085 | C19: REGION 4-A | D19: Quezon | E19: Tagkawayan | F19: Munting Parang, Tagkawayan, Quezon | G19: MARIA L. ELEAZAR GENERAL HOSPITAL | H19: Government | I19: DOH RETAINED | J19: General | K19: Level 1 | L19: 25 | M19: Diagnostic X-ray Services (Level 2) Pharmacy | N19: Blood Station | O19: No | P19: n/a | T19: n/a | U19: n/a | W19: N/A | X19: Secondary | Y19: Reynaldo E. Florido | Z19: 9228304873/ 042-9110599/ | AA19: mlegh.tk11474@gmail.com/ hfdumlegh@gmail.com | AB19: 45658 | AC19: 46022 | AD19: 4A-0209-25-H1-1 | AE19: Renewal
A20: 186 | B20: 279 | C20: REGION 4-B | D20: Palawan | E20: Culion | F20: Brgy. Tiza | G20: CULION SANITARIUM AND GENERAL HOSPITAL | H20: Government | I20: DOH RETAINED | J20: General | K20: Level 2 | L20: 200 | M20: Level 3 Gen. Radiography Radiography/Fluoroscopy (Mobile C-arm) Computed Tomography Mammography Vita Air Oxygen Plant HIV Laboratory Testing (Screening) Dialysis Clinic (10 stations) | N20: Blood Bank with additional function | O20: No | P20: 1 / Type 2 / Plate No. NEH 4023 CR# 35260766-2 1 / Type 1 / Plate No. NGT 7848 / CR No. 41745567-3 | T20: N/A | U20: 10 | W20: N/A | X20: Tertiary | Y20: MARIA REGINA M. CALIMAG, MD, DPCP, DPCCP | Z20: n/a | AA20: csghadserv@gmail.com | AB20: 45658 | AC20: 46022 | AD20: 4B-0022-25-H2-1 | AE20: Renewal
A21: 189 | B21: 236 | C21: REGION 4-B | D21: Palawan | E21: Puerto Princesa City | F21: #220 Malvar St., Brgy. San Miguel | G21: OSPITAL NG PALAWAN | H21: Government | I21: DOH RETAINED | J21: General | K21: Level 2 | L21: 213 | M21: Level 3 Gen. Radiography Computed Tomography Radio - Fluoroscopy rHIVda Confirmatory Laboratory (CrCL) | N21: Blood Bank with additional function | O21: Yes | P21: 1 / Type 2 / Plate No. A3X 342 | T21: N/A | U21: N/A | W21: N/A | X21: Tertiary | Y21: DR. MELECIO N. DY | Z21: (048) 434-8339 loc 217 | AA21: ospital.palawan@yahoo.com | AB21: 45658 | AC21: 46022 | AD21: 4B-0010-25-H2-1 | AE21: Renewal
A22: 193 | B22: 270 | C22: REGION 5 | D22: Albay | E22: Daraga | F22: Daraga, Albay | G22: BICOL REGIONAL HOSPITAL AND MEDICAL CENTER | H22: Government | I22: DOH RETAINED | J22: General | K22: Level 3 | L22: 450 | M22: HIV Testing Laboratory, Ambulatory Surgical Clinic, G6PD Confirmatory, Specialized Diagnostic X-ray Services | N22: 1 Unit | P22: 6 | X22: Tertiary | Y22: D. Eric Raymond Rabonar | Z22: (052) 732-5555 | AA22: brhmc.cares@gmail.com | AB22: 45658 | AC22: 46022 | AD22: DOH000270 | AE22: Renewal
A23: 200 | B23: duplicate NHFR | C23: REGION 5 | D23: Camarines Sur | E23: Cabusao | F23: San Pedro, Cabusao, Camarines Sur | G23: BICOL REGION GENERAL HOSPITAL AND GERIATRIC MEDICAL CENTER | H23: Government | I23: DOH RETAINED | J23: General | K23: Level 2 | L23: 200 | M23: Ambulatory Surgical Clinic Dialysis 15 stations X-ray Level III Specialized Diagnostic X-Ray Services: Computed Tomography and Bone Densitomtry, G6PD Confirmatory | N23: 1, Type 2 | P23: 15 | X23: Tertiary | Y23: Dr. Ramon C. Echano, Jr | Z23: 9071372224 | AA23: brghgmc@gmail.com | AB23: 45658 | AC23: 46022 | AD23: 05-0017-25-H2-1 | AE23: Renewal
A24: 202 | B24: 278 | C24: REGION 5 | D24: Camarines Sur | E24: Naga City | F24: Concepcion Pequeña, Naga City | G24: BICOL MEDICAL CENTER | H24: Government | I24: DOH RETAINED | J24: General | K24: Level 3 | L24: 800 | M24: Blood Bank (with additional function to collect, test & process), Ambulatory Surgical Clinic, rHIVda Confirmatory Laboratory, Specialized Diagnostic X-ray Servicess, Dental Service | N24: 1. Type II, Plate No. Nam 2001 2. Type II, Plate No. Nam 2003 | P24: 18 | X24: Tertiary | Y24: Dr. Ronnie Gregorio B. Gigantone III | Z24: (054) 472-6125 | AA24: bmc.cao2022@gmail.com | AB24: 45658 | AC24: 46022 | AD24: DOH000278 | AE24: Renewal
A25: 227 | B25: 481 | C25: REGION 6 | D25: Iloilo | E25: Barotac Nuevo | F25: Brgy. Tabucan | G25: DON JOSE S. MONFORT MEDICAL CENTER | H25: Government | I25: DOH RETAINED | J25: General | K25: Level 2 | L25: 150 | M25: rHIVda Confirmatory Laboratory | N25: Blood Station | O25: Yes | P25: 1 / I / CS F0 W696 | T25: N/A | U25: NA | W25: N/A | X25: Tertiary | Y25: Dr. Mariano S. Hembra | Z25: 3612004 | AA25: djsmonfortmceh@yahoo.com.ph | AB25: 45658 | AC25: 46022 | AD25: 06-0002-25-H2-1 | AE25: Renewal
A26: 234 | B26: 5034 | C26: REGION 6 | D26: Iloilo | E26: Iloilo City | F26: Q. Abeto Street, Mandurriao, Iloilo City | G26: WESTERN VISAYAS MEDICAL CENTER | H26: Government | I26: DOH RETAINED | J26: General | K26: Level 3 | L26: 641 | M26: HIV Testing Laboratory, rHIV Confirmatory Laboratory,, Laboraotry for Drinking Analysis, Specialized Diagnostic X-ray Services | N26: Blood Bank | O26: Yes | P26: Type II, Plate Number F21992, F4K421 | U26: 56 | X26: Tertiary | Y26: Dr. Joseph Dean Nicolo | Z26: (033) 330-7700 | AA26: akuwvmc2017@gmail.com | AB26: 45658 | AC26: 46022 | AD26: DOH005034 | AE26: Renewal
A27: 239 | B27: 805 | C27: REGION 6 | D27: Iloilo | E27: Santa Barbara | F27: Brgy. Inangayan | G27: WESTERN VISAYAS SANITARIUM AND GENERAL HOSPITAL | H27: Government | I27: DOH RETAINED | J27: General | K27: Level 1 | L27: 100 | M27: Leprosy Care Services, HIV Testing Laboratory (Screening), Physical Medicine and Rehabilitation Unit, Diagnostic X-ray Services (Level 2), Specialized X-ray Services (Computed Tomography), Special Chemistry Test, C- Reactive Protein HBs Ab (Qualitative), HAV IgM (Qualitative) HbA1c, Troponin I, Salmonella Typhi, D-Dimer | N27: Blood Station | O27: No | P27: 1 / I / NFY 4178 | T27: N/A | U27: N/A | W27: N/A | X27: Secondary | Y27: Dr. Judy Ann T. Dumayas | Z27: 033-523-9515 | AA27: wvsanitarium1927@gmail.com | AB27: 45658 | AC27: 46022 | AD27: 06-0035-25-H1-1 | AE27: Renewal
A28: 245 | C28: REGION 7 | D28: Bohol | E28: Tagbilaran City | F28: Miguel Parras St., Tagbilaran City, Bohol | G28: GOVERNOR CELESTINO GALLARES MEMORIAL MEDICAL CENTER | H28: Government | I28: DOH RETAINED | J28: General | K28: Level 3 | L28: 400 | M28: Blood Bank with Additional Functions, G6PD Confirmatory Laboratory, rHIVda Confirmatory Laboratory, Tertiary Clinical Laboratory with Histopathology, Pharmacy, Specialized Diagnostic X-ray Services, Cancer Treatment Unit in a General Hospital | N28: Blood Bank with additional function | O28: Yes | P28: 1 Type 2 | U28: 20 | W28: Cancer Treatment Unit in a General Hospital | X28: Tertiary | Y28: Mutya Kismet T. Macuno, MD | Z28: (038) 411-3185 | AA28: gcgmh_bohol@yahoo.com.ph; gallares.bohol@gmail.com; gcgmhcao@gmail.com | AB28: 45658 | AC28: 46022 | AD28: DOH005389 | AE28: Renewal
A29: 247 | C29: REGION 7 | D29: Bohol | E29: Ubay | F29: Bood, Ubay, Bohol | G29: DON EMILIO DEL VALLE MEMORIAL HOSPITAL | H29: Government | I29: DOH RETAINED | J29: General | K29: Level 2 | L29: 200 | M29: BS-Blood Collecting Unit, Pharmacy, rHIVDA, Specialized Diagnostic X-ray Services, CT-Scan, Mammogram, MRI | N29: Blood Collection Unit/Blood Services | O29: Yes | P29: 1 Type II - F3J730, SND3950 | W29: N/A | X29: Tertiary | Y29: Nelson A. Elle, MD, DTMPH, MScIH | Z29: (038) 518-8301 | AA29: devmh.ubay@devmh.doh.gov.ph | AB29: 45658 | AC29: 46022 | AD29: 07-006-25-200-H2-1 | AE29: Renewal
A30: 254 | C30: REGION 7 | D30: Cebu | E30: Cebu City | F30: Basak, San Nicolas, Cebu City, Cebu | G30: SAINT ANTHONY MOTHER AND CHILD HOSPITAL | H30: Government | I30: DOH RETAINED | J30: General | K30: Level 2 | L30: 100 | M30: Blood Station, Pharmacy, Specialized Diagnostic X-ray Services, Dental Clinic | N30: Blood Station | O30: No | P30: 1 Type I | W30: N/A | X30: Secondary | Y30: Juanito T. Tiu, MD, DPPS, MBA-HA | Z30: (032) 261-9989 loc. 5106 | AA30: mcc.sec@samch.doh.gov.ph | AB30: 45658 | AC30: 46022 | AD30: 07-088-25-100-H2-1 | AE30: Renewal
A31: 255 | C31: REGION 7 | D31: Cebu | E31: Cebu City | F31: B. Rodriguez St., Sambag II, Cebu City, Cebu | G31: VICENTE SOTTO MEMORIAL MEDICAL CENTER | H31: Government | I31: DOH RETAINED | J31: General | K31: Level 3 | L31: 1500 | M31: Blood Bank with Additional Functions, Tertiary Clinical Laboratory with Histopatholog, rHIVda Confirmatory Laboratory, Laboratory for Drinking Water Analysis, Pharmacy, Specialized Diagnostic X-ray Services | N31: Blood Bank with additional function | O31: Yes | P31: 1 Type 2 | U31: 15 | W31: N/A | X31: Tertiary | Y31: Gerardo M. Aquino, Jr., MD, MHA, CEO VI | Z31: (032) 344-7756; 253-9891-99 | AA31: mcc@vsmmc.doh.gov.ph | AB31: 45658 | AC31: 46022 | AD31: DOH005937 | AE31: Renewal
A32: 258 | C32: REGION 7 | D32: Cebu | E32: Mandaue City | F32: Northroad, Jagobiao, Mandaue City, Cebu | G32: EVERSLEY CHILDS SANITARIUM AND GENERAL HOSPITAL | H32: Government | I32: DOH RETAINED | J32: General | K32: Level 2 | L32: 200 | M32: Blood Station, Pharmacy, Diagnostic X-ray Services (Level 3) | N32: Blood Station | O32: No | P32: 2 Type 2 - GAJ 7595 and 1301-1492664 | U32: 10 | W32: N/A | X32: Tertiary | Y32: Pythagoras M. Zerna, MD, DPBS, FPSGS, FPCS | Z32: (032) 346-2468 | AA32: mcc@ecsgh.doh.gov.ph | AB32: 45658 | AC32: 46022 | AD32: 07-084-25-200-H2-1 | AE32: Renewal
A33: 261 | C33: REGION 7 | D33: Cebu | E33: Talisay City | F33: San Isidro, Talisay City, Cebu | G33: CEBU SOUTH MEDICAL CENTER | H33: Government | I33: DOH RETAINED | J33: General | K33: Level 3 | L33: 201 | M33: Blood Station, rHIVda Confirmatory Laboratory, Pharmacy, Diagnostic X-ray Services | N33: Blood Station | O33: Yes | P33: 2 Type II - Plate No. 131201, CR No. 38242197-0, 382421170-1 | W33: N/A | X33: Tertiary | Y33: Agustin D. Agos, MD, FPSGS, FPCS, MA, DODT, PhD-OD, RODC | Z33: (032) 273-3713; (032) 265-5986 | AA33: mcc@csmc.doh.gov.ph | AB33: 45658 | AC33: 46022 | AD33: DOH005280 | AE33: Renewal
A34: 272 | B34: DOH00743 | C34: REGION 8 | D34: Leyte | E34: Palo | F34: Brgy. Naga-Naga, Palo, Leyte | G34: GOV. BENJAMIN T. ROMUALDEZ GENERAL HOSPITAL & SCHISTOSOMIASIS CENTER | H34: Government | I34: DOH RETAINED | J34: General | K34: Level 1 | L34: 100 | M34: N/A | P34: 2 units/Type 1/F3V667,F3V633 | T34: N/A | U34: N/A | W34: N/A | X34: Secondary | Y34: Dr. Lyn L. Verona | Z34: 9981538188 | AA34: gbtrghsc.mcc@gmail.com | AB34: 45658 | AC34: 46022 | AD34: 08-035-25-H1-1 | AE34: Renewal
A35: 274 | B35: DOH05139 | C35: REGION 8 | D35: Leyte | E35: Tacloban City | F35: Barangay 93 Bagacay, Tacloban City, Eastern Visayas | G35: EASTERN VISAYAS MEDICAL CENTER | H35: Government | I35: DOH RETAINED | J35: General | K35: Level 3 | L35: 629 | M35: Blood Bank (with additional function to collect, test & process) G6PD Confirmatory, HIV Testing Laboratory, Specialized Diagnostic X-ray Servicess | P35: 1 Unit | U35: 14 | Y35: Dr. Joseph Michael Jaro | Z35: (053) 888-2735 | AA35: evrmccao@gmail.com | AB35: 45658 | AC35: 46022 | AD35: DOH05139 | AE35: Renewal
A36: 1 | C36: REGION 9 | D36: Zamboanga del Norte | E36: Dapitan City | F36: Lawaan | G36: DR. JOSE RIZAL MEMORIAL HOSPITAL | H36: Government | I36: DOH RETAINED | J36: General | K36: Level 2 | L36: 200 | M36: Blood Bank w/ add function , Doiagnpstic X-Ray, Computed Tomography | P36: 2Unit of Type II | R36: 5 | W36: Secondary | X36: Maria Dinna Viray-Parinas, M.D., MHA | Y36: 0908-888-5695 | Z36: dohdjrmh@gmail.com | AA36: 45658 | AB36: 46022 | AC36: 09-0029-25-H2-2 | AD36: Renewal | AG36: *
A37: 4 | C37: REGION 9 | D37: Zamboanga del Sur | E37: Margosatubig | F37: Poblacion | G37: MARGOSATUBIG REGIONAL HOSPITAL | H37: Government | I37: DOH RETAINED | J37: General | K37: Level 2 | L37: 100 | N37: Blood Bank with additional function | P37: Type I | R37: 14 | W37: Secondary | X37: Dr. Jover C. Punzalan | Y37: 0917-7150041 | Z37: mrh_gov@yahoo.com.ph | AA37: 45658 | AB37: 46022 | AC37: 09-0046-25-H2-1 | AD37: Renewal | AG37: *
A38: 6 | C38: REGION 9 | D38: Zamboanga del Sur | E38: Zamboanga City | F38: Pasobolong | G38: ZAMBOANGA REGIONAL MEDICAL CENTER | H38: Government | I38: DOH RETAINED | J38: General | K38: Level 2 | L38: 100 | M38: IU 4BEDS, 2 BASSINERS , 3 ASP | P38: Type II | W38: Secondary | X38: Hannah R.Turco, M.D | Y38: 0917-7081152 | Z38: mcs.hrmo@gmail.com | AA38: 45658 | AB38: 46022 | AC38: 09-0065-25-H2-1 | AD38: Renewal | AG38: *
A39: 7 | C39: REGION 9 | D39: Zamboanga del Sur | E39: Zamboanga City | F39: Labuan | G39: LABUAN GENERAL HOSPITAL | H39: Government | I39: DOH RETAINED | J39: General | K39: Level 1 | L39: 51 | P39: Type I | W39: Secondary | X39: Dr. Lenny Joy Johnson Rivera (OIC) | Y39: 0917-3108633 | Z39: lphchd@yahoo.com | AA39: 45658 | AB39: 46022 | AC39: 09-0048-25-H1-1 | AD39: Renewal | AG39: *
A40: 8 | C40: REGION 9 | D40: Basilan | E40: Isabela City | F40: Binuangan | G40: BASILAN MEDICAL CENTER | H40: Government | I40: DOH RETAINED | J40: General | K40: Level 2 | L40: 129 | M40: BCU-BS | P40: Type I, Type II | W40: Secondary | X40: Sitti Nurussamsi Amilasan, M.D. | Y40: 0915-6629354 | Z40: basgen7300@gmail.com | AA40: 45658 | AB40: 46022 | AC40: 09-0064-25-H2-1 | AD40: Renewal | AG40: *
A41: 10 | C41: REGION 9 | D41: Zamboanga del Sur | E41: Zamboanga City | F41: Dr. Evangelista St., Zamboanga City | G41: ZAMBOANGA CITY MEDICAL CENTER | H41: Government | I41: DOH RETAINED | J41: General | K41: Level 3 | L41: 400 | P41: 1. Type II-ALS, F30847 2. Type II-ALS, F3V618 3. Type II-ALS, F3V719 | R41: 21 | W41: Tertiary | X41: Dr. Afdal B. Kunting | Y41: (062) 991-0573 | Z41: mc-chief@zcmc.doh.gov.ph | AA41: 45658 | AB41: 46022 | AC41: DOH010425 | AD41: Renewal | AG41: *
A42: 11 | C42: REGION 9 | D42: Sulu | E42: Jolo | F42: Upper San Raymundo | G42: SULU SANITARIUM AND GENERAL HOSPITAL | H42: Government | I42: DOH RETAINED | J42: General | K42: Level 1 | L42: 75 | M42: CT scan | N42: Blood Bank with additional function | P42: Type I | W42: Secondary | X42: Dr. Abdulwaduod H. Abubakar, MD, FSGS, DPBS | Y42: 0927-6088717 | Z42: sulusanitarium@ymail.com | AA42: 45658 | AB42: 46022 | AC42: 09-0045-25-H1-1 | AD42: Renewal | AG42: *
A43: 301 | B43: 5202 | C43: REGION 10 | D43: Camiguin | E43: Mambajao | F43: Lakas, Poblacion | G43: CAMIGUIN GENERAL HOSPITAL | H43: Government | I43: DOH RETAINED | J43: General | K43: Level 1 | L43: 105 | M43: Level 2 X-ray Services, Computed Tomography | N43: Blood Station | O43: No | P43: 4 / Type 1 / Plate#s A8D731, A8D706, SNC 1076, and Cond. Sticker #F4B846 | U43: none | V43: N/A | X43: Secondary | Y43: Dr. Gretchen L. Cabalang | Z43: (088)387-0535 / telefax (088)387-1216 / 09261495580 | AA43: camgenhospital@yahoo.com / camgenhospital@gmail.com | AB43: 45658 | AC43: 46022 | AD43: 10-0030-25-H1-1 | AE43: Renewal
A44: 306 | C44: REGION 10 | D44: Lanao del Sur | E44: Marawi City | F44: Barangay Datu Saber, 9700 Marawi City, Lanao Del Sur | G44: AMAI PAKPAK MEDICAL CENTER | H44: Government | I44: DOH RETAINED | J44: General | K44: Level 3 | L44: 438 | M44: Anatomic Pathology, Blood Bank (with additional function to collect, test & process), HIV Testing Laboratory, Specialized Diagnostic X-ray Servicess | N44: Blood Bank with additional function | P44: 1 Unit | U44: 29 | X44: Tertiary | Y44: Dr. Shalimar Rakiin | Z44: (063) 876 0001 | AA44: info@apmc.doh.gov.ph | AB44: 45658 | AC44: 46022 | AD44: DOH002165 | AE44: Renewal
A45: 309 | C45: REGION 10 | D45: Misamis Occidental | E45: Ozamiz City | F45: Maningcol | G45: MAYOR HILARION A. RAMIRO SR. MEDICAL CENTER | H45: Government | I45: DOH RETAINED | J45: General | K45: Level 3 | L45: 550 | M45: Blood Bank (with addt'l function to collect, test and process blood), Computed Tomography and Dental, Dialysis Clinic, G6PD Confirmatory , rHIVda Confirmatory Laboratory, HIV Testing Laboratory, Anatomic Pathology (cytology, Surgical and Frozen Section) | N45: Blood Bank with additional function | O45: Yes | P45: 3 units (1 unit / Type 2; 2 units / Type 1 / CS No. F30 858 & F3V 603) | U45: 28 | V45: N/A | X45: Tertiary | Z45: (088)521-0440 /(088)521-0022 | AA45: mharsmc@mharsmc.doh.gov.ph | AB45: 45658 | AC45: 46022 | AD45: DOH006039 | AE45: Renewal
A46: 314 | C46: REGION 10 | D46: Misamis Oriental | E46: Cagayan de Oro City | F46: Capitol Compound, Cagayan De Oro City | G46: NORTHERN MINDANAO MEDICAL CENTER | H46: Government | I46: DOH RETAINED | J46: General | K46: Level 3 | L46: 600 | M46: Blood Bank (with addt'l function to collect, test and process blood), Computed Tomography, Dental, rHIVda Confirmatory Laboratory, HIV Testing Laboratory | N46: Blood Bank with additional function | O46: Yes | P46: 2 Units | U46: 19 | X46: Tertiary | Y46: Dr. Jose C. Chan | Z46: (08822) 72-63-62 | AA46: nmmc_cdo@yahoo.com | AB46: 45658 | AC46: 46022 | AD46: DOH006049 | AE46: Renewal
A47: 327 | B47: 268 | C47: REGION 11 | D47: Davao del Norte | E47: Tagum City | F47: Apokon, Tagum City | G47: DAVAO REGIONAL MED. CENTER | H47: Government | I47: DOH RETAINED | J47: General | K47: Level 3 | L47: 600 | M47: Blood Bank (with additional function to collect, test & process), HIV Testing Laboratory, Specialized Diagnostic X-ray Servicess, Radiology Oncology, Dental X-ray Services | P47: 2 Units | U47: 40 | X47: Tertiary | Y47: Dr. Bryan O. Dalid | Z47: 084-400-3347/4003050 | AA47: cao@drmc.doh.gov.p | AB47: 45658 | AC47: 46022 | AD47: DOH000268 | AE47: Renewal
A48: 328 | B48: 275 | C48: REGION 11 | D48: Davao del Sur | E48: Davao City | F48: J.P. Laurel Ave., Bajada | G48: SOUTHERN PHILIPPINES MEDICAL CENTER | H48: Government | I48: DOH RETAINED | J48: General | K48: Level 3 | L48: 1200 | M48: HIV Testing Laboratory, Psychiatric Care Facility-Acute Chronic, rHIVda Confirmatory Laboratory, Cancer Treatment Unit, Specialized Diagnostic X-ray Services, | P48: 3 Units | U48: 69 | W48: Cancer Treatment Unit in a General Hospital | X48: Tertiary | Y48: Dr. Ricardo Audan | Z48: 082-2272731 | AA48: coh.spmc@gmail.com | AB48: 45658 | AC48: 46022 | AD48: DOH000275 | AE48: Renewal
A49: 330 | B49: 46493 | C49: REGION 11 | D49: Davao Occidental | E49: Malita | F49: Lacaron, Malita, Davao Occidental | G49: DAVAO OCCIDENTAL GENERAL HOSPITAL | H49: Government | I49: DOH RETAINED | J49: General | K49: Level 1 | L49: 28 | O49: No | P49: MOA | U49: N/A | V49: N/A | W49: N/A | X49: Secondary | Y49: Dr. Glinard L. Quezada | AB49: 45658 | AC49: 46022 | AD49: 11-35-25-40-H1-1 | AE49: Renewal
A50: 334 | C50: REGION 12 | D50: Maguindanao | E50: Sultan Kudarat | F50: Ungap, Sultan Kudarat | G50: COTABATO SANITARIUM AND GENERAL HOSPITAL | H50: Government | I50: DOH RETAINED | J50: General | K50: Level 2 | L50: 200 (GENERAL-100/CUSTODIAL-100) | M50: Dialysis Clinic, Diagnostic X-ray Services, rHIVda Confirmatory Laboratory (4/12/24) | P50: NAO4136, N2A515 | Q50: 1 | R50: 1 | S50: 2 | U50: 23 | X50: Tertiary | Y50: IBRAHIM V. PANGATO JR., MD, MAHA, CESE | Z50: 9956550149 | AA50: cotsan1936@gmail.com | AB50: 45658 | AC50: 46022 | AD50: 12-016-25-H2-1 | AE50: Renewal
A51: 341 | C51: REGION 12 | D51: North Cotabato | E51: Cotabato City | F51: Sinsuat Avenue, Cotabato City | G51: COTABATO REGIONAL AND MEDICAL CENTER | H51: Government | I51: DOH RETAINED | J51: General | K51: Level 3 | L51: 375 | M51: Blood Bank (with additional function to collect, test & process), rHIVda Confirmatory Laboratory, HIV Testing Laboratory, Laboratory for Drinking Water Analysis, Specialized Diagnostic X-ray Servicess, Dental X-ray Services | P51: 1 Unit | U51: 21 | Y51: Dr. Ishmael R. Demaren, MHA, FPCS, FPSGS, FPSCRS | Z51: (064) 421-2340. | AA51: crmc_12@yahoo.com | AB51: 45658 | AC51: 46022 | AD51: DOH000459 | AE51: Renewal
A52: 349 | C52: REGION 12 | D52: South Cotabato | E52: Surallah | F52: Crossing Curva, Brgy. Dajay, Surallah | G52: SOCCSKSARGEN GENERAL HOSPITAL | H52: Government | I52: DOH RETAINED | J52: General | K52: Level 1 | L52: 75 | M52: Diagnostic X-ray (Level 2) Pharmacy | N52: Blood Station | P52: 2 Type 1 F3W177 , CR no. 47373797-2 N2A509 , CR no. 450946506 | X52: Secondary | Y52: CERIL M. BORROMEO, MD, FPPS, MHA | Z52: 9176792960 | AA52: sghregionxii@gmail.com | AB52: 45658 | AC52: 46022 | AD52: 12-028-25-H1-1 | AE52: Renewal
A53: 357 | B53: 6890 | C53: REGION 13 | D53: Surigao del Norte | E53: Dapa | F53: BARANGAY 1 (POB.) | G53: SIARGAO ISLAND MEDICAL CENTER | H53: Government | I53: DOH RETAINED | J53: General | K53: Level 1 | L53: 50 | M53: X-ray (Level 1) | P53: Ambulance Service Type I | V53: N/A | X53: Secondary | Y53: Dr. Chloe C. Digal | Z53: (0950) 536 2182 | AA53: siargaodh@gmail.com | AB53: 45667 | AC53: 46022 | AD53: 16-15-25-H1-1 | AE53: Renewal
A54: 359 | B54: 1918 | C54: REGION 13 | D54: Surigao del Norte | E54: Surigao City | F54: Surigao City | G54: CARAGA REGIONAL HOSPITAL | H54: Government | I54: DOH RETAINED | J54: General | K54: Level 2 | L54: 300 | P54: 1 Type II-ALS, CS. F4H413 | Y54: Dr. Cheryl A. Gotinga, DPPS | Z54: 826-24-59/ 826-31-57/826-1748 | AA54: caragahospital@gmail.com | AB54: 45658 | AC54: 46022 | AD54: DOH001918 | AE54: Renewal
A55: 365 | B55: 4707 | C55: REGION 13 | D55: Surigao del Sur | E55: Tandag City | F55: Tandag, Surigao Del Sur | G55: ADELA SERRA TY MEMORIAL MEDICAL CENTER | H55: Government | I55: DOH RETAINED | J55: General | K55: Level 2 | L55: 200 | M55: Blood Bank (with additional function to collect, test & process), rHIVda Confirmatory Laboratory, HIV Testing Laboratory, Specialized Diagnostic X-ray Servicess, Dialysis Station | U55: 12 | Y55: Janice P. Alcordo, RN, MD, FPCEM, FPAPSHPI, DIPMH, DPCHA, CHA | Z55: 211-37-00 | AB55: 45658 | AC55: 46022 | AD55: DOH004707 | AE55: Renewal
A56: 368 | B56: 502 | C56: NCR | D56: Metro Manila | E56: Caloocan City | F56: St. Joseph Avenue (Dr. Uyguanco Street), Tala, Caloocan City | G56: DR. JOSE N. RODRIGUEZ MEMORIAL HOSPITAL AND SANITARIUM | H56: Government | I56: DOH RETAINED | J56: General | K56: Level 3 | L56: 459 | M56: Blood Bank with additional function, Laboratory for Drinking Water Analysis, Sanitarium (1,900 beds), Special Diagnostic X-ray Services | P56: 1. Type II-ALS, CS-A1U494 2. Type II-ALS, CS-F4H475 3. Type II-ALS, Plate No. NFN9289 4. Type II-ALS, CS-F130109 | S56: 6 | U56: 54 | W56: N/A | X56: Tertiary | Y56: DR. ALFONSO VICTORINO H. FAMARAN, MPA, FPCS-Medical Center Chief II | Z56: (02) 8294 2571 | AA56: djnrmhs.hfdu@gmail.com | AB56: 45658 | AC56: 46022 | AD56: DOH000502 | AE56: Existing HF with Changes
A57: 369 | B57: 615 | C57: NCR | D57: Metro Manila | E57: Las Piñas City | F57: Bernabe Compound, Pulanglupa, Las Piñas City | G57: LAS PIÑAS GENERAL HOSPITAL & SATELLITE TRAUMA CENTER | H57: Government | I57: DOH RETAINED | J57: General | K57: Level 3 | L57: 418 | M57: Blood Bank, rHIVda Confirmatory Lab, HIV Testing Lab, Special Diagnostic X-ray | O57: Yes | P57: 1. Type II-ALS, CS-P6-F319 2. Type II-ALS, CS-F2-1960 3. Type II-ALS, CS-F4-H390 | S57: 2 | U57: 7 | W57: N/A | X57: Tertiary | Y57: DR. IGNACIA G. FAJARDO-Medical Center Chief I | Z57: 8730556 | AA57: omcc@lpghstc.doh.gov.ph | AB57: 45658 | AC57: 46022 | AD57: DOH000615 | AE57: Existing HF with Changes
A58: 372 | B58: 7064 | C58: NCR | D58: Metro Manila | E58: Malabon City | F58: 25 O. Reyes St., Brgy. Santulan, Malabon City | G58: SAN LORENZO RUIZ GENERAL HOSPITAL | H58: Government | I58: DOH RETAINED | J58: General | K58: Level 1 | L58: 10 | M58: Xray - Level 2 | N58: Blood Station | P58: 2 (Type I-BLS, Plate No. 131203 and CS No. FOP521) | X58: Secondary | Y58: Marilou T. Neri, MD | Z58: 82944853 | AA58: slrwh_malabon@yahoo.com | AB58: 45658 | AC58: 46022 | AD58: 13-0057-25-H1-1 | AE58: Renewal
A59: 374 | B59: 7359 | C59: NCR | D59: Metro Manila | E59: Mandaluyong City | F59: #9 De Febrero St., Mandaluyong City | G59: NATIONAL CENTER FOR MENTAL HEALTH | H59: Government | I59: DOH RETAINED | J59: Specialty | K59: Level 3 | L59: 4200 | M59: HIV Testing Laboratory, Special Diagnostic X-ray Services, Computed Tamography | O59: Yes | P59: 6, Type II, Plate No. A6P528,Type II, C.S No. P61624, Type II, C.S No. F4K526,Type I, C.S No. A6Z515,Type I, C.S No. F21949, Type 1, Plate No. SND 3323, | S59: 1 | U59: 10 | W59: N/A | X59: Tertiary | Y59: DR. NOEL V. REYES, FPPA-Medical Center Chief I | Z59: 85319001 | AA59: mcc@ncmh.gov.ph | AB59: 45658 | AC59: 46022 | AD59: DOH007359 | AE59: Existing HF with Changes
