Workbook

Sheet  COPY Summary
A1: REGION | B1: CHD | C1: No. of Regulated Infirmaries Per Region and by Level (as of June 30, 2023)
C2: GOVERNMENT | E2: PRIVATE | G2: TOTAL NO. OF FACILITIES | H2: TOTAL NO. OF ABC | I2: GOVENMENT AND PRIVATE INFIRMARIES
C4: No. of Facilities | D4: ABC | E4: No. of Facilities | F4: ABC | I4: Total No. of Facilities | J4: Total ABC | K4: REGION
A5: NCR | B5: METRO MANILA | C5: =countifs(Government!B:B,"NCR", Government!G:G,"Government") -> 0 | D5: =SUMIFS(Government!I:I,Government!B:B,"NCR", Government!G:G,"Government") -> 0 | E5: =countifs(Government!B:B,"NCR", Government!G:G,"Private") -> 0 | F5: =SUMIFS(Government!I:I,Government!B:B,"NCR", Government!G:G,"Private") -> 0 | G5: =SUM(C5,E5) -> 0 | H5: =SUM(D5,F5) -> 0 | I5: =C5+E5 -> 0 | J5: =D5+F5 -> 0 | K5: NCR | L5: =SUM(D5,F5) -> 0
A6: REGION 1 | B6: ILOCOS REGION | C6: =countifs(Government!B:B,"Region 1", Government!G:G,"Government") -> 0 | D6: =SUMIFS(Government!I:I,Government!B:B,"Region 1", Government!G:G,"Government") -> 0 | E6: =countifs(Government!B:B,"Region 1", Government!G:G,"Private") -> 0 | F6: =SUMIFS(Government!I:I,Government!B:B,"Region 1", Government!G:G,"Private") -> 0 | G6: =SUM(C6,E6) -> 0 | H6: =SUM(D6,F6) -> 0 | I6: =C6+E6 -> 0 | J6: =D6+F6 -> 0 | K6: REGION 1 | L6: =SUM(D6,F6) -> 0
A7: REGION 2 | B7: CAGAYAN VALLEY REGION | C7: =countifs(Government!B:B,"Region 2", Government!G:G,"Government") -> 0 | D7: =SUMIFS(Government!I:I,Government!B:B,"Region 2", Government!G:G,"Government") -> 0 | E7: =countifs(Government!B:B,"Region 2", Government!G:G,"Private") -> 0 | F7: =SUMIFS(Government!I:I,Government!B:B,"Region 2", Government!G:G,"Private") -> 0 | G7: =SUM(C7,E7) -> 0 | H7: =SUM(D7,F7) -> 0 | I7: =C7+E7 -> 0 | J7: =D7+F7 -> 0 | K7: REGION 2 | L7: =SUM(D7,F7) -> 0
A8: REGION 3 | B8: CENTRAL LUZON | C8: =countifs(Government!B:B,"Region 3", Government!G:G,"Government") -> 0 | D8: =SUMIFS(Government!I:I,Government!B:B,"Region 3", Government!G:G,"Government") -> 0 | E8: =countifs(Government!B:B,"Region 3", Government!G:G,"Private") -> 0 | F8: =SUMIFS(Government!I:I,Government!B:B,"Region 3", Government!G:G,"Private") -> 0 | G8: =SUM(C8,E8) -> 0 | H8: =SUM(D8,F8) -> 0 | I8: =C8+E8 -> 0 | J8: =D8+F8 -> 0 | K8: REGION 3 | L8: =SUM(D8,F8) -> 0
A9: REGION 4-A | B9: CALABARZON | C9: =countifs(Government!B:B,"Region 4-A", Government!G:G,"Government") -> 0 | D9: =SUMIFS(Government!I:I,Government!B:B,"Region 4-A", Government!G:G,"Government") -> 0 | E9: =countifs(Government!B:B,"Region 4-A", Government!G:G,"Private") -> 0 | F9: =SUMIFS(Government!I:I,Government!B:B,"Region 4-A", Government!G:G,"Private") -> 0 | G9: =SUM(C9,E9) -> 0 | H9: =SUM(D9,F9) -> 0 | I9: =C9+E9 -> 0 | J9: =D9+F9 -> 0 | K9: REGION 4-A | L9: =SUM(D9,F9) -> 0
A10: REGION 4-B | B10: MIMAROPA | C10: =countifs(Government!B:B,"Region 4-B", Government!G:G,"Government") -> 0 | D10: =SUMIFS(Government!I:I,Government!B:B,"Region 4-B", Government!G:G,"Government") -> 0 | E10: =countifs(Government!B:B,"Region 4-B", Government!G:G,"Private") -> 0 | F10: =SUMIFS(Government!I:I,Government!B:B,"Region 4-B", Government!G:G,"Private") -> 0 | G10: =SUM(C10,E10) -> 0 | H10: =SUM(D10,F10) -> 0 | I10: =C10+E10 -> 0 | J10: =D10+F10 -> 0 | K10: REGION 4-B | L10: =SUM(D10,F10) -> 0
A11: REGION 5 | B11: BICOL REGION | C11: =countifs(Government!B:B,"Region 5", Government!G:G,"Government") -> 0 | D11: =SUMIFS(Government!I:I,Government!B:B,"Region 5", Government!G:G,"Government") -> 0 | E11: =countifs(Government!B:B,"Region 5", Government!G:G,"Private") -> 0 | F11: =SUMIFS(Government!I:I,Government!B:B,"Region 5", Government!G:G,"Private") -> 0 | G11: =SUM(C11,E11) -> 0 | H11: =SUM(D11,F11) -> 0 | I11: =C11+E11 -> 0 | J11: =D11+F11 -> 0 | K11: REGION 5 | L11: =SUM(D11,F11) -> 0
A12: REGION 6 | B12: WESTERN VISAYAS REGION | C12: =countifs(Government!B:B,"Region 6", Government!G:G,"Government") -> 0 | D12: =SUMIFS(Government!I:I,Government!B:B,"Region 6", Government!G:G,"Government") -> 0 | E12: =countifs(Government!B:B,"Region 6", Government!G:G,"Private") -> 0 | F12: =SUMIFS(Government!I:I,Government!B:B,"Region 6", Government!G:G,"Private") -> 0 | G12: =SUM(C12,E12) -> 0 | H12: =SUM(D12,F12) -> 0 | I12: =C12+E12 -> 0 | J12: =D12+F12 -> 0 | K12: REGION 6 | L12: =SUM(D12,F12) -> 0
A13: REGION 7 | B13: CENTRAL VISAYAS REGION | C13: =countifs(Government!B:B,"Region 7", Government!G:G,"Government") -> 0 | D13: =SUMIFS(Government!I:I,Government!B:B,"Region 7", Government!G:G,"Government") -> 0 | E13: =countifs(Government!B:B,"Region 7", Government!G:G,"Private") -> 0 | F13: =SUMIFS(Government!I:I,Government!B:B,"Region 7", Government!G:G,"Private") -> 0 | G13: =SUM(C13,E13) -> 0 | H13: =SUM(D13,F13) -> 0 | I13: =C13+E13 -> 0 | J13: =D13+F13 -> 0 | K13: REGION 7 | L13: =SUM(D13,F13) -> 0
A14: REGION 8 | B14: EASTERN VISAYAS REGION | C14: =countifs(Government!B:B,"Region 8", Government!G:G,"Government") -> 0 | D14: =SUMIFS(Government!I:I,Government!B:B,"Region 8", Government!G:G,"Government") -> 0 | E14: =countifs(Government!B:B,"Region 8", Government!G:G,"Private") -> 0 | F14: =SUMIFS(Government!I:I,Government!B:B,"Region 8", Government!G:G,"Private") -> 0 | G14: =SUM(C14,E14) -> 0 | H14: =SUM(D14,F14) -> 0 | I14: =C14+E14 -> 0 | J14: =D14+F14 -> 0 | K14: REGION 8 | L14: =SUM(D14,F14) -> 0
A15: REGION 9 | B15: ZAMBOANGA PENINSULA | C15: =countifs(Government!B:B,"Region 9", Government!G:G,"Government") -> 0 | D15: =SUMIFS(Government!I:I,Government!B:B,"Region 9", Government!G:G,"Government") -> 0 | E15: =countifs(Government!B:B,"Region 9", Government!G:G,"Private") -> 0 | F15: =SUMIFS(Government!I:I,Government!B:B,"Region 9", Government!G:G,"Private") -> 0 | G15: =SUM(C15,E15) -> 0 | H15: =SUM(D15,F15) -> 0 | I15: =C15+E15 -> 0 | J15: =D15+F15 -> 0 | K15: REGION 9 | L15: =SUM(D15,F15) -> 0
A16: REGION 10 | B16: NORTHERN MINDANAO REGION | C16: =countifs(Government!B:B,"Region 10", Government!G:G,"Government") -> 0 | D16: =SUMIFS(Government!I:I,Government!B:B,"Region 10", Government!G:G,"Government") -> 0 | E16: =countifs(Government!B:B,"Region 10", Government!G:G,"Private") -> 0 | F16: =SUMIFS(Government!I:I,Government!B:B,"Region 10", Government!G:G,"Private") -> 0 | G16: =SUM(C16,E16) -> 0 | H16: =SUM(D16,F16) -> 0 | I16: =C16+E16 -> 0 | J16: =D16+F16 -> 0 | K16: REGION 10 | L16: =SUM(D16,F16) -> 0
A17: REGION 11 | B17: DAVAO REGION | C17: =countifs(Government!B:B,"Region 11", Government!G:G,"Government") -> 0 | D17: =SUMIFS(Government!I:I,Government!B:B,"Region 11", Government!G:G,"Government") -> 0 | E17: =countifs(Government!B:B,"Region 11", Government!G:G,"Private") -> 0 | F17: =SUMIFS(Government!I:I,Government!B:B,"Region 11", Government!G:G,"Private") -> 0 | G17: =SUM(C17,E17) -> 0 | H17: =SUM(D17,F17) -> 0 | I17: =C17+E17 -> 0 | J17: =D17+F17 -> 0 | K17: REGION 11 | L17: =SUM(D17,F17) -> 0
A18: REGION 12 | B18: SOCCSKSARGEN | C18: =countifs(Government!B:B,"Region 12", Government!G:G,"Government") -> 0 | D18: =SUMIFS(Government!I:I,Government!B:B,"Region 12", Government!G:G,"Government") -> 0 | E18: =countifs(Government!B:B,"Region 12", Government!G:G,"Private") -> 0 | F18: =SUMIFS(Government!I:I,Government!B:B,"Region 12", Government!G:G,"Private") -> 0 | G18: =SUM(C18,E18) -> 0 | H18: =SUM(D18,F18) -> 0 | I18: =C18+E18 -> 0 | J18: =D18+F18 -> 0 | K18: REGION 12 | L18: =SUM(D18,F18) -> 0
A19: REGION 13 | B19: CARAGA | C19: =countifs(Government!B:B,"Region 13", Government!G:G,"Government") -> 0 | D19: =SUMIFS(Government!I:I,Government!B:B,"Region 13", Government!G:G,"Government") -> 0 | E19: =countifs(Government!B:B,"Region 13", Government!G:G,"Private") -> 0 | F19: =SUMIFS(Government!I:I,Government!B:B,"Region 13", Government!G:G,"Private") -> 0 | G19: =SUM(C19,E19) -> 0 | H19: =SUM(D19,F19) -> 0 | I19: =C19+E19 -> 0 | J19: =D19+F19 -> 0 | K19: REGION 13 | L19: =SUM(D19,F19) -> 0
A20: CORDILLERA | B20: CAR | C20: =countifs(Government!B:B,"CORDILLERA", Government!G:G,"Government") -> 0 | D20: =SUMIFS(Government!I:I,Government!B:B,"CORDILLERA", Government!G:G,"Government") -> 0 | E20: =countifs(Government!B:B,"CORDILLERA", Government!G:G,"Private") -> 0 | F20: =SUMIFS(Government!I:I,Government!B:B,"CORDILLERA", Government!G:G,"Private") -> 0 | G20: =SUM(C20,E20) -> 0 | H20: =SUM(D20,F20) -> 0 | I20: =C20+E20 -> 0 | J20: =D20+F20 -> 0 | K20: CORDILLERA | L20: =SUM(D20,F20) -> 0
A21: BARMM | B21: MOH - BARMM | C21: =countifs(Government!B:B,"BARMM", Government!G:G,"Government") -> 0 | D21: =SUMIFS(Government!I:I,Government!B:B,"BARMM", Government!G:G,"Government") -> 0 | E21: =countifs(Government!B:B,"BARMM", Government!G:G,"Private") -> 0 | F21: =SUMIFS(Government!I:I,Government!B:B,"BARMM", Government!G:G,"Private") -> 0 | G21: =SUM(C21,E21) -> 0 | H21: =SUM(D21,F21) -> 0 | I21: =C21+E21 -> 0 | J21: =D21+F21 -> 0 | K21: BARMM | L21: =SUM(D21,F21) -> 0
A22: Total No. of Infirmaries: | C22: =sum(C5:C21) -> 0 | D22: =sum(D5:D21) -> 0 | E22: =SUM(E5:E21) -> 0 | F22: =SUM(F5:F21) -> 0 | G22: =SUM(C22,E22) -> 0 | H22: =SUM(D22,F22) -> 0 | I22: =SUM(I5:I21) -> 0 | J22: =SUM(J5:J21) -> 0
L23: =SUM(L5:L22) -> 0
H25: =SUM(D22,F22) -> 0
A28: GOVERNMENT | B28: =C22 -> 0
A29: PRIVATE | B29: =E22 -> 0
A32: REGION | B32: GOVERNMENT
A36: NCR | B36: 5
A37: REGION 1 | B37: 9
A38: REGION 2 | B38: 22
A39: REGION 3 | B39: 14
A40: REGION 4-A | B40: 27
A41: REGION 4-B | B41: 25
A42: REGION 5 | B42: 32
A43: REGION 6 | B43: 28
A44: REGION 7 | B44: 42
A45: REGION 8 | B45: 29
A46: REGION 9 | B46: 19
A47: REGION 10 | B47: 19
... A52: BARMM | B52: 16
A54: REGION | B54: PRIVATE
A58: NCR | B58: 14
A59: REGION 1 | B59: 24
A60: REGION 2 | B60: 8
A61: REGION 3 | B61: 18
A62: REGION 4-A | B62: 19
A63: REGION 4-B | B63: 11
A64: REGION 5 | B64: 24
A65: REGION 6 | B65: 4
A66: REGION 7 | B66: 12
A67: REGION 8 | B67: 10
A68: REGION 9 | B68: 12
A69: REGION 10 | B69: 17
... A74: BARMM | B74: 12

Sheet Closed Facility
A1: # | B1: REGION | C1: CHD | D1: PROVINCE | E1: CITY/MUNICIPALITY | F1: BLDG OR HOUSE NO., STREET, BRGY (as applicable) | G1: NAME OF FACILITY | H1: OWNERSHIP | I1: OWNERSHIP CLASSIFICATION (For Government Only) | J1: ABC | K1: ADD-ONS SERVICES | L1: CLINICAL LAB CLASSIFICATION (If Applicable) | M1: MEDICAL DIRECTOR/ CHIEF OF HOSPITAL | N1: CONTACT NOS. | O1: E-MAIL ADDRESS | P1: AMBULANCE (No./ TYPE / PLATE NO.) Pls. Seperate if different Type | Q1: NAME OF AMBULANCE SERVICE PROVIDER IF W/ MOA | R1: VALIDITY FROM | S1: VALIDITY UNTIL | T1: LICENSE NO. | U1: REMARKS
B2: REGION 10 | G2: Dra
A3: 1 | B3: REGION 13 | D3: Butuan | E3: Butuan City | F3: Nonan Village, J.C. Aquino Ave., Butuan City | G3: Caraga Hospital Infant Care & Lying-in Center | H3: Private | J3: 16 | M3: Dr. Winefredo Osigan | P3: 1, Type1, Plate No. LAC 1417, CR No.304643872 | U3: Not renewed
A4: 2 | B4: REGION 13 | D4: Butuan | E4: Butuan City | F4: Camp Rodriguez, Libertad, But. City | G4: PNP Hospital Region 13 | I4: PNP | J4: 10 | M4: Psupt. Michael Angelo L. Mallari, MD | T4: 16 - 31- 22 - I - 1 | U4: Not renewed
A5: 3 | B5: REGION 13 | D5: Butuan | E5: Butuan City | F5: Lot 371-1-2, South Montilla Road, Barrio Villa Kananga, Butuan City | G5: Allied Care Experts (ACE) Medical Center-Butuan City | H5: Private | J5: 44 | P5: 1 (Type 1) Plate No. DBG 5659 CR No. 46907073-3 | R5: 45027 | S5: 45291 | T5: 16 - 27- 23- l-2
A6: 4 | B6: REGION 13 | D6: Agusan del Norte | E6: Magallanes | F6: Magallanes, Agusan del Norte | G6: St. Joseph Infirmary | H6: Private | J6: 15 | M6: Dr. Elena Abarquez | P6: Type 2, Plate No. JCU 540 CR. No. 7202380-3 | R6: 44927 | S6: 45291 | T6: 16 - 01-23- l-2 | U6: Not renewed
A7: 5 | B7: REGION 13 | D7: Surigao del Sur | E7: Bislig City | F7: P-4, Caramcam, Mangagoy, Bislig City | G7: Family Medical Clinic | H7: Private | J7: 30 | M7: Dr. Aurora S. Babano | P7: MOA with Andres Soriano Hospital | U7: Not renewed
A8: 6 | B8: REGION 13 | D8: Surigao del Sur | E8: Cantilan | F8: P-5 National Highway, Pag-antayan, Cantilan, Surigao del Sur | G8: Isidro M. Olan Sr.Memorial Clinic and Hospital Inc. | H8: Private | J8: 10 | M8: Dr. Valentin D. Olan | P8: Plate No. SFJ 350, CR No. 0059996447 | U8: Not renewed
A9: 7 | B9: REGION 13 | D9: Surigao del Norte | F9: V. del Socorro St., Socorro, Surigao del Norte | G9: Socorro District Hospital | H9: Province | I9: LGU | J9: 10 | M9: Dr. Nikki J. Carduza | P9: 1 Type 1, Plate No. SAA6865 CR No. 262456994 | T9: 16 - 17- 22 - I - 1 | U9: Not renewed

Sheet Dialysis
A1: # | B1: REGION | C1: CHD | D1: PROVINCE | E1: CITY/ MUNICIPALITY | F1: BLDG OR HOUSE NO., STREET, BRGY (as applicable) | G1: OWNERSHIP | H1: NAME OF CLINIC | I1: NO. OF STATION | J1: HEAD OF THE FACILITY | K1: CONTACT NUMBER | L1: E MAIL ADDRESS | M1: VALIDITY FROM | N1: VALIDITY UNTIL | O1: LICENSED NO. | P1: REMARKS
A2: 1 | F2: Application @ HFSRB
A3: 2
A4: 3
A5: 4
A6: 5
A7: 6
A8: 7
A9: 8
A10: 9
A11: 10
A12: 11
A13: 12
A14: 13
... A480: 479

Sheet Blood Center

Sheet Summary
A1: REGION | B1: CHD | C1: Regional Distribution of Infirmaries in the Philippines (as of June 30, 2026)
C2: GOVERNMENT | E2: PRIVATE | G2: TOTAL NO. OF FACILITIES | H2: TOTAL NO. OF ABC | I2: GOVENMENT AND PRIVATE INFIRMARIES
C4: No. of Facilities | D4: ABC | E4: No. of Facilities | F4: ABC | I4: Total No. of Facilities | J4: Total ABC
A5: NCR | B5: METRO MANILA | C5: =countifs(Government!C:C,"NCR", Government!H:H,"Government") -> 4 | D5: =SUMIFS(Government!J:J,Government!C:C,"NCR", Government!H:H,"Government") -> 84 | E5: =countifs(Private!C:C,"NCR", Private!H:H,"Private") -> 16 | F5: =SUMIFS(Private!J:J,Private!C:C,"NCR", Private!H:H,"Private") -> 160 | G5: =SUM(C5,E5) -> 20 | H5: =SUM(D5,F5) -> 244 | I5: =C5+E5 -> 20 | J5: =D5+F5 -> 244
A6: REGION 1 | B6: ILOCOS REGION | C6: =countifs(Government!C:C,"Region 1", Government!H:H,"Government") -> 10 | D6: =SUMIFS(Government!J:J,Government!C:C,"Region 1", Government!H:H,"Government") -> 138 | E6: =countifs(Private!C:C,"Region 1", Private!H:H,"Private") -> 26 | F6: =SUMIFS(Private!J:J,Private!C:C,"Region 1", Private!H:H,"Private") -> 334 | G6: =SUM(C6,E6) -> 36 | H6: =SUM(D6,F6) -> 472 | I6: =C6+E6 -> 36 | J6: =D6+F6 -> 472
A7: REGION 2 | B7: CAGAYAN VALLEY REGION | C7: =countifs(Government!C:C,"Region 2", Government!H:H,"Government") -> 28 | D7: =SUMIFS(Government!J:J,Government!C:C,"Region 2", Government!H:H,"Government") -> 377 | E7: =countifs(Private!C:C,"Region 2", Private!H:H,"Private") -> 8 | F7: =SUMIFS(Private!J:J,Private!C:C,"Region 2", Private!H:H,"Private") -> 105 | G7: =SUM(C7,E7) -> 36 | H7: =SUM(D7,F7) -> 482 | I7: =C7+E7 -> 36 | J7: =D7+F7 -> 482
A8: REGION 3 | B8: CENTRAL LUZON | C8: =countifs(Government!C:C,"Region 3", Government!H:H,"Government") -> 20 | D8: =SUMIFS(Government!J:J,Government!C:C,"Region 3", Government!H:H,"Government") -> 361 | E8: =countifs(Private!C:C,"Region 3", Private!H:H,"Private") -> 23 | F8: =SUMIFS(Private!J:J,Private!C:C,"Region 3", Private!H:H,"Private") -> 301 | G8: =SUM(C8,E8) -> 43 | H8: =SUM(D8,F8) -> 662 | I8: =C8+E8 -> 43 | J8: =D8+F8 -> 662
A9: REGION 4-A | B9: CALABARZON | C9: =countifs(Government!C:C,"Region 4-A", Government!H:H,"Government") -> 21 | D9: =SUMIFS(Government!J:J,Government!C:C,"Region 4-A", Government!H:H,"Government") -> 358 | E9: =countifs(Private!C:C,"Region 4-A", Private!H:H,"Private") -> 16 | F9: =SUMIFS(Private!J:J,Private!C:C,"Region 4-A", Private!H:H,"Private") -> 196 | G9: =SUM(C9,E9) -> 37 | H9: =SUM(D9,F9) -> 554 | I9: =C9+E9 -> 37 | J9: =D9+F9 -> 554
A10: REGION 4-B | B10: MIMAROPA | C10: =countifs(Government!C:C,"Region 4-B", Government!H:H,"Government") -> 26 | D10: =SUMIFS(Government!J:J,Government!C:C,"Region 4-B", Government!H:H,"Government") -> 378 | E10: =countifs(Private!C:C,"Region 4-B", Private!H:H,"Private") -> 8 | F10: =SUMIFS(Private!J:J,Private!C:C,"Region 4-B", Private!H:H,"Private") -> 69 | G10: =SUM(C10,E10) -> 34 | H10: =SUM(D10,F10) -> 447 | I10: =C10+E10 -> 34 | J10: =D10+F10 -> 447
A11: REGION 5 | B11: BICOL REGION | C11: =countifs(Government!C:C,"Region 5", Government!H:H,"Government") -> 34 | D11: =SUMIFS(Government!J:J,Government!C:C,"Region 5", Government!H:H,"Government") -> 482 | E11: =countifs(Private!C:C,"Region 5", Private!H:H,"Private") -> 21 | F11: =SUMIFS(Private!J:J,Private!C:C,"Region 5", Private!H:H,"Private") -> 265 | G11: =SUM(C11,E11) -> 55 | H11: =SUM(D11,F11) -> 747 | I11: =C11+E11 -> 55 | J11: =D11+F11 -> 747
A12: REGION 6 | B12: WESTERN VISAYAS REGION | C12: =countifs(Government!C:C,"Region 6", Government!H:H,"Government") -> 18 | D12: =SUMIFS(Government!J:J,Government!C:C,"Region 6", Government!H:H,"Government") -> 319 | E12: =countifs(Private!C:C,"Region 6", Private!H:H,"Private") -> 4 | F12: =SUMIFS(Private!J:J,Private!C:C,"Region 6", Private!H:H,"Private") -> 51 | G12: =SUM(C12,E12) -> 22 | H12: =SUM(D12,F12) -> 370 | I12: =C12+E12 -> 22 | J12: =D12+F12 -> 370
A13: REGION 7 | B13: CENTRAL VISAYAS REGION | C13: =countifs(Government!C:C,"Region 7", Government!H:H,"Government") -> 28 | D13: =SUMIFS(Government!J:J,Government!C:C,"Region 7", Government!H:H,"Government") -> 449 | E13: =countifs(Private!C:C,"Region 7", Private!H:H,"Private") -> 9 | F13: =SUMIFS(Private!J:J,Private!C:C,"Region 7", Private!H:H,"Private") -> 131 | G13: =SUM(C13,E13) -> 37 | H13: =SUM(D13,F13) -> 580 | I13: =C13+E13 -> 37 | J13: =D13+F13 -> 580
A14: REGION 8 | B14: EASTERN VISAYAS REGION | C14: =countifs(Government!C:C,"Region 8", Government!H:H,"Government") -> 32 | D14: =SUMIFS(Government!J:J,Government!C:C,"Region 8", Government!H:H,"Government") -> 388 | E14: =countifs(Private!C:C,"Region 8", Private!H:H,"Private") -> 8 | F14: =SUMIFS(Private!J:J,Private!C:C,"Region 8", Private!H:H,"Private") -> 111 | G14: =SUM(C14,E14) -> 40 | H14: =SUM(D14,F14) -> 499 | I14: =C14+E14 -> 40 | J14: =D14+F14 -> 499
A15: REGION 9 | B15: ZAMBOANGA PENINSULA | C15: =countifs(Government!C:C,"Region 9", Government!H:H,"Government") -> 24 | D15: =SUMIFS(Government!J:J,Government!C:C,"Region 9", Government!H:H,"Government") -> 484 | E15: =countifs(Private!C:C,"Region 9", Private!H:H,"Private") -> 11 | F15: =SUMIFS(Private!J:J,Private!C:C,"Region 9", Private!H:H,"Private") -> 151 | G15: =SUM(C15,E15) -> 35 | H15: =SUM(D15,F15) -> 635 | I15: =C15+E15 -> 35 | J15: =D15+F15 -> 635
A16: REGION 10 | B16: NORTHERN MINDANAO REGION | C16: =countifs(Government!C:C,"Region 10", Government!H:H,"Government") -> 20 | D16: =SUMIFS(Government!J:J,Government!C:C,"Region 10", Government!H:H,"Government") -> 398 | E16: =countifs(Private!C:C,"Region 10", Private!H:H,"Private") -> 16 | F16: =SUMIFS(Private!J:J,Private!C:C,"Region 10", Private!H:H,"Private") -> 262 | G16: =SUM(C16,E16) -> 36 | H16: =SUM(D16,F16) -> 660 | I16: =C16+E16 -> 36 | J16: =D16+F16 -> 660
A17: REGION 11 | B17: DAVAO REGION | C17: =countifs(Government!C:C,"Region 11", Government!H:H,"Government") -> 14 | D17: =SUMIFS(Government!J:J,Government!C:C,"Region 11", Government!H:H,"Government") -> 236 | E17: =countifs(Private!C:C,"Region 11", Private!H:H,"Private") -> 29 | F17: =SUMIFS(Private!J:J,Private!C:C,"Region 11", Private!H:H,"Private") -> 553 | G17: =SUM(C17,E17) -> 43 | H17: =SUM(D17,F17) -> 789 | I17: =C17+E17 -> 43 | J17: =D17+F17 -> 789
A18: REGION 12 | B18: SOCCSKSARGEN | C18: =countifs(Government!C:C,"Region 12", Government!H:H,"Government") -> 15 | D18: =SUMIFS(Government!J:J,Government!C:C,"Region 12", Government!H:H,"Government") -> 269 | E18: =countifs(Private!C:C,"Region 12", Private!H:H,"Private") -> 26 | F18: =SUMIFS(Private!J:J,Private!C:C,"Region 12", Private!H:H,"Private") -> 505 | G18: =SUM(C18,E18) -> 41 | H18: =SUM(D18,F18) -> 774 | I18: =C18+E18 -> 41 | J18: =D18+F18 -> 774
A19: REGION 13 | B19: CARAGA | C19: =countifs(Government!C:C,"Region 13", Government!H:H,"Government") -> 20 | D19: =SUMIFS(Government!J:J,Government!C:C,"Region 13", Government!H:H,"Government") -> 263 | E19: =countifs(Private!C:C,"Region 13", Private!H:H,"Private") -> 5 | F19: =SUMIFS(Private!J:J,Private!C:C,"Region 13", Private!H:H,"Private") -> 100 | G19: =SUM(C19,E19) -> 25 | H19: =SUM(D19,F19) -> 363 | I19: =C19+E19 -> 25 | J19: =D19+F19 -> 363
A20: NIR | B20: NEGROS ISLAND REGION | C20: =countifs(Government!C:C,"NIR", Government!H:H,"Government") -> 18 | D20: =SUMIFS(Government!J:J,Government!C:C,"NIR", Government!H:H,"Government") -> 240 | E20: =countifs(Private!C:C,"NIR", Private!H:H,"Private") -> 2 | F20: =SUMIFS(Private!J:J,Private!C:C,"NIR", Private!H:H,"Private") -> 35 | G20: =SUM(C20,E20) -> 20 | H20: =SUM(D20,F20) -> 275 | I20: =C20+E20 -> 20 | J20: =D20+F20 -> 275
A21: CORDILLERA | B21: CAR | C21: =countifs(Government!C:C,"CORDILLERA", Government!H:H,"Government") -> 23 | D21: =SUMIFS(Government!J:J,Government!C:C,"Cordillera", Government!H:H,"Government") -> 338 | E21: =countifs(Private!C:C,"Cordillera", Private!H:H,"Private") -> 8 | F21: =SUMIFS(Private!J:J,Private!C:C,"CORDILLERA", Private!H:H,"Private") -> 105 | G21: =SUM(C21,E21) -> 31 | H21: =SUM(D21,F21) -> 443 | I21: =C21+E21 -> 31 | J21: =D21+F21 -> 443
A22: BARMM | B22: MOH - BARMM | C22: =countifs(Government!C:C,"BARMM", Government!H:H,"Government") -> 9 | D22: =SUMIFS(Government!J:J,Government!C:C,"BARMM", Government!H:H,"Government") -> 150 | E22: =countifs(Private!C:C,"BARMM", Private!H:H,"Private") -> 14 | F22: =SUMIFS(Private!J:J,Private!C:C,"BARMM", Private!H:H,"Private") -> 212 | G22: =SUM(C22,E22) -> 23 | H22: =SUM(D22,F22) -> 362 | I22: =C22+E22 -> 23 | J22: =D22+F22 -> 362
A23: Total No. of Infirmaries: | C23: =sum(C5:C22) -> 364 | D23: =sum(D5:D22) -> 5712 | E23: =SUM(E5:E22) -> 250 | F23: =SUM(F5:F22) -> 3646 | G23: =SUM(C23,E23) -> 614 | H23: =SUM(D23,F23) -> 9358 | I23: =SUM(I5:I22) -> 614 | J23: =SUM(J5:J22) -> 9358

Sheet Government
B1: NHFR CODE | C1: REGION | D1: PROVINCE | E1: CITY / MUNICIPALITY | F1: BLDG OR HOUSE NO., STREET, BRGY (as applicable) | G1: NAME OF FACILITY | H1: OWNERSHIP | I1: OWNERSHIP CLASSIFICATION (For Government Only) | J1: ABC | K1: ADD-ONS SERVICES | L1: CLINICAL LAB CLASSIFICATION (If Applicable) | M1: MEDICAL DIRECTOR / CHIEF OF HOSPITAL | N1: CONTACT NOS. | O1: E-MAIL ADDRESS | P1: AMBULANCE (No./ TYPE / PLATE NO.) Pls. Seperate if different Type | Q1: NAME OF AMBULANCE SERVICE PROVIDER IF W/ MOA | R1: VALIDITY FROM | S1: VALIDITY UNTIL | T1: LICENSE NO. | U1: APPLICATION STATUS | V1: APPLICATION STATUS (IF WITH CHANGES) | W1: REMARKS
A2: 1 | B2: 02928 | C2: REGION 1 | D2: Ilocos Norte | E2: Dingras | F2: Suyo | G2: DINGRAS DISTRICT HOSPITAL | H2: Government | I2: PROVINCE | J2: 18 | K2: -Diagnostic X-ray (Level 2) -Pharmacy -Add-on Clinical Laboratory: 1. Clinical chemistry: -HBAIC | L2: Secondary | M2: Roland B. Andres, MD | N2: 600-3085 | O2: dingrashospital75@gmail.com | P2: TYPE I- Plate No. 130102 CR No. 0020096579 | Q2: Gov. Roque Ablan Sr. Memorial Hospital | R2: 46023 | S2: 46387 | T2: 01-0008-26-I-1 | U2: Renewal | V2: N/A | X2: *
A3: 2 | B3: 06707 | C3: REGION 1 | D3: Ilocos Norte | E3: Marcos | F3: Guava St., Brgy. Lydia | G3: DOÑA JOSEFA EDRALIN MARCOS DISTRICT HOSPITAL | H3: Government | I3: PROVINCE | J3: 18 | K3: -Diagnostic X-ray (Level 1) -Pharmacy -Clinical Laboratory | L3: Secondary | M3: Maria Kristeta C. Manrique, MD | N3: 09215658000 | O3: DJEMDH@yahoo.com.ph | P3: TYPE I-AMBULANCE/ Plate No. 130102 CR No. 0020090157 | R3: 46023 | S3: 46387 | T3: 01-0031-26-I-1 | U3: Renewal | V3: N/A | X3: *
A4: 3 | B4: 00001 | C4: REGION 1 | D4: Ilocos Norte | E4: Piddig | F4: Agcaoili St., Cor. Goodbye Street, Brgy. 2 Anao | G4: PIDDIG DISTRICT HOSPITAL | H4: Government | I4: PROVINCE | J4: 15 | K4: Clinical Laboratory Add On (08-04-2025): 1. Clinical Chemistry: -HBAIC | L4: Primary | M4: Cheryl R. Laguatan, MD | N4: 077-676-1406/ 6003323/ 09171434290 | O4: piddigdh@yahoo.com | P4: TYPE I AMBULANCE (01-09-2024) Plate# 130102 CR # 0006911142 | R4: 46023 | S4: 46387 | T4: 01-0029-26-I-1 | U4: Renewal | V4: N/A | X4: *
A5: 4 | B5: 30121 | C5: REGION 1 | D5: Ilocos Sur | E5: Quirino | F5: Poblacion II | G5: QUIRINO PRIMARY HEALTH CARE FACILITY | H5: Government | I5: LGU | J5: 10 | K5: Clinical Laboratory | L5: Secondary | M5: Precious Ivony D. Alfonso-Catriz, MD, DFM | N5: 09108946621 | O5: qphcf@yahoo.com | Q5: Luis Hora Memorial Regional Hospital | R5: 46023 | S5: 46387 | T5: 01-0017-26-I-1 | U5: Renewal | V5: N/A | X5: *
A6: 5 | B6: 00280 | C6: REGION 1 | D6: Ilocos Sur | E6: Salcedo | F6: National Road, Poblacion Sur | G6: ILOCOS SUR DISTRICT HOSPITAL-SALCEDO | H6: Government | I6: PROVINCE | J6: 15 | K6: -Diagnostic X-Ray (Level 1) -Pharmacy -Add on Clinical Laboratory: 1. Clinical Chemistry: --HBAIC 2. Immunology/Serology: --Troponin I (Qualitative and Quantitative) | L6: Secondary | M6: Federico Anaen, Jr., MD, MHA | N6: 09951293539 | O6: salcedomedicare@yahoo.com | Q6: Candon St. Martin de Porres Hospital | R6: 46023 | S6: 46387 | T6: 01-0009-26-I-1 | U6: Renewal | V6: N/A | X6: *
A7: 6 | B7: 32065 | C7: REGION 1 | D7: Ilocos Sur | E7: Vigan City | F7: Tamag | G7: UNIVERSITY OF NORTHERN PHILIPPINES HOSPITAL | H7: Government | I7: UNIVERSITY / SCHOOL | J7: 18 | K7: -Add on Clinical Laboratory: 1. Clinical Chemistry: --HBAIC (08-19-2024) | L7: Secondary | M7: Marsha MIchelle C. Cabuena | N7: 09175333398 | O7: unp.hospita@yahoo.com/unphlab@gmail.com | Q7: Metro Vigan Hospital/ Ilocos Sur Provincial Hospital - Gabriela Silang | R7: 46023 | S7: 46387 | T7: 01-0030-26-I-1 | U7: Renewal | V7: N/A | X7: *
A8: 7 | C8: REGION 1 | D8: Pangasinan | E8: Labrador | F8: Brgy. Poblacion, District II | G8: LABRADOR MUNICIPAL INFIRMARY | H8: Government | I8: LGU | J8: 10 | K8: None | M8: Mark Ross M. Rosario, MD | N8: 9162437676 | O8: labradormunicipalinfirmary@gmail.com | R8: 46023 | S8: 46387 | T8: 01-0032-26-I-1 | U8: Initial | V8: N/A
A9: 8 | C9: REGION 1 | D9: Pangasinan | E9: Malasiqui | F9: Brgy. Cabatlig | G9: MALASIQUI MUNICIPAL HOSPITAL | H9: Government | I9: LGU | J9: 16 | K9: >Pharmacy >Diagnostic X-Ray (Level 1) >Clinical Laboratory | L9: Primary | M9: Cielo E. Almoite, MD, MPH | N9: 9629339935 | O9: malasiquimunicipalhospital@gmail.com | P9: MOA | Q9: Christ Bearer Infirmary | R9: 46122 | S9: 46387 | T9: 01-0035-26-I-1 | U9: Initial | V9: N/A | X9: *
A10: 9 | B10: 32061 | C10: REGION 1 | D10: Pangasinan | E10: Rosales | F10: Pine St.,Zone V, District 6 | G10: ROSALES INFIRMARY UNIT | H10: Government | I10: LGU | J10: 12 | K10: None | M10: Adam Arlie B. Guieb, MD | N10: (075)-517-6065 | O10: rosalesinfirmaryunit@gmail.com | R10: 46023 | S10: 46387 | T10: 01-0026-26-I-1 | U10: Renewal | V10: N/A | X10: *
A11: 10 | B11: 38481 | C11: REGION 1 | D11: Pangasinan | E11: Sual | F11: Caoayan | G11: SUAL PRIMARY CARE FACILTY - INFIRMARY | H11: Government | I11: LGU | J11: 6 | K11: - Pharmacy -Diagnostic X-Ray (Level 1) -Clinical Laboratory | L11: Secondary | M11: Jasfer Neil B. Nadong, MD | N11: 09190646207 | O11: pcfinfirmary@gmail.com | P11: Type I AMBULANCE (01-24-2024) Plate No. 130105, CR No.45035689 | R11: 46023 | S11: 46387 | T11: 01-0012-26-I-1 | U11: Renewal | V11: N/A | X11: *
A12: 11 | B12: 4052 | C12: REGION 2 | D12: Batanes | E12: Itbayat | F12: National Road, San Rafael | G12: ITBAYAT DISTRICT HOSPITAL | H12: Government | I12: PROVINCE | J12: 15 | K12: None | L12: N/A | M12: Dr. Nikita C. Gato | N12: 09617626722 09776574788 | O12: idh.batanes@gmail.com | P12: 1, Type 1, C.S. No. K1U940 | R12: 46023 | S12: 46387 | T12: 02-20-26-I-1 | U12: Renewal | V12: Changed Ownership/Mgt | W12: Change of Head of Facility (2nd Quarter) | X12: *
A13: 12 | C13: REGION 2 | D13: Cagayan | E13: Abulug | F13: Maharlika Highway, Pinili, District II | G13: NORTHWESTERN CAGAYAN GENERAL HOSPITAL | H13: Government | I13: DOH RETAINED | J13: 16 | K13: Pharmacy , Dialysis Clinic (12 Stations), Clinical Laboratory - DOH Programs - Special Chemistry (AST, ALT),Electrolytes (NA, K,Cl,iCal, Tcal), | L13: Limited Service | M13: Dr. Jasmin Rose Umblas-Maladrigo, MHA | N13: 9126306613 | O13: northwesterncagayangh@gmail.com | P13: 2, type 1/ SND 3301, Plate No. 130106 & SGA 6280 | R13: 46023 | S13: 46387 | T13: 02-16-26-I-1 | U13: Renewal | V13: N/A | W13: Add ons Service- 02/06/2026- 1st Quarter, Clinical Laboratory - DOH Programs - Special Chemistry (AST, ALT)- 1st Quarter (2/9/2026), Additional Ambulance Unit- 1st Quarter ( 3/16/2026) | X13: *
A14: 13 | C14: REGION 2 | D14: Cagayan | E14: Alcala | F14: Centro Norte | G14: ALCALA MUNICIPAL HOSPITAL | H14: Government | I14: PROVINCE | J14: 10 | K14: Pharmacy, Clinical Laboratory Add ons: Special Serology (S. typhi, Leptospira) | L14: Secondary | M14: Dr. Raymond Q. Ruiz | N14: (078) 3772-224 09955588961 | O14: amhcagayan@gmail.com | P14: 1.Type 1, C.S. No. F5K695 | R14: 46023 | S14: 46387 | T14: 02-19-26-I-1 | U14: Renewal | X14: *
A15: 14 | C15: REGION 2 | D15: Cagayan | E15: Baggao | F15: Tungel | G15: BAGGAO DISTRICT HOSPITAL | H15: Government | I15: PROVINCE | J15: 10 | K15: None | L15: Primary | M15: Dr. Sharon Go | N15: 9171424890 | O15: bdhtungel@gmail.com | P15: 1/Type 1/Plate No. 030110 | R15: 46023 | S15: 46387 | T15: 02-21-26-I-1 | U15: Renewal | X15: *
A16: 15 | C16: REGION 2 | D16: Cagayan | E16: Calayan | F16: A. Escalante Street, Poblacion | G16: CALAYAN INFIRMARY | H16: Government | I16: LGU | J16: 10 | K16: Pharmacy | L16: Secondary | M16: Dr. Christian Clemencia-OIC | N16: 9120296037 | O16: calayaninfirmary@gmail.com | Q16: Aparri Provincial Hospital | R16: 46023 | S16: 46387 | T16: 02-31-26-I-1 | U16: Renewal | W16: Change of COH ( 1st Quarter) | X16: *
A17: 16 | C17: REGION 2 | D17: Cagayan | E17: Gattaran | F17: Centro Sur | G17: DR. TOMAS L. NOLASCO SR. MEMORIAL HOSPITAL - REPRODUCTIVE HEALTH CENTER | H17: Government | I17: LGU | J17: 10 | K17: Diagnostic X-Ray (Level 1), Pharmacy, Dialysis Clinic (4 Stations- B. Braun Avitum Philippines, Inc) | L17: Primary | M17: Dr. Cherry Ann A. Carreon | N17: (078) 395-0734 09275149145 | O17: dtnh_rhc@yahoo.com | R17: 46023 | S17: 46387 | T17: 02-08-26-I-1 | U17: Renewal | W17: Add ons Dialysis Clinic with 4 Stations (5/28/2026- 3rd Quarter) Delisting of Licensed Ambulance (3rd Quarter- 06/11/2026)
A18: 17 | C18: REGION 2 | D18: Cagayan | E18: Gattaran | F18: Calaoagan Dackel | G18: GATTARAN EMERGENCY HOSPITAL | H18: Government | I18: PROVINCE | J18: 10 | K18: Electrolytes (Na, K, Cl) Special Chemistry (AST, ALT)Special Serology (S. Typhi, Lestospira)Pharmacy | L18: Primary | M18: Dr. Cedina E. Bayani- OIC, Chief of Hospital | N18: 09270811967 (078) 377 6035 | O18: gattaranemergencyhospital@yahoo.com | P18: 1, type 1, Plate No. K1U 922 | R18: 46023 | S18: 46387 | T18: 02-23-26-I-1 | U18: Renewal | X18: *
A19: 18 | C19: REGION 2 | D19: Cagayan | E19: Sanchez-Mira | F19: Mahrlika Highway, San Andres | G19: NORTHERN CAGAYAN DISTRICT HOSPITAL | H19: Government | I19: PROVINCE | J19: 17 | K19: Pharmacy, Diagnostic X-ray (Level 1) | L19: Secondary | M19: Dr. Febe Q. Villanueva | N19: (078) 377-2563 09455995241 | O19: ncdh2015ssanchezmira@gmail.com | P19: 1/Type 1, C.S No. F5K 699 | R19: 46023 | S19: 46387 | T19: 02-27-26-I-1 | U19: Renewal | X19: *
A20: 19 | C20: REGION 2 | D20: Cagayan | E20: Sta. Ana | F20: Pines Drive, Centro | G20: STA. ANA COMMUNITY HOSPITAL | H20: Government | I20: PROVINCE | J20: 10 | K20: Pharmacy | L20: Primary | M20: Dr. Jacky O. Caday-OIC | N20: 09065260149 (078) 377 6568 | O20: sachospital@yahoo.com | Q20: Alfonso Ponce Enrile Memorial District Hospital | R20: 46023 | S20: 46387 | T20: 02-24-26-I-1 | U20: Renewal | X20: *
A21: 20 | C21: REGION 2 | D21: Isabela | E21: Alicia | F21: Magsaysay | G21: ALICIA COMMUNITY HOSPITAL | H21: Government | I21: LGU | J21: 8 | K21: Pharmacy, Diagnostic X-Ray (Level 1), Clinical Laboratory (Primary) | L21: Primary | M21: Dr. Ma. Consuelo L. Ricafort | N21: 09175032406 078-323-0903 | O21: aliciacommunityhospital@gmail.com | P21: 1, Type 1, Plate No. NAO 4139 | R21: 46023 | S21: 46387 | T21: 02-12-26-I-1 | U21: Renewal | W21: Change of Chief of Hospital (1st Quarter) | X21: *
A22: 21 | C22: REGION 2 | D22: Isabela | E22: Angadanan | F22: Centro 3 | G22: ANGADANAN INTEGRATED COMMUNITY HOSPITAL | H22: Government | I22: LGU | J22: 22 | M22: Dr. Princes Jeanne M. Cachapero | N22: 9363572513 | O22: aichospital@gmail.com | P22: 1, Type 1 / SNA 8272 | R22: 46023 | S22: 46387 | T22: 02-10-26-I-1 | U22: Renewal | V22: Increase Bed | X22: *
A23: 22 | C23: REGION 2 | D23: Isabela | E23: Delfin Albano | F23: Ragan Sur | G23: DELFIN ALBANO MEMORIAL HOSPITAL | H23: Government | I23: PROVINCE | J23: 10 | K23: Pharmacy, Clinical Laboratory (Primary) - Electrolytes (Na, K, Ca) - Special Chemistry ( HbA1c) - Thyroid Function ( fT3, fT4, TSH), Diagnostic X-ray (Level 2) , Pharmacy | L23: Primary | M23: Dr. Katrene Cay R. Acera | N23: 9171424236 | O23: damh_da@yahoo.com | P23: 1/Type 1/F4G 754 | R23: 46023 | S23: 46387 | T23: 02-34-26-I-1 | U23: Renewal | W23: Add ons: Pharmacy- 3/5/2026- 1st Quarter | X23: *
A24: 23 | C24: REGION 2 | D24: Isabela | E24: Dinapigue | F24: Digumased | G24: DINAPIGUE COMMUNITY HOSPITAL | H24: Government | I24: LGU | J24: 12 | K24: None | L24: None | M24: Dr. Floro M. Binalay | N24: 9082935214 | O24: liasonhospice@gmail.com | R24: 46125 | S24: 46387 | T24: 02-37-26-I-1 | U24: New Facility | W24: Initial LTO(4/13/2026)
A25: 24 | C25: REGION 2 | D25: Isabela | E25: Gamu | F25: Upi | G25: CAMP MELCHOR F. DELA CRUZ STATION HOSPITAL | H25: Government | I25: DND | J25: 30 | K25: Pharmacy, Diagnostic X-Ray (Level 1), Clinical Laboratory (Secondary) - Special Chemistry (HbA1c, cTn-I) - Thyroid Function (TSH, FT3, FT4) - Tumor Markers ( PSA) | L25: Secondary | M25: Col. Encarnita Oliva Perez | N25: 9950694515 | O25: cmfdc.sh@gmail.com | P25: 3/Type 1/Plate No. 130102, 131202 & 023101 | R25: 46023 | S25: 46387 | T25: 02-15-26-I-1 | U25: Renewal | V25: Changed Ownership/Mgt | X25: *
A26: 25 | C26: REGION 2 | D26: Isabela | E26: Ilagan City | F26: P7, Centro, San Antonio | G26: SAN ANTONIO CITY OF ILAGAN HOSPITAL | H26: Government | I26: LGU | J26: 10 | K26: Pharmacy,Diagnostic X-ray (Level 1) Clinical Laboratories Add ons: Special Serology (S. Typhi, HAV, CRP) Electrolytes (Ionized Caclcium) Special Chemistry (HbA1c, Trop-I, NT pro BNP) Thyroid Function Test(TSH, fT3,fT4) Tumor Markers (PSA, Covid-19 Testing Laboratory , Covid-19 Testing Laboratory | L26: Secondary | M26: Dr. Analynn J. Paguirigan | N26: 9552361000 | O26: sanantoniohospitalcityofilagan@gmail.com | Q26: Dr. Victor S. Villaroman Memorial Hospital | R26: 46023 | S26: 46387 | T26: 02-05-26-I-1 | U26: Renewal | V26: N/A | W26: Clinical Laboratory Add ons- ( 2nd Quarter- 4/7/2026) | X26: *
A27: 26 | C27: REGION 2 | D27: Isabela | E27: Jones | F27: Barangay 1 | G27: PROSPERO G. BELLO INTEGRATED COMMUNITY HOSPITAL | H27: Government | I27: LGU | J27: 10 | K27: Pharmacy,Diagnostic X-ray (Level 2), Clinical Laboratory: Special Chemistry (AST, ALT) Special Serology (HAV, S. typhi) | L27: Primary | M27: Dr. Regidor B. Delmas | N27: 9673000762 | O27: pgbich_jones@yahoo.com | P27: 1, Type 1, Plate No. : SBA 4183 | R27: 46023 | S27: 46387 | T27: 02-26-26-I-1 | U27: Renewal | X27: *
A28: 27 | C28: REGION 2 | D28: Isabela | E28: Palanan | F28: Dicabisagan West | G28: PALANAN STATION HOSPITAL | H28: Government | I28: PROVINCE | J28: 10 | K28: Pharmacy, Diagnostic X-ray (Level 1) | L28: Primary | M28: Dr. Gabriel Gonzales | N28: 9678393252 | O28: psh_palisa@yahoo.com | P28: 1, Type 1, Plate No. SCA 9354 | R28: 46023 | S28: 46387 | T28: 02-18-26-I-1 | U28: Renewal | W28: Ambulance Unit ( 2/18/2026- 1st Quarter) | X28: *
A29: 28 | C29: REGION 2 | D29: Isabela | E29: Quezon | F29: Arellano | G29: QUEZON COMMUNITY HOSPITAL | H29: Government | I29: LGU | J29: 15 | K29: Pharmacy, Diagnostic X-Ray (Level 1), Clinical Laboratory (Primary) Electrolytes (Na, K, Cl, iCa) Special Chemistry ( HbA1c, AST, ALT) Special Serology ( S. typhi) | L29: Primary | M29: Dr. Harold D. Rugnao | N29: 9172450034 | O29: qch_1994@yahoo.com | P29: 1/Type 1/F5U634 | R29: 46023 | S29: 46387 | T29: 02-25-26-I-1 | U29: Renewal | X29: *
A30: 29 | C30: REGION 2 | D30: Isabela | E30: Roxas | F30: National Highway, Muñoz East | G30: ROXAS COMMUNITY HOSPITAL | H30: Government | I30: LGU | J30: 17 | K30: Pharmacy | L30: Primary | M30: Dr. John G. Lago | N30: 9393068311 | O30: roxascommunityhospital@gmail.com | Q30: Roxas Rural Health Unit | R30: 46023 | S30: 46387 | T30: 02-28-26-I-1 | U30: Renewal | X30: *
A31: 30 | C31: REGION 2 | D31: Isabela | E31: San Mateo | F31: Roxas Street Corner Aglipay Street, Brgy. 4 | G31: SAN MATEO INTEGRATED COMMUNITY HOSPITAL | H31: Government | I31: LGU | J31: 24 | K31: Diagnostic X-ray (Level 1), Clnical Laboratory: Special Chemistry (HbA1c) Special Serology (HAV) Pharmacy | L31: Secondary | M31: Dr. Fevejoy S. Antalan | N31: 9976430483 | O31: smich0215@gmail.com | Q31: San Mateo Super Health Center | R31: 46023 | S31: 46387 | T31: 02-17-26-I-1 | U31: Renewal | V31: N/A | W31: Clinical Laboratory Add ons- 1st Quarter (2/13/2026) | X31: *
A32: 31 | C32: REGION 2 | D32: Isabela | E32: Sta. Maria | F32: Bliss Site, Poblacion I | G32: ELVIN U. MASIGAN INTEGRATED MEMORIAL HOSPITAL | H32: Government | I32: LGU | J32: 10 | K32: None | L32: Primary | M32: Dr. Bryan Julius T. Panganiban | N32: 9175771316 | O32: eumimh18@gmail.com | Q32: Milagros Albano District Hospital | R32: 46023 | S32: 46387 | T32: 02-22-26-I-1 | U32: Renewal | X32: *
A33: 32 | C33: REGION 2 | D33: Isabela | E33: Tumauini | F33: National Highway, Lingaling, | G33: TUMAUINI COMMUNITY HOSPITAL | H33: Government | I33: LGU | J33: 15 | K33: Dialysis Clinic (4 Stations) | L33: Limited Service | M33: Dr. Janeth J. Bacani | N33: 09178779824 (078) 323-2188 | O33: tumauinicommunityhospital@yahoo.com | P33: 1/Type 1/Plate No. 131209 | R33: 46023 | S33: 46387 | T33: 02-14-26-I-1 | U33: Renewal | X33: *
A34: 33 | C34: REGION 2 | D34: Nueva Vizcaya | E34: Alfonso Castañeda | F34: Purok 2, Lublub | G34: ALFONSO CASTAÑEDA MUNICIPAL HOSPITAL | H34: Government | I34: LGU | J34: 9 | K34: NONE | L34: NONE | M34: Dr. Annie C. Bawayan | N34: 9193295652 | O34: infirmarycastaneda@gmail.com | Q34: RHU Alfonso Castañeda | R34: 46023 | S34: 46387 | T34: 02-04-26-I-2 | U34: Renewal | X34: *
A35: 34 | C35: REGION 2 | D35: Nueva Vizcaya | E35: Diadi | F35: Poblacion | G35: DIADI EMERGENCY HOSPITAL | H35: Government | I35: PROVINCE | J35: 10 | K35: Pharmacy, Diagnostic X-ray (Level 1) | L35: Secondary | M35: Dr. Mary Jane C. Callang | N35: 9175676808 | O35: plgunuevavizcaya.deh@gmail.com | P35: 1/Type 1/POQ534 | R35: 46023 | S35: 46387 | T35: 02-09-26-I-1 | U35: Renewal | V35: N/A | X35: *
A36: 35 | C36: REGION 2 | D36: Nueva Vizcaya | E36: Kasibu | F36: Pimmadek | G36: DIDIPIO COMMUNITY HOSPITAL | H36: Government | I36: LGU | J36: 9 | K36: None | L36: None | M36: Dr. Joash Pio C. Ruiz | N36: 9671156897 | O36: didipiocommunityhospital2021@gmail.com | P36: 1, Type 1, Plate No. NHR 3931 | R36: 46023 | S36: 46387 | T36: 02-35-26-I-1 | U36: Renewal | X36: *
A37: 36 | C37: REGION 2 | D37: Nueva Vizcaya | E37: Kasibu | F37: Pudi | G37: KASIBU MUNICIPAL HOSPITAL | H37: Government | I37: PROVINCE | J37: 10 | K37: Pharmacy, Diagnostic X-ray (Level 2), Clinical Laboratory ( Secondary)- Special Serology ( S. typhi, Covid 19 Antigen Test) | L37: Secondary | M37: Dr. Lucena Larilay P. Caldito | N37: 9778302950 | O37: plgunuevavizcaya.kmh@gmail.com | P37: 1/Type 1/POM 515 | R37: 46023 | S37: 46387 | T37: 02-33-26-I-1 | U37: Renewal | W37: Clinical Laboratory ( Secondary)- Special Serology ( S. typhi, Covid 19 Antigen Test) - 6/16/2025 for 2nd Quarter | X37: *
A38: 37 | C38: REGION 2 | D38: Quirino | E38: Aglipay | F38: Villa Ventura | G38: AGLIPAY DISTRICT HOSPITAL | H38: Government | I38: PROVINCE | J38: 15 | K38: Pharmacy | L38: Secondary | M38: Dr. Sherwin Banan | N38: 9150493845 | O38: aglipaydistricthospital@gmail.com | P38: 1,Type 1/ SND 3303 | R38: 46023 | S38: 46387 | T38: 02-07-26-I-1 | U38: Renewal | X38: *
A39: 38 | C39: REGION 2 | D39: Quirino | E39: Diffun | F39: Andres Bonifacio | G39: DIFFUN DISTRICT HOSPITAL | H39: Government | I39: PROVINCE | J39: 23 | K39: Pharmacy, Diagnostic X-ray (Level 1) | L39: Secondary | M39: Dr. Maria Elizabeth T. Vaquilar | N39: 09973997140 (078) 692 8212 | O39: diffundisthospital@yahoo.com | Q39: Quirino Province Medical Center | R39: 46023 | S39: 46387 | T39: 02-06-26-I-1 | U39: Renewal | W39: Add ons Service( 4/20/2026- 2nd Quarter) | X39: *
A40: 39 | B40: 2983 | C40: REGION 3 | D40: Aurora | E40: Casiguran | F40: Brgy. Marikit, Casiguran | G40: CASIGURAN DISTRICT HOSPITAL | H40: Government | I40: PROVINCE | J40: 29 | K40: Dental Clinic Clinical Laboratory (Primary) ; Diagnostoc X-ray Level 1; Pharmacy | L40: Primary | M40: SWIT TARAH SABAOT, MD, CFP | N40: 9772697791 | O40: records.chd2015@gmail.com | P40: 2, Type I CR# 40432457-2 Conduction Sticker# F4 D063 Conduction Sticker No. F5 U725 | Q40: CASIGURAN DISTRICT HOSPITAL | R40: 46023 | S40: 46387 | T40: 03-0167-26-I-1 | U40: Renewal | V40: N/A
A41: 40 | B41: 263 | C41: REGION 3 | D41: Aurora | E41: Dingalan | F41: N.D. Galvez St., Caragsacan | G41: DINGALAN COMMUNITY HOSPITAL | H41: Government | I41: LGU | J41: 10 | K41: Pharmacy | L41: N/A | M41: Dr. Julie Ann Mandapat Resare | N41: 9616878808 | O41: dchaurora2025@gmail.com | P41: 1/ TYPE 1 CR NO. 42860118-0 | Q41: DINGALAN COMMUNITY HOSPITAL | R41: 46023 | S41: 46387 | T41: 03-0149-26-I-1 | U41: Renewal | V41: Decrease Bed
A42: 41 | B42: 23748 | C42: REGION 3 | D42: Aurora | E42: Maria Aurora | F42: Saturno St., Brgy. 01, Maria Aurora | G42: MARIA AURORA COMMUNITY HOSPITAL | H42: Government | I42: PROVINCE | J42: 10 | K42: Clinical Laboratory, Pharmacy; rHIVda Confirmatory Laboratory | L42: Secondary | M42: Marionne Maye P. Nicer, MD | N42: 042-724-5882 09703472049 | O42: ilovemach1974@gmail.com | P42: 1, Type I CR# 40432454-6 | Q42: MARIA AURORA COMMUNITY HOSPITAL | R42: 46023 | S42: 46387 | T42: 03-0137-26-I-1 | U42: Renewal | V42: N/A
A43: 42 | B43: 417 | C43: REGION 3 | D43: Bataan | E43: Bagac | F43: Brgy. Atilano Ricardo, Bagac | G43: BAGAC COMMUNITY AND MEDICARE HOSPITAL | H43: Government | I43: PROVINCE | J43: 15 | K43: Clinical Laboratory Secondary, Pharmacy; Diagnostic X-ray Services Level 1 | L43: Secondary | M43: Ma. Bhangielynne Castro, MD | N43: (047) 6122047 (047) 6122524 | O43: bagacmch@bataan.gov.ph | P43: 1 Type 1 Plate# P1A213 | R43: 46023 | S43: 46387 | T43: 03-0192-26-I-1 | U43: Renewal | V43: N/A
A44: 43 | B44: 229 | C44: REGION 3 | D44: Bulacan | E44: Bustos | F44: Hilario St., Poblacion | G44: BUSTOS COMMUNITY HOSPITAL | H44: Government | I44: LGU | J44: 10 | K44: Diagnostic X-ray Level1; Clinical Laboratory | L44: Primary | M44: Dr. Rowena R. Ocmer | N44: (044) 7611171 09989937499 | O44: bustoscommunity.hospital@gmail.com | P44: 1 Type 1 Conduction Sticker# F5199 | R44: 46023 | S44: 46387 | T44: 03-0133-26-I-1 | U44: Renewal | V44: N/A
A45: 44 | B45: 47690 | C45: REGION 3 | D45: Bulacan | E45: Malolos City | F45: Pamarawan | G45: DR. FELIX REYES HOSPITAL MEMORIAL | H45: Government | I45: LGU | J45: 5 | K45: Pharmacy | M45: Alfredo B. Agmata Jr.,MD | N45: 9696308505 | O45: felixreyeshospital@gmail.com | P45: 1, Type I Plate No. SAA 2294 | R45: 46023 | S45: 46387 | T45: 03-0104-26-I-1 | U45: Renewal | V45: N/A
A46: 45 | B46: 52072 | C46: REGION 3 | D46: Bulacan | E46: Meycauayan City | F46: Bulac Road, Brgy. Malhacan, City of Meycauayan, Bulacan | G46: OSPITAL NG MEYCAUAYAN | H46: Government | I46: LGU | J46: 25 | K46: Clinical Laboratory | L46: Secondary | M46: MICHAEL M. RESURRECCION, MD (OIC) | N46: 09175164006 | O46: ospitalngmeycauayan@meycauayan.gov.ph | P46: N/A | Q46: Meycauayan Doctors' Hospital | R46: 46063 | S46: 46387 | T46: 03-0228-26-I-1 | U46: Renewal | V46: N/A | W46: LAte renewal
A47: 46 | B47: 37489 | C47: REGION 3 | D47: Bulacan | E47: Plaridel | F47: AC Reyes St., Poblacion | G47: PLARIDEL INFIRMARY (BULACAN MEDICAL CENTER ANNEX) | H47: Government | I47: PROVINCE | J47: 16 | K47: Pharmacy | M47: ALVIN B. RAMIREZ, MD OIC | N47: (044) 9312516 09324120505 | O47: pehibulacan@yahoo.com | P47: N/A | Q47: Bulacan Medical Center | R47: 46023 | S47: 46387 | T47: 03-0103-26-I-1 | U47: Renewal | V47: N/A
A48: 47 | B48: 2043 | C48: REGION 3 | D48: Nueva Ecija | E48: Carranglan | F48: Quezon St., Brgy. F.C. Otic, Carranglan, Nueva Ecija | G48: CARRANGLAN MEDICARE AND COMMUNITY HOSPITAL | H48: Government | I48: PROVINCE | J48: 15 | K48: Clinical Laboratory | L48: Primary | M48: Dr. Abelardo Macdangdang Caringal (Medical Officer III) OIC - Chief | N48: 0917-566-9302 0970-170-9906 | O48: carranglanmch@gmail.com | P48: Type 1 Conduction Sticker No. F5 1212 | R48: 46023 | S48: 46387 | T48: 03-0131-26-I-1 | U48: Renewal | V48: N/A
A49: 48 | B49: 43739 | C49: REGION 3 | D49: Nueva Ecija | E49: Cuyapo | F49: Rizal Street, District 1, Cuyapo | G49: CUYAPO LOCAL GOVERNMENT UNIT INFIRMARY | H49: Government | I49: LGU | J49: 13 | M49: Dr. Joel T. Toquero | N49: 044-604-9447/ 0917-809-2231 | O49: cuyapoinfimary@gmail.com | Q49: Rayos Valentin Hospital, Inc. | R49: 46023 | S49: 46387 | T49: 03-0218-26-I-1 | U49: Renewal | V49: N/A
A50: 49 | B50: 245 | C50: REGION 3 | D50: Nueva Ecija | E50: Gabaldon | F50: Sampaguita St., South Poblacion, Gabaldon, Nueva Ecija | G50: GABALDON MEDICARE AND COMMUNITY HOSPITAL | H50: Government | I50: PROVINCE | J50: 15 | K50: Clinical Laboratory | L50: Primary | M50: Dr. Christian M. Salazar | N50: 0917-7708-1663 | O50: gabaldonmch1972@gmail.com | P50: Type I Plate No. H51201 | R50: 46023 | S50: 46387 | T50: 03-0002-26-I-1 | U50: Renewal | V50: N/A
A51: 50 | B51: 3551 | C51: REGION 3 | D51: Nueva Ecija | E51: General Tinio | F51: Brgy. San Pedro, Gulod, General Tinio | G51: GENERAL TINIO MEDICARE AND COMMUNITY HOSPITAL | H51: Government | I51: PROVINCE | J51: 15 | K51: Clinical Laboratory | L51: Primary | M51: Dr. Randy O. Peña | N51: 9263539242 | O51: gentiniomedcomhosp@gmail.com | P51: Type 1 Plate No. F51152 | R51: 46023 | S51: 46387 | T51: 03-0039-26-I-1 | U51: Renewal | V51: N/A
A52: 51 | B52: 32438 | C52: REGION 3 | D52: Nueva Ecija | E52: Guimba | F52: De Ocampo St., Saranay, Guimba, Nueva Ecija | G52: GUIMBA COMMUNITY HOSPITAL | H52: Government | I52: PROVINCE | J52: 18 | K52: Clinical Laboratory, Pharmacy, Diagnostic X-ray Services Level 2 | L52: Secondary | M52: Dr. Manuel L. Galapon III | N52: (044) 9510485 | O52: guimbacommunityhospital@gmail.com | P52: 2/Type I/ Plate#SLE 900 and F4C737 | R52: 46023 | S52: 46387 | T52: 03-0029-26-I-1 | U52: Renewal | V52: N/A
A53: 52 | B53: 3182 | C53: REGION 3 | D53: Nueva Ecija | E53: Palayan City | F53: 7th Infantry (Kaugnay) Division, PA, Fort Magsaysay, Palayan City | G53: FORT MAGSAYSAY ARMY STATION HOSPITAL | H53: Government | I53: AFP | J53: 50 | K53: Clinical Laboratory, Pharmacy, Diagnostic X-ray Services Level 1, Dental Clinic | L53: Secondary | M53: COL. WILLIAM F. RECUENCO, MC (GSC) MHA | N53: (044) 9585292 0917-125-0990 | O53: fmash_7id@yahoo.com 7idfmash@gmail.com | P53: Type 1 Plate No. S2 H568 | R53: 46023 | S53: 46387 | T53: 03-0095-26-I-1 | U53: Renewal | V53: N/A
A54: 53 | B54: 1661 | C54: REGION 3 | D54: Nueva Ecija | E54: Palayan City | F54: Nueva Ecija-Aurora Road | G54: PALAYAN CITY HOSPITAL | H54: Government | I54: LGU | J54: 18 | K54: Diagnostic X-ray Services Level 1, Clinical Laboratory & Pharmacy | L54: Primary | M54: Dr. Clodualdo D. Joanino, III | N54: 9178018247 | O54: infirmaryhospital.palayan@gmail.com | P54: Type 1 CS#F3R270 | R54: 46023 | S54: 46387 | T54: 03-0195-26-I-1 | U54: Renewal | V54: N/A
A55: 54 | B55: 46877 | C55: REGION 3 | D55: Nueva Ecija | E55: Pantabangan | F55: Poblacion, Pantabangan | G55: PANTABANGAN INFIRMARY | H55: Government | I55: LGU | J55: 10 | M55: Dr. Annabelle I. Magat | N55: 0977-764-7906 | O55: pantabanganinfirmary@gmail.com | Q55: Heart of Jesus Hospital | R55: 46023 | S55: 46387 | T55: 03-0172-26-I-1 | U55: Renewal | V55: N/A
A56: 55 | C56: REGION 3 | D56: Nueva Ecija | E56: Science City of Munoz | G56: OSPITAL NG LUNGSOD AGHAM NG MUNOZ | H56: Government | I56: LGU | J56: 10 | K56: Clinical Laboratory; Pharmacy; Diagnostic X-ray Services Level 1 | L56: Secondary | M56: Dr. Mikko Wong | N56: 044-511-6234 | O56: oslam.scm@gmail.com | R56: 46023 | S56: 46387 | T56: 03-0049-26-I-1 | U56: Renewal | V56: N/A
A57: 56 | B57: 32440 | C57: REGION 3 | D57: Pampanga | E57: Candaba | F57: Pansul Pasig, Candaba, Pampanga | G57: CANDABA MUNICIPAL INFIRMARY | H57: Government | I57: LGU | J57: 16 | K57: Pharmacy Diagnostic X-ray Level 2 Clinical Laboratory (Secondary) | L57: Secondary | M57: John Bryan Bello, MD | N57: 045-280-6260 | O57: candabamunicipalinfirmary@yahoo.com | P57: 1/Type 1Conduction Sticker# F3R 253 | R57: 46023 | S57: 46387 | T57: 03-0196-26-I-1 | U57: Renewal | V57: N/A
A58: 57 | B58: 30898 | C58: REGION 3 | D58: Tarlac | E58: Paniqui | F58: Km 144 National Highway, Brgy. Samput | G58: PANIQUI GENERAL HOSPITAL | H58: Government | I58: LGU | J58: 24 | K58: Clinical Laboratory, Level 2 Diagnostic Xray, Pharmacy | L58: Secondary | M58: Dr. Jolab O. Daguro | N58: (045)800-6248 | O58: paniquigeneralhospital@gmail.com | Q58: Tarlac Provincial Hospital | R58: 46023 | S58: 46387 | T58: 03-0019-26-I-1 | U58: Renewal | V58: N/A
A59: 58 | B59: 32444 | C59: REGION 3 | D59: Zambales | E59: Botolan | F59: New Taugtog Resettlement Area, Botolan, Zambales | G59: DR. FLORENTINO C. DOBLE MEMORIAL HOSPITAL (FORMERLY KAINOMAYAN PRIMARY HOSPITAL) | H59: Government | I59: LGU | J59: 37 | K59: rHIVda Confirmatory Laboratory, Diagnostic X-ray Services Level 1; Dental Clinic, Clinical Laboratory | L59: Secondary | M59: Dr. Peter Allen S. Sescon | N59: 9989701390 | O59: kphbotolan@gmail.com | P59: Type 1 CS#F4J752 | R59: 46023 | S59: 46387 | T59: 03-0012-26-I-1 | U59: Renewal | V59: N/A
A60: 59 | C60: REGION 4-A | D60: Batangas | E60: Nasugbu | F60: P. Riñoza st. Barangay 1, nasugbu, batangas | G60: OSPITAL NG NASUGBU | H60: Government | I60: LGU | J60: 25 | L60: N/A | M60: Alexander T. Hernandez, MD | N60: 9175009553 | O60: ospitalnasugbu@gmail.com | R60: 46023 | S60: 46387 | T60: 4A-0032-26-I-1 | U60: Renewal | V60: N/A
A61: 60 | C61: REGION 4-A | D61: Batangas | E61: Tuy | F61: Putol, Tuy, Batangas | G61: BATANGAS PROVINCIAL MEDICAL CENTER | H61: Government | I61: LGU | J61: 50 | K61: N/A | L61: Primary | M61: Dr. Francis P. Gayon | N61: 09272448684 09264899307 | O61: batprovmedcenter@gmail.com | P61: N/A | R61: 46023 | S61: 46387 | T61: 4A-0018-26-I-1 | U61: Renewal | V61: N/A
A62: 61 | C62: REGION 4-A | D62: Cavite | E62: Carmona | F62: 252 san jose st., brgy.2 carmona, cavite | G62: PAGAMUTANG BAYAN NG CARMONA | H62: Government | I62: LGU | J62: 17 | K62: Diagnostic X-ray Services (Level 1) | L62: Primary | M62: Imelda Ledesma-Perez, MD,CFP, MHA | N62: (046) 430-1644 | O62: pbc@carmona.gov.ph | P62: Type I, CS No. (F4B838) | R62: 46023 | S62: 46387 | T62: 4A-0029-26-I-1 | U62: Renewal | V62: N/A
A63: 62 | C63: REGION 4-A | D63: Cavite | E63: Cavite City | F63: Brgy 62 kangkong, samonte park st., cavite city | G63: DRA. OLIVIA SALAMANCA MEMORIAL DISTRICT HOSPITAL | H63: Government | I63: LGU | J63: 10 | K63: Pharmacy | L63: Primary | M63: Remigio D. Camerino | N63: (046) 434-6678 | O63: dosmdh2023@gmail.com | R63: 46023 | S63: 46387 | T63: 4A-0004-26-I-1 | U63: Renewal | V63: N/A
A64: 63 | C64: REGION 4-A | D64: Cavite | E64: Cavite City | F64: A diokno st brgy 53-a yakal sangley point cavite city, cavite 4100 | G64: MAJOR DANILO ATIENZA AIR BASE HOSPITAL | H64: Government | I64: PAF | J64: 10 | K64: Pharmacy | L64: N/A | M64: Major Mirasol D. Cayabyab | N64: 9166380746 | O64: mdaabh15th@gmail.com | P64: Type I, (SJH-137) | Q64: n/a | R64: 46023 | S64: 46387 | T64: 4A-0015-26-I-1 | U64: Renewal | V64: N/A
A65: 64 | C65: REGION 4-A | D65: Cavite | E65: General Mariano Alvarez | F65: Army compound poblacion i gen. Mariano alvarez cavite | G65: CARSIGMA DISTRICT HOSPITAL | H65: Government | I65: LGU | J65: 19 | K65: Pharmacy | L65: Primary | M65: Maria Imelda C. Simon, MD, MHA | N65: 460-5207 | O65: carsgigmadh@yahoo.com | P65: Type I, B7 C817 | R65: 46023 | S65: 46387 | T65: 4A-0025-26-I-1 | U65: Renewal | V65: N/A
A66: 65 | C66: REGION 4-A | D66: Cavite | E66: General Trias City | F66: Fernando roman subd., brgy. Pinagtipunan, city of general trias, cavite | G66: CITY OF GENERAL TRIAS MEDICARE HOSPITAL | H66: Government | I66: LGU | J66: 10 | K66: Pharmacy Diagnostic X-ray Services (Level 1) | L66: Primary | M66: Sesinand M. Talosig, MD, MMHOA | N66: 465090064 | O66: generaltriashosp2018@gmail.com | R66: 46023 | S66: 46387 | T66: 4A-0028-26-I-1 | U66: Renewal | V66: N/A
A67: 66 | C67: REGION 4-A | D67: Cavite | E67: Kawit | F67: San sebastian kawit, cavite | G67: KAWIT KALAYAAN HOSPITAL | H67: Government | I67: LGU | J67: 10 | K67: Pharmacy | L67: Secondary | M67: Jocelyn C. Caballes, MD, MMHOA | N67: (046)438-3498 | O67: kawitkalayaan@yahoo.com | R67: 46023 | S67: 46387 | T67: 4A-0008-26-I-1 | U67: Renewal | V67: N/A
A68: 67 | C68: REGION 4-A | D68: Cavite | E68: Maragondon | F68: Garita b maragondon cavite | G68: CAVITE MUNICIPAL HOSPITAL | H68: Government | I68: LGU | J68: 10 | K68: Pharmacy | L68: Primary | M68: Araceli C. Tiu, MD, MBA | N68: (046)4120826 / 09082084126 | O68: cavitemunicipalhospital@yahoo.com | R68: 46023 | S68: 46387 | T68: 4A-0021-26-I-1 | U68: Existing HF with Changes | W68: Physical Medicine and Rehabilitation Unit
A69: 68 | C69: REGION 4-A | D69: Cavite | E69: Naic | F69: A. Soriano highway, ibayo silangan, naic, cavite | G69: NAIC MEDICARE HOSPITAL | H69: Government | I69: LGU | J69: 10 | K69: Pharmacy | L69: Primary | M69: Clemevina P. Custodio, MD, MMHOA | N69: (046)4120312 | O69: naicmedicarehospital@gmail.com | R69: 46023 | S69: 46387 | T69: 4A-0020-26-I-1 | U69: Renewal | V69: N/A
A70: 69 | C70: REGION 4-A | D70: Cavite | E70: Tagaytay | F70: Maitim ii east tagaytay city | G70: OSPITAL NG TAGAYTAY | H70: Government | I70: LGU | J70: 49 | K70: Pharmacy | L70: Primary | M70: Dr. Angelo Huberto O. Daez | N70: 9-888-9510 | O70: ospitalngtagaytay.ont@gmail.com | P70: Type I, P8 2648 | R70: 46023 | S70: 46387 | T70: 4A-0023-26-I-1 | U70: Renewal | V70: N/A
A71: 70 | C71: REGION 4-A | D71: Cavite | E71: Tanza | F71: Paradahan 2 tanza cavite | G71: ARESCOM INFIRMARY | H71: Government | I71: AFP | J71: 14 | L71: N/A | M71: Cpt Marco Paulo C. Nabong MC | N71: 9163206024 | O71: arescom_medicaldispensary@yahoo.com | R71: 46023 | S71: 46387 | T71: 4A-0003-26-I-1 | U71: Renewal | V71: N/A
A72: 71 | C72: REGION 4-A | D72: Laguna | E72: Calamba City | F72: Camp vicente lim, canlubang, calamba, laguna | G72: POLICE REGIONAL OFFICE 4A HOSPITAL | H72: Government | I72: PNP | J72: 10 | L72: Primary | M72: Pcpt .Tara Jane C Lunag | N72: 9566433173 | O72: rhs4a@ymail.com | R72: 46023 | S72: 46387 | T72: 4A-0024-26-I-1 | U72: Renewal | V72: N/A
A73: 72 | C73: REGION 4-A | D73: Laguna | E73: Siniloan | F73: Sitio sinarol brgy halayhayin siniloan laguna | G73: SINILOAN INFIRMARY HOSPITAL | H73: Government | I73: LGU | J73: 7 | K73: Pharmacy | L73: Primary | M73: Godfrey A. Acelajado, MD | N73: 09925147867/09055600481 | O73: siniloaninfirmary2022@gmail.com | P73: Type 1, (NFR 5418) (F5 K725) | R73: 46023 | S73: 46387 | T73: 4A-0013-26-I-1 | U73: Renewal | V73: N/A
A74: 73 | C74: REGION 4-A | D74: Quezon | E74: Calauag | F74: Maharlika highway brgy. Sumilang calauag, quezon | G74: CALAUAG MUNICIPAL HOSPITAL (INFIRMARY) | H74: Government | I74: LGU | J74: 12 | L74: Secondary | M74: Kristoperson G. Martizano, MD | N74: 9127440648 | O74: clginfirmary@gmail.com | R74: 46076 | S74: 46387 | T74: 4A-0040-26-I-1 | U74: Renewal | V74: N/A
A75: 74 | C75: REGION 4-A | D75: Quezon | E75: Lucena City | F75: Camp guillermo nakar, brgy gulang-gulang, lucena city | G75: CAMP NAKAR STATION HOSPITAL | H75: Government | I75: AFP | J75: 25 | K75: Pharmacy | L75: Primary | M75: Ltc James Robert A. honculada | N75: 042 7850692 | O75: cnshsolcom@yahoo.com | P75: Type I, (F5 K702) (DAP 7149) (NHN 9228) | R75: 46023 | S75: 46387 | T75: 4A-0009-26-I-1 | U75: Renewal | V75: N/A
A76: 75 | C76: REGION 4-A | D76: Quezon | E76: Polillo | F76: Polillo - burdeos provincial road, brgy. Sibulan, polillo, quezon | G76: QUEZON PROVINCIAL HOSPITAL NETWORK-POLILLO | H76: Government | I76: LGU | J76: 10 | K76: Pharmacy | L76: Secondary | M76: Jolly Grace A. Sta. Lucia, MD, MMHA, FPAFP | N76: 9638479319 | O76: polillomedicare@gmail.com | R76: 46023 | S76: 46387 | T76: 4A-0006-26-I-1 | U76: Renewal | V76: N/A
A77: 76 | C77: REGION 4-A | D77: Quezon | E77: Sampaloc | F77: Magsaysay st. Brgy. Bayongon, sampaloc, quezon | G77: QUEZON PROVINCIAL HOSPITAL NETWORK - SAMPALOC | H77: Government | I77: LGU | J77: 10 | K77: Pharmacy | L77: Secondary | M77: Raymund Jay R. Sugay, MD, LLB,MHA | N77: 427941176 | O77: smch_que@yahoo.com.ph | R77: 46023 | S77: 46387 | T77: 4A-0005-26-I-1 | U77: Renewal | V77: N/A
A78: 77 | C78: REGION 4-A | D78: Quezon | E78: San Narciso | F78: Abuyon national road brgy. Bayanihan san narciso, quezon | G78: QUEZON PROVINCIAL HOSPITAL NETWORK - SAN NARCISO | H78: Government | I78: LGU | J78: 10 | K78: Pharmacy Diagnostic X-ray Services (Level 1) | L78: Primary | M78: Charlie S. Aban, MD | N78: 9959224273 | O78: sannarcisomunicipalhospital@yahoo.com | P78: Type I, (F3R-330) | R78: 46027 | S78: 46387 | T78: 4A-0033-26-I-1 | U78: Renewal | V78: N/A
A79: 78 | C79: REGION 4-A | D79: Rizal | E79: Jalajala | F79: #474 national road, brgy. First district jalajala, rizal | G79: RIZAL PROVINCIAL HOSPITAL SYSTEM - YNARES MUNICIPAL HOSPITAL | H79: Government | I79: LGU | J79: 10 | K79: Pharmacy Diagnostic X-ray Services (Level 1) | L79: Primary | M79: Emerie Gold V. Untong | N79: 4256210 | O79: rph_ymh@yahoo.com | P79: Type I, B9 S024 | R79: 46028 | S79: 46387 | T79: 4A-0035-26-I-1 | U79: Renewal | V79: N/A
A80: 79 | C80: REGION 4-A | D80: Rizal | E80: Tanay | F80: Camp general mateo capinpin, brgy sampaloc, tanay, rizal | G80: ARMY STATION HOSPITAL, 2ND INFANTRY DIVISION, PHILIPPINE ARMY | H80: Government | I80: AFP | J80: 30 | K80: Pharmacy Diagnostic X-ray Services (Level 2) | L80: Primary | M80: Mailyn T Panganiban MD | N80: 9105575764 | O80: armystationhospital@gmail.com | P80: Type I, (SAB 4537) | R80: 46023 | S80: 46387 | T80: 4A-0001-26-I-1 | U80: Renewal | V80: N/A
A81: 80 | C81: REGION 4-B | D81: Marinduque | E81: Santa Cruz | F81: Brgy. Lapu-lapu | G81: STA. CRUZ DISTRICT HOSPITAL | H81: Government | I81: LGU | J81: 17 | K81: Pharmacy Clinical Laboratory Level 1 Gen. Radiography | L81: Secondary | M81: Dr. Vincent Arlie T. Vertucio | O81: scdh1974@gmail.com | P81: 1, Type 1 ASP, Plate No. A3 L042, CR No. 308270141 | Q81: N/A | R81: 46023 | S81: 46387 | T81: 4B-0011-26-I-1 | U81: Renewal
A82: 81 | C82: REGION 4-B | D82: Marinduque | E82: Torrijos | F82: Rizal St. | G82: TORRIJOS MUNICIPAL HOSPITAL | H82: Government | I82: LGU | J82: 10 | K82: Pharmacy Clinical Laboratory (Secondary) | L82: Secondary | M82: Dr. Josine Par Oblipias | N82: (042) 753-0322 | O82: torrijosmunicipalhospital@yahoo.com | P82: 1 / Type 1 / CS No. S9 C606 (temporary plate no. 131210) / CR No. 455647242 | R82: 46023 | S82: 46387 | T82: 4B-0019-26-I-1 | U82: Renewal
A83: 82 | C83: REGION 4-B | D83: Occidental Mindoro | E83: Abra de Ilog | F83: L. Venturanza St., Brgy. Poblacion | G83: ABRA DE ILOG MUNICIPAL HOSPITAL | H83: Government | I83: LGU | J83: 10 | K83: Pharmacy Clinical Laboratory ASP Type 1/ Conduction Sticker No. F5 J039 | L83: Primary | M83: Dr. Arlene B. Espiritu | O83: abradeilogmunicipalhospital@gmail.com | P83: 1 / Type 1 / CS No. F5 J039 / CR No. 465781352 | Q83: N/A | R83: 46023 | S83: 46387 | T83: 4B-0010-26-I-1 | U83: Renewal
A84: 83 | C84: REGION 4-B | D84: Occidental Mindoro | E84: Lubang | F84: Brgy. Tangal | G84: LUBANG DISTRICT HOSPITAL | H84: Government | I84: LGU | J84: 18 | K84: Clinical Laboratory Level 1 Gen. Radiography | L84: Secondary | M84: Vivien V. Valisno, M.D. (Acting Chief of Hsospital) | O84: lubangdistricthospital@gmail.com | P84: 1, Type 1 ASP, Conduction Sticker No. F3 E050, CR No. 38854936-4 | Q84: N/A | R84: 46023 | S84: 46387 | T84: 4B-0001-26-I-1 | U84: Renewal
A85: 84 | C85: REGION 4-B | D85: Occidental Mindoro | E85: Paluan | F85: Alipaoy | G85: PALUAN COMMUNITY HOSPITAL | H85: Government | I85: LGU | J85: 10 | L85: Primary | M85: Dr. Nino Benedict F. Panopio | O85: paluancommhosp@yahoo.com | P85: N/A | Q85: Occidental Mindoro Provincial Hospital | R85: 46023 | S85: 46387 | T85: 4B-0005-26-I-1 | U85: Renewal
A86: 85 | C86: REGION 4-B | D86: Occidental Mindoro | E86: Santa Cruz | F86: Brgy. Poblacion II | G86: STA. CRUZ COMMUNITY HOSPITAL | H86: Government | I86: LGU | J86: 9 | K86: Pharmacy Clinical Laboratory | L86: Primary | M86: Dr. Al Kenneth G. Vitto | O86: scchopms@gmail.com | P86: N/A | Q86: Occidental Mindoro Provincial Hospital | R86: 46023 | S86: 46387 | T86: 4B-0021-26-I-1 | U86: Renewal
A87: 86 | C87: REGION 4-B | D87: Oriental Mindoro | E87: Bongabong | F87: Strong Republic, Natuical Highway, Brgy. Labasan | G87: RENATO UMALI REYES HOSPITAL OF BONGABONG | H87: Government | I87: LGU | J87: 18 | K87: Pharmacy Clinical Laboratory Level 1 Gen. Radiography | L87: Secondary | M87: Dr. Levon Franco VRF Baldoza | N87: (043) 283-5090 | O87: rurhospital@yahoo.com | P87: 1 / Type 1 ASP Plate No. A9Y 194 / CR No. 35423982-6 | Q87: N/A | R87: 46023 | S87: 46387 | T87: 4B-0003-26-I-1 | U87: Renewal
A88: 87 | C88: REGION 4-B | D88: Oriental Mindoro | E88: Bulalacao | F88: Brgy. Campaasan | G88: BULALACAO COMMUNITY HOSPITAL | H88: Government | I88: LGU | J88: 15 | K88: Clinical Laboratory Pharmacy | L88: Secondary | M88: Dr. Josie Ann L. Marca | O88: bulcomhosp@gmail.com | P88: N/A | Q88: Oriental Mindoro Southern District Hospital | R88: 46023 | S88: 46387 | T88: 4B-0016-26-I-1 | U88: Renewal
A89: 88 | C89: REGION 4-B | D89: Oriental Mindoro | E89: Naujan | F89: Santiago, District III | G89: NAUJAN COMMUNITY HOSPITAL | H89: Government | I89: LGU | J89: 14 | K89: Pharmacy Clinical Laboratory | L89: Primary | M89: Emmanuel H. Hernandez, MD, MHA | O89: nch_md@yahoo.com | P89: 1, Type 1, CS No. VN 8676 , CR No. 276301421, Plate No. 131204 1, Type 1, Plate No. SND 5356, CR Number: 46578131-5 | Q89: N/A | R89: 46023 | S89: 46387 | T89: 4B-0004-26-I-1 | U89: Renewal
A90: 89 | C90: REGION 4-B | D90: Oriental Mindoro | E90: Puerto Galera | F90: Poblacion | G90: PUERTO GALERA HOSPITAL | H90: Government | I90: LGU | J90: 14 | K90: Level 1 Gen. Radiography | L90: N/A | M90: Dr. Mark Jorrel F. Flores | O90: puertogalerahospital@yahoo.com | P90: N/A | Q90: Luna Goco Medical Center | R90: 46023 | S90: 46387 | T90: 4B-0032-26-I-1 | U90: Renewal
A91: 90 | C91: REGION 4-B | D91: Palawan | E91: Balabac | F91: Brgy. Catagupan, Balabac, Palawan | G91: BALABAC DISTRICT HOSPITAL | H91: Government | I91: LGU | J91: 15 | K91: Pharmacy Clinical Laboratory | L91: Secondary | M91: Dr. Marie Ann M. Diamse | O91: balabacdistricthospital@gmail.com | P91: 1 / Type 1 / Plate No. IOK852 / CR # 4268-6669-4 | Q91: N/A | R91: 46023 | S91: 46387 | T91: 4B-0012-26-I-1 | U91: Renewal
A92: 91 | C92: REGION 4-B | D92: Palawan | E92: Cuyo | F92: Nueva St., Brgy. Catadman | G92: CUYO DISTRICT HOSPITAL | H92: Government | I92: LGU | J92: 25 | K92: Diagnostic X-ray services (Level 1) Pharmacy Clinical Laboratory | L92: Primary | M92: Dr. Kenneth I. Antonio | O92: cuyodistricthospital@gmail.com | P92: 1/ Type 1 / Plate no. IO EO 25 / CR No. 39817721-1 | Q92: N/A | R92: 46023 | S92: 46387 | T92: 4B-0027-26-I-1 | U92: Renewal
A93: 92 | C93: REGION 4-B | D93: Palawan | E93: Dumaran | F93: Sitio Aranlegan, Brgy. Poblacion | G93: ARACELI-DUMARAN DISTRICT HOSPITAL | H93: Government | I93: LGU | J93: 10 | K93: Clinical Laboratory | L93: Secondary | M93: Dr. Rhodora Faye F. Zaragoza | O93: addistricthospital@gmail.com | P93: N/A | Q93: Northern Palawan Provincial Hospital | R93: 46023 | S93: 46387 | T93: 4B-0009-26-I-1 | U93: Renewal
A94: 93 | C94: REGION 4-B | D94: Palawan | E94: Dumaran | F94: Purok Magsasaka, Brgy. Danleg | G94: FRANCISCO FERNANDEZ PONCE DE LEON HOSPITAL | H94: Government | I94: LGU | J94: 10 | K94: Clinical Laboratory | L94: Primary | M94: Dr. Jocelyn C. Calpito | O94: pmh.net2016@gmail.com | P94: N/A | Q94: Northern Palawan Provincial Hospital | R94: 46023 | S94: 46387 | T94: 4B-0024-26-I-1 | U94: Renewal
A95: 94 | C95: REGION 4-B | D95: Palawan | E95: El Nido | F95: Barangay Pasedena | G95: EL NIDO COMMUNITY HOSPITAL | H95: Government | I95: LGU | J95: 17 | K95: Pharmacy Clinical Laboratory | L95: Secondary | M95: Dr. Robert Angelo A. Arrieta (OIC) | O95: elnidocommunityhospitallab2020@gmail.com | P95: N/A | Q95: Northern Palawan Provincial Hospital | R95: 46023 | S95: 46387 | T95: 4B-0002-26-I-1 | U95: Renewal
A96: 95 | C96: REGION 4-B | D96: Palawan | E96: Quezon | F96: Reservation, Alfonso XIII | G96: QUEZON MEDICARE HOSPITAL | H96: Government | I96: LGU | J96: 17 | K96: Pharmacy Clinical Laboratory | L96: Secondary | M96: Dr. Virgilio M. Timario | O96: quezonmedicarehospital@gmail.com | P96: 1 / Type 1 / Conduction Sticker No. 101998 E050 / CR No. 38854936-4 | Q96: N/A | R96: 46023 | S96: 46387 | T96: 4B-0029-26-I-1 | U96: Renewal
A97: 96 | C97: REGION 4-B | D97: Palawan | E97: Rizal | F97: Purok Pagkakaisa, Brgy. Punta Baja | G97: DR. JOSE RIZAL DISTRICT HOSPITAL | H97: Government | I97: LGU | J97: 12 | K97: Pharmacy Clinical Laboratory | L97: Secondary | M97: Dr. Nelia T. Diesta | O97: djrdh2019@gmail.com | P97: N/A | Q97: Quezon Medicare Hospital | R97: 46023 | S97: 46387 | T97: 4B-0018-26-I-1 | U97: Renewal
A98: 97 | C98: REGION 4-B | D98: Palawan | E98: Roxas | F98: National Highway, New Barbaracan | G98: ROXAS MEDICARE HOSPITAL | H98: Government | I98: LGU | J98: 25 | K98: Pharmacy Clinical Laboratory | L98: Secondary | M98: Dr. Jeremy P. Laguda (OIC) | P98: 1 / Type 1 / Plate No. IOE015 / CR No.3981-7825-5 | Q98: N/A | R98: 46023 | S98: 46387 | T98: 4B-0014-26-I-1 | U98: Renewal
A99: 98 | C99: REGION 4-B | D99: Palawan | E99: San Vicente | F99: San Isidro | G99: SAN VICENTE DISTRICT HOSPITAL | H99: Government | I99: LGU | J99: 17 | K99: Pharmacy Clinical Laboratory Level 1 Gen. Radiography | L99: Secondary | M99: Dr. Peter Mcgerald E. Penullar | O99: sanvicentedh@gmail.com | P99: N/A | Q99: Northern Palawan Provincial Hospital | R99: 46023 | S99: 46387 | T99: 4B-0007-26-I-1 | U99: Renewal
A100: 99 | C100: REGION 4-B | D100: Palawan | E100: Sofronio Española | F100: H. Gubat St., Bukubundukin, Brgy. Pulot Center | G100: SOFRONIO ESPANOLA DISTRICT HOSPITAL | H100: Government | I100: LGU | J100: 12 | K100: Pharmacy Clinical Laboratory with Clinical Chemistry (electrolytes) | L100: Primary | M100: Dr. Josie Linda A. Ermita (OIC) | O100: pgpsedh2021@gmail.com | P100: N/A | Q100: Narra Municipal Hospital | R100: 46023 | S100: 46387 | T100: 4B-0022-26-I-1 | U100: Renewal
...

Sheet Private
A1: # | B1: NHFR CODE | C1: REGION | D1: PROVINCE | E1: CITY / MUNICIPALITY | F1: BLDG OR HOUSE NO., STREET, BRGY (as applicable) | G1: NAME OF FACILITY | H1: OWNERSHIP | I1: OWNERSHIP CLASSIFICATION (For Government Only) | J1: ABC | K1: ADD-ONS SERVICES | L1: CLINICAL LAB CLASSIFICATION (If Applicable) | M1: MEDICAL DIRECTOR / CHIEF OF HOSPITAL | N1: CONTACT NOS. | O1: E-MAIL ADDRESS | P1: AMBULANCE (No./ TYPE / PLATE NO.) Pls. Seperate if different Type | Q1: NAME OF AMBULANCE SERVICE PROVIDER IF W/ MOA | R1: VALIDITY FROM | S1: VALIDITY UNTIL | T1: LICENSE NO. | U1: APPLICATION STATUS | V1: APPLICATION STATUS (IF WITH CHANGES) | W1: REMARKS
A2: 1 | B2: 32062 | C2: REGION 1 | D2: Ilocos Norte | E2: Batac | F2: #35 Washington Street, Bil-loca | G2: BUMANGLAG SPECIALTY HOSPITAL | H2: Private | I2: N/A | J2: 5 | K2: Clinical Laboratory | L2: Secondary | M2: Castor B. Bumanglag, MD | N2: 077-617-1572/ 09198218626 | O2: bumanglagspecialtyhospital2012@gmail.com | Q2: Gaoat Hospital | R2: 46023 | S2: 46387 | T2: 01-0005-26-I-2 | U2: Renewal | V2: N/A | W2: Decrease ABC (From 11 to 5) | X2: *
A3: 2 | B3: 3297 | C3: REGION 1 | D3: Ilocos Norte | E3: Laoag | F3: Brgy. 7-As-Hernandez Avenue | G3: RANADA MEDICAL AND DIAGNOSTIC CENTER | H3: Private | I3: N/A | J3: 10 | M3: Joni L. Ranada-Camaquin, MD | N3: 077-770-5172/ 09167948718 | O3: ranada_antonio@yahoo.com.ph | Q3: Dr. Bonifacia Albano Memorial Hospital | R3: 46023 | S3: 46387 | T3: 01-0015-26-I-2 | U3: Renewal | V3: N/A | X3: *
A4: 3 | B4: 06746 | C4: REGION 1 | D4: Ilocos Norte | E4: Laoag City | F4: Balintawak St., Brgy. 9 , Sta. Angela | G4: RANADA GENERAL HOSPITAL | H4: Private | I4: N/A | J4: 15 | K4: Clinical Laboratory | L4: Secondary | M4: Vincent R. Bumatay, MD (New appointed OIC Med. Director-08-22-25) | N4: 077(770049-11)/ 09175702192 | O4: ranada_gen_hospital@yahoo.com | Q4: Laoag City General Hospital | R4: 46023 | S4: 46387 | T4: 01-0021-26-I-2 | U4: Renewal | V4: N/A | X4: *
A5: 4 | B5: 32066 | C5: REGION 1 | D5: Ilocos Norte | E5: Laoag City | F5: #64 Gomburza cor. Zacarias Flores Street, Barangay #6 San Agustin | G5: SAINT CAMILLUS DE LELLIS GENERAL HOSPITAL | H5: Private | I5: N/A | J5: 29 | K5: -Pharmacy -Clinical Laboratory Add on (6-16-2025) 1. Clinical Chemistry -HBAIC -Troponin I (Quantitative) -Alkaline Phosphate -Total Protein -Albumin -Ionized Calcium -Magnesium -Lipase -Amylase -UACR 2. Immunology/Serology -Anti-HAV, Anti HCV (Rapid Test Kits) -Ferritin -Estradiol -Anti Treponema Pallidum Rapid Test Kit -Salmonella Typhi Test Kit -NT-pro MBP, CK-MB -Thyroid Function Tests (TSH, FT3, FT4) -CRP, CEA 3. Others: Arterial Blood Gas | L5: Secondary | M5: Alan B. Taylan, MD, FPCP | N5: 077-770-5507/ 09159281605/ (077)-600-1125(Laboratory) | O5: saintcamillus_laoagcity@yahoo.com | Q5: Black Nazarene Hospital | R5: 46023 | S5: 46387 | T5: 01-0020-26-I-2 | U5: Renewal | V5: N/A | X5: *
A6: 5 | B6: 51370 | C6: REGION 1 | D6: Ilocos Norte | E6: Pagudpud | F6: Zamora St., Poblacion | G6: PAGUDPUD ADVENTIST WELLNESS CENTER | H6: Private | I6: N/A | J6: 27 | K6: -Pharmacy -Diagnostic X-Ray (Level 1) -Add-on Clinical Laboratory: 1. Clinical chemistry -CKMB -Troponin-I 2. Immunology/Serology -Thyroid Function Tests (TSH, FT4, FT3) -PSA, CRP | L6: Secondary | M6: Raymond B. Dabalos, MD | N6: 9457260383/ 09457200383 | O6: pagudpudawc@gmail.com | Q6: MOA with Pagudpud RHU | R6: 46023 | S6: 46387 | T6: 01-0011-26-I-2 | U6: Renewal | V6: N/A | X6: *
A7: 6 | B7: 37945 | C7: REGION 1 | D7: Ilocos Norte | E7: Pinili | F7: Manila Road, Barangay Apatut-Lubong | G7: KARMELLI CLINIC & HOSPITAL PINILI INC. | H7: Private | I7: N/A | J7: 10 | K7: -Pharmacy -X-Ray (level 1) -Clinical Laboratory Add on: 1. Clinical Chemistry --HBAIC 2. Immunology/Serology: --Thyroid Function Tests (TSH, FT4, FT3) --Troponin-I (Quantitative) PSA | L7: Secondary | M7: Norman Panfilo G. Rabago, MD, FPCP, MHCA | N7: 077-774-3227/ 09272674233/ 09454710481 (Laboratory) | O7: kchpi2016@gmail.com/ kchpilaboratory@gmail.com | Q7: Mariano Marcos Memorial Hospital and Medical Center | R7: 46023 | S7: 46387 | T7: 01-0001-26-I-2 | U7: Renewal | V7: N/A | X7: *
A8: 7 | B8: 00024 | C8: REGION 1 | D8: Ilocos Norte | E8: San Nicolas | F8: #100 Ventura Street, Barangay 15 San Jose | G8: GERTES CLINIC AND HOSPITAL | H8: Private | I8: N/A | J8: 10 | K8: -Clinical Laboratory Add on (07-29-2025): 1. Clinical Chem.: --HBAIC --Amylase --Troponin I 2. Immunology/Serology: --PSA --Typhi Dot | L8: Secondary | M8: Geminiano G. Gertes, MD | N8: 077-670-6438/ 09392464630 | O8: gertesclinicandhospital@yahoo.com | Q8: Black Nazarene Hospital | R8: 46023 | S8: 46387 | T8: 01-0004--26-I-2 | U8: Renewal | V8: N/A | X8: *
A9: 8 | C9: REGION 1 | D9: Ilocos Sur | E9: Narvacan | F9: Sitio, Limmansangan, Margaay | G9: HOLY NATIVITY MEDICAL CLINIC & INFIRMARY | H9: Private | I9: N/A | J9: 16 | K9: >Clinical Laboratory (05-05-2026) | L9: Secondary | M9: Karen S. Cabigas, MD | N9: 9668177962 | O9: holynativitymcandli@yahoo.com | P9: MOA | Q9: ISDH-Narvacan | R9: 46091 | S9: 46023 | T9: 01-0034-26-I-2 | U9: Initial with Changes | V9: Add-on Service | W9: Add on CL as OSS w/ updated LTO: May 05, 2026
A10: 9 | B10: 3958 | C10: REGION 1 | D10: Ilocos Sur | E10: Santo Domingo | F10: National Highway, San Pablo | G10: TOLENTINO CLINIC AND HOSPITAL | H10: Private | I10: N/A | J10: 10 | K10: -Diagnostic X-Ray (Level 2) -Clinical Laboratory Add on : 1. Clinical Chemistry: HBAIC | L10: Secondary | M10: Benjamin S. Tolentino Jr., MD | N10: 077-674-6122/ 09272710197 | O10: tolentinoclinic@gmail.com | Q10: Suero General Hospital | R10: 46023 | S10: 46387 | T10: 01-0022-26-I-2 | U10: Renewal | V10: N/A | X10: *
A11: 10 | B11: 04267 | C11: REGION 1 | D11: Ilocos Sur | E11: Sta. Maria | F11: Dakota Street, Poblacion Sur | G11: JUDGE CELESTINO GUERRERO MEMORIAL HOSPITAL | H11: Private | I11: N/A | J11: 8 | K11: -Pharmacy -Clinical Laboratory | L11: Secondary | M11: Mila P. Guerrero, MD | N11: 9262574986 | O11: guerrerohospital@yahoo.com.ph | Q11: Reyes - Ulep Hospital | R11: 46023 | S11: 46387 | T11: 01-0028-26-I-2 | U11: Renewal | V11: N/A | X11: *
A12: 11 | B12: 7055 | C12: REGION 1 | D12: Ilocos Sur | E12: Sta. Maria | F12: #4 Baliw Laud | G12: STO. NIÑO HOSPITAL | H12: Private | I12: N/A | J12: 18 | K12: -Diagnostic X-Ray (level 1) -Pharmacy -Clinical Laboratory -HIV Testing Lab | L12: Secondary | M12: Aurea Alicia Dagdag-Matias, MD | N12: 077-604-15-95/ 09454575960 | O12: draumatias@yahoo.com | Q12: Reyes - Ulep Hospital | R12: 46023 | S12: 46387 | T12: 01-0026-26-I-2 | U12: Renewal | V12: N/A | X12: *
A13: 12 | B13: 42881 | C13: REGION 1 | D13: Ilocos Sur | E13: Tagudin | F13: Mac Arthur Hi-way, Brgy. Lacong | G13: LACASANDILE MEDICAL CLINIC AND DIAGNOSTIC CENTER | H13: Private | I13: N/A | J13: 10 | K13: -Diagnostic X-Ray (Level 2) -Add-on Clinical Laboratory: 1. CC-HBAIC 2. Immunology/ Serology -Troponin I, -HAV,HCV, H. Pylori -Leptospira -T3, T4, TSH (08-15-2024) -HIV Testing Lab -RHIVda (02-16-24) | L13: Secondary | M13: Kareen Alna L. Lacasandile-Sanchez, MD | N13: 09062518009 | O13: lacasandilemcdc@gmail.com | R13: 46023 | S13: 46387 | T13: 01-0003-25-I-2 | U13: Renewal | V13: N/A | X13: *
A14: 13 | B14: 06558 | C14: REGION 1 | D14: Ilocos Sur | E14: Vigan City | F14: #59 Rizal Street, Barangay 7 | G14: RABARA CLINIC AND HOSPITAL | H14: Private | I14: N/A | J14: 10 | K14: -Diagnostic X-Ray (level 1) -Clinical Laboratory | L14: Secondary | M14: Charles Hubert R. Rabara, MD | N14: 077-632-0123/ 09176100279 | O14: allotrbr@yahoo.com / rabara.clinic@yahoo.com | Q14: Metro Vigan Hospital | R14: 46023 | S14: 46387 | T14: 01-0023-26-I-2 | U14: Renewal | V14: N/A | X14: *
A15: 14 | B15: 42866 | C15: REGION 1 | D15: La Union | E15: Agoo | F15: #138 Consolacion | G15: KOOP-MEDICAL CLINIC | H15: Private | I15: N/A | J15: 17 | K15: -Clinical Laboratory | L15: Secondary | M15: Allan John V. de Aquino, MD | N15: 072-206-4659/ 09129827211 | O15: koopmedicalcliniclumpc@gmail.com | P15: Type I/ PIate No.: IAE 3599 Cr No.: 453595671 | Q15: N/A | R15: 46023 | S15: 46387 | T15: 01-0019-26-I-2 | U15: Renewal | V15: N/A | X15: *
A16: 15 | B16: 06708 | C16: REGION 1 | D16: Pangasinan | E16: Balungao | F16: National Road, 40 Pugaro | G16: PROCARE MEDICAL CLINIC & INFIRMARY | H16: Private | I16: N/A | J16: 7 | K16: -Clinical Laboratory | L16: Primary | M16: Carmelita L. Ordoñez,MD | N16: 075-633-3650/ 09060218963 | O16: pcmch2015@gmail.com | Q16: Del Carmen Medical Clinic & Hospital | R16: 46023 | S16: 46387 | T16: 01-0013-26-I-2 | U16: Renewal | V16: N/A | X16: *
A17: 16 | B17: 6866 | C17: REGION 1 | D17: Pangasinan | E17: Binalonan | F17: Delos Reyes Street, Poblacion | G17: SABALLA-ROSARIO MEDICAL CLINIC | H17: Private | I17: N/A | J17: 15 | K17: -Clinical Laboratory | L17: Secondary | M17: Audrey Viduya, MD,CFP, MHA / Mr. Angel S. Rosario, Jr. | N17: 075-562-4375/ 09217947676 | O17: saballarosario.hospital@yahoo.com | Q17: Tayug Family Hospital | R17: 46023 | S17: 46387 | T17: 01-0014-26-I-2 | U17: Renewal | V17: N/A | X17: *
A18: 17 | B18: 2767 | C18: REGION 1 | D18: Pangasinan | E18: Bolinao | F18: Arosan Street, Germinal | G18: RILLERA MEDICAL HOSPITAL | H18: Private | I18: N/A | J18: 10 | K18: -Diagnostic X-ray (Level 1) -Clin Lab. Add-on (06-17-2025): 1. Immunology/Serology: --Thyroid Function Test (TSH, FT3, FT4) --PSA | L18: Secondary | M18: Fredelyn B. Rillera, MD | N18: 075-653-4787/ 09189376914 | O18: rmhbolinao@yahoo.com | Q18: Bolinao Community Hospital | R18: 46023 | S18: 46387 | T18: 01-0006-26-I-2 | U18: Renewal | V18: N/A | X18: *
A19: 18 | C19: REGION 1 | D19: Pangasinan | E19: Lingayen | F19: Avenida Rizal West | G19: STO. NIÑO DE CASIPIT GENERAL HOSPITAL | H19: Private | I19: N/A | J19: 18 | K19: >Diagnostic X-ray (Level 1) >Pharmacy | M19: Raymond Norman G. Casipit, MD | N19: 9662154473 | O19: stoninodecasipit81@gmail.com | P19: MOA | Q19: Luzon Medical center | R19: 46023 | S19: 46387 | T19: 01-0036-26-I-2 | U19: Initial with Changes | V19: Changed Ownership/Mgt
A20: 19 | B20: 32268 | C20: REGION 1 | D20: Pangasinan | E20: Manaoag | F20: Barangay Licsi | G20: SAINT CAMILLUS MATERNITY AND POLYCLINIC | H20: Private | I20: N/A | J20: 14 | K20: -Clinical Laboratory | L20: Secondary | M20: Jaime A. Roa, MD | N20: 075-529-1909/ 09491537570 | O20: st.camillusmanaoag@gmail.com | Q20: Medical Centrum Dagupan | R20: 46023 | S20: 46387 | T20: 01-0016-26-I-2 | U20: Renewal | V20: N/A | X20: *
A21: 20 | B21: 6861 | C21: REGION 1 | D21: Pangasinan | E21: Mangatarem | F21: #3 Mabini Street | G21: VELASQUEZ MEDICAL CLINIC AND HOSPITAL | H21: Private | I21: N/A | J21: 11 | K21: -Diagnostic X-Ray (level 1) -Clinical Laboratory | L21: Secondary | M21: Ronald C. Velasquez, MD | N21: 075-632-3316/ 09425755808 | O21: mackay_maricel@yahoo.com | Q21: Señor Sto Niño Hospital Inc. (Camiling Tarlac ) LTO # 03-0002-24-H2-2 | R21: 46023 | S21: 46387 | T21: 01-0024-26-I-2 | U21: Renewal | V21: N/A | X21: *
A22: 21 | B22: 51371 | C22: REGION 1 | D22: Pangasinan | E22: San Carlos City | F22: Binalonan, Pagal | G22: CHRIST-BEARER INFIRMARY | H22: Private | I22: N/A | J22: 18 | K22: -Pharmacy -Diagnostic X-ray (Level 1) -Clinical Laboratory Add-on (06-19-2025): 1. Clinical Chemistry: -HBAIC 2. Immunology/Serology: -Troponin-I -Thyroid Function Tests (FT3, FT4, TSH) | L22: Secondary | M22: Christopher A. Cancino, MD | N22: (075) 529-7181/ 09339161096 | O22: christbearerinfirmary@gmail.com | P22: Type I/ PIate No.: AOA7468 Cr No.: 0003117765 | Q22: N/A | R22: 46023 | S22: 46387 | T22: 01-0002-26-I-2 | U22: Renewal | V22: N/A | X22: *
A23: 22 | B23: 32269 | C23: REGION 1 | D23: Pangasinan | E23: San Quintin | F23: #54 Rizal Street, Zone II, Poblacion | G23: EL CORAZON DE JESUS MEDICAL & DIAGNOSTIC CLINIC | H23: Private | I23: N/A | J23: 6 | K23: -Clinical Laboratory | L23: Primary | M23: Gilda Medenilla, MD | N23: 9464687091 | O23: elcorazondejesus12@gmail.com | R23: 46023 | S23: 46387 | T23: 01-0018-26-I-2 | U23: Renewal | V23: N/A | X23: *
A24: 23 | C24: REGION 1 | D24: Pangasinan | E24: San Quintin | F24: Ramirez St., Pob. Zone I | G24: SAN QUINTIN POLYCLINIC AND LABORATORY | H24: Private | I24: N/A | J24: 8 | K24: >Clin. Lab. Additional services: 1.Clinical Chemistry: --HBAIC (05-28-2026) | L24: Secondary | M24: Roxanne R. Difuntorum, MD | N24: 9064615569 | O24: polyclinicandlaboratory@gmail.com | P24: MOA | Q24: Eastern Pangasinan District Hospital | R24: 46080 | S24: 46023 | T24: 01-0033-26-I-2 | U24: Initial with Changes | V24: Add-on Service | W24: Clin. Lab. Additional services: 1.Clinical Chemistry: --HBAIC w/ updated LTO: May 28, 2026
A25: 24 | B25: 38511 | C25: REGION 1 | D25: Pangasinan | E25: Urbiztondo | F25: 88 Rizal St., Poblacion | G25: JESUS HEALING HANDS INFIRMARY INC. | H25: Private | I25: N/A | J25: 12 | K25: -Diagnostic X-Ray (Level 1) -Clinical Laboratory | L25: Secondary | M25: Francis Therese E. Bachar, MD, FPCP, MHA | N25: 075-632-6085/ 09171940426/ 09989980239 | O25: jhhhospital@yahoo.com | Q25: Pangasinan Doctors Hospital | R25: 46023 | S25: 46387 | T25: 01-0027-26-I-2 | U25: Renewal | V25: N/A | X25: *
A26: 25 | B26: 2811 | C26: REGION 1 | D26: Pangasinan | E26: Villasis | F26: Zone V, Poblacion | G26: ORDOÑEZ MEDICAL HOSPITAL | H26: Private | I26: N/A | J26: 10 | K26: -Diagnostic X-Ray (level 1) -Clinical Laboratory | L26: Secondary | M26: Reynaldo Ordoñez, MD | N26: 075-632-1965/ 09178888323 | O26: ordonez.mike@yahoo.com | Q26: Del Carmen Medical Clinic & Hospital Inc. | R26: 46023 | S26: 46387 | T26: 01-0010-26-I-2 | U26: Renewal | V26: N/A | X26: *
A27: 26 | B27: 351 | C27: REGION 1 | D27: Pangasinan | E27: Villasis | F27: 088 Poblacion zone II, McArthur Highway, | G27: VILLASIS POLYMEDIC HOSPITAL AND TRAUMA HOSPITAL | H27: Private | I27: N/A | J27: 10 | K27: -Diagnostic X-Ray (level 1) | M27: Francisco L. Olivar, MD | N27: 75-564-388 | O27: vphtc@yahoo.com | Q27: Rosales Chua Pun Memorial Hospital | R27: 46023 | S27: 46387 | T27: 01-0025-26-I-2 | U27: Renewal | V27: N/A | X27: *
A28: 27 | C28: REGION 2 | D28: Isabela | E28: Cauayan City | F28: Rosemarie Reyes Street, Prenza | G28: CAUAYAN FAMILY HOSPITAL | H28: Private | I28: N/A | J28: 10 | K28: None | M28: Dr. Marlene C. Aquino | N28: 09328645759 (078) 652-2411 | O28: cfhmay2008@gmail.com | Q28: Isabela United Doctors Medical Center | R28: 46023 | S28: 46387 | T28: 02-03-26-I-2 | U28: Renewal
A29: 28 | C29: REGION 2 | D29: Isabela | E29: Cauayan City | F29: #109 Quezon Street, District 1 | G29: THE ROSS MAURICIO MEMORIAL HOSPITAL | H29: Private | I29: N/A | J29: 15 | K29: None | M29: Dr. Edwin B. Mauricio | N29: 9178971402 | O29: therossmauriciomh@yahoo.com | Q29: Cauayan Medical Specialists Hospital | R29: 46023 | S29: 46387 | T29: 02-02-26-I-2 | U29: Renewal
A30: 29 | C30: REGION 2 | D30: Isabela | E30: Delfin Albano | F30: Zone 6, San Antonio | G30: GAMBALAN HOSPITAL | H30: Private | I30: N/A | J30: 15 | K30: None | M30: Dr. Maximo C. Gambalan | N30: 09452598231 09178881835 | O30: gambalan.hospital@yahoo.com | P30: 1/Type 1/UAI 610 | R30: 46023 | S30: 46387 | T30: 02-30-26-I-2 | U30: Renewal
A31: 30 | C31: REGION 2 | D31: Isabela | E31: Ramon | F31: # 11 Bonifacio Steet, Bugallon Proper | G31: DEMANO'S MEDICAL AND PEDIATRIC CLINIC | H31: Private | I31: N/A | J31: 8 | K31: Pharmacy, Diagnostic X-Ray (Level 1),Clinical Laboratory (Primary) Electrolytes (Na, K, Cl, iCa) Special Chemistry (ALT) | L31: Primary | M31: Dr. Joyce M. Demano | N31: 09772784383 (078) 3253-263 | O31: demanoclinicramon@gmail.com | Q31: Tomas-Cacal Medical Clinic & Hospital | R31: 46023 | S31: 46387 | T31: 02-11-26-I-2 | U31: Renewal | W31: Additional Services (11/5/2025- 4th Quarter)
A32: 31 | C32: REGION 2 | D32: Isabela | E32: San Mateo | F32: National Highway, Barangay 3 | G32: JUVELO FAMILY CLINIC | H32: Private | I32: N/A | J32: 10 | K32: Pharmacy, Clinical Laboratory- Add ons: Electrolytes ( Na, K, Cl) Special Chemistry (AST, ALT, HbA1c) Tumor Markers ( PSA) | L32: Primary | M32: Dr. Melanio V. Lazaro | N32: (078) 323-1683 09266472110 | O32: juvelofamilyclinic@gmail.com | Q32: San Mateo Multicare Hospital, Inc. | R32: 46023 | S32: 46387 | T32: 02-13-26-I-2 | U32: Renewal
A33: 32 | C33: REGION 2 | D33: Isabela | E33: San Mateo | F33: Quirino Street, Barangay 3 | G33: SEVILLEJA MEDICAL CLINIC INC | H33: Private | I33: N/A | J33: 17 | K33: Pharmacy, Clinical Laboratory Add Ons: Special Chemistry (AST, ALT), Diagnostic X-ray (Level 1) | L33: Primary | M33: Dr. Ceasar L. Sevilleja | N33: 9179079027 | O33: sevillejamedicalclinic@gmail.com | P33: 1, Type 1, BAG 9950 | R33: 46023 | S33: 46387 | T33: 02-01-26-I-2 | U33: Renewal | W33: Initial Ambulance Unit (6/15/2026-3rd Quarter)
A34: 33 | C34: REGION 2 | D34: Isabela | E34: Tumauini | F34: #17 Laman Street, District 2 | G34: QUE MEDICAL CLINIC, LYING-IN AND PHARMACY | H34: Private | I34: N/A | J34: 15 | K34: Pharmacy, Electrolytes (Ionized Calcium) Special Serology (Typhidot) Thyroid Function Test (TSH, fT3, fT4) Tumor Markers (CEA, PSA) Special Chemistry (HbA1c, CK-MB) Special Serology (Typhidot, Trop I) | L34: Secondary | M34: Dr. Rizelle Marie A. Que- Daquioag OIC, Medical Director | N34: 09177747674 (078) 323-0309 | O34: quemedicalclinic@yahoo.com | Q34: Tumauini Community Hospital | R34: 46023 | S34: 46387 | T34: 02-32-26-I-2 | U34: Renewal | W34: Clinical Laboratory Add ons- Special Chemistry & Special Serology- 2/6/2026- 1st Quarter
A35: 34 | C35: REGION 2 | D35: Nueva Vizcaya | E35: Aritao | F35: Ozanam Village, Banganan | G35: INDIGENOUS PEOPLES' HOSPITAL FOUNDATION OF THE DIOCESE OF BAYOMBONG, INC. | H35: Private | I35: N/A | J35: 15 | K35: Diagnostic X-ray (Level 2), Pharmacy | L35: Secondary | M35: Dr. Karen Cecille T. Tambuyat | N35: (078) 362 8791 09171698762 | O35: indigenouspeopleshospital17@gmail.com | Q35: Aritao Rural Health Unit | R35: 46023 | S35: 46387 | T35: 02-29-26-I-2 | U35: Renewal
A36: 35 | B36: 4238 | C36: REGION 3 | D36: Bataan | E36: Dinalupihan | F36: #13 Rizal St., Sta. Isabel | G36: STO. ROSARIO MATERNITY AND MEDICAL CLINIC | H36: Private | I36: N/A | J36: 8 | M36: Dr. Graciella Celia A. Roxas | N36: (047) 6361618 (047) 6361379 | O36: storosario_clinic@yahoo.com | Q36: Jose Payumo Memorial Hospital | R36: 46023 | S36: 46387 | T36: 03-0219-26-I-2 | U36: Renewal | V36: N/A
A37: 36 | B37: 1875 | C37: REGION 3 | D37: Bulacan | E37: Balagtas | F37: #255 Burol 2nd, | G37: GUBATAN MEDICAL CLINIC | H37: Private | I37: N/A | J37: 14 | K37: Clinical Laboratory Diagnostic Xray Level 1 | L37: Secondary | M37: Dr. Carlos R. Gubatan, Jr. | N37: (044) 8168648 09177007347 | O37: gubatanmedicalclinic92@yahoo.com | Q37: United Balagtas Doctors Hospital Corporation | R37: 46023 | S37: 46387 | T37: 03-0099-26-I-2 | U37: Renewal | V37: N/A
A38: 37 | B38: 43738 | C38: REGION 3 | D38: Bulacan | E38: Bulakan | F38: #71 Malusak Street, Sta. Ana, | G38: OUR LADY OF THE ASSUMPTION HOSPITAL OPC | H38: Private | I38: N/A | J38: 3 | M38: Dr. Barbara A. Gatiera | N38: (044)792-0084 0917-871-9290 | O38: olahosp2021@gmail.com | Q38: Santos General Hospital of Malolos, Inc. | R38: 46023 | S38: 46387 | T38: 03-0152-26-I-2 | U38: Renewal | V38: N/A
A39: 38 | B39: 1676 | C39: REGION 3 | D39: Bulacan | E39: Guiguinto | F39: #23 Ilang Ilang St., Violeta Village, Sta. Cruz | G39: MAGPOC MATERNITY HOSPITAL, INC. | H39: Private | I39: N/A | J39: 12 | M39: Ricardo O. Magpoc | N39: (044) 7943335 09216907183 | O39: mmhi15@yahoo.com.ph | Q39: Guiguinto Polymedic Hospital | R39: 46023 | S39: 46387 | T39: 03-0037-26-I-2 | U39: Renewal | V39: N/A
A40: 39 | B40: 32434 | C40: REGION 3 | D40: Bulacan | E40: San Ildefonso | F40: Sapang Putol, San Ildefonso | G40: M.S. MAGBITANG OSPITAL NG SAN ILDEFONSO | H40: Private | I40: N/A | J40: 17 | K40: Pharmacy | M40: Dr. Medina S. Magbitang | N40: 044-762-0311 | O40: msmagbitangospital@gmail.com | P40: 1/Type I/ Plate# JTS909 | R40: 46023 | S40: 46387 | T40: 03-0125-26-I-2 | U40: Renewal | V40: N/A
A41: 40 | B41: 34698 | C41: REGION 3 | D41: Bulacan | E41: San Jose del Monte City | F41: Brgy. San Pedro, Area F, Sapang Palay, City of San Jose del Monte, Bulacan | G41: DR. EDUARDO V. ROQUERO MEMORIAL HOSPITAL | H41: Private | I41: N/A | J41: 17 | K41: Clinical Laboratory | L41: Secondary | M41: Dr. Isabelita S. Roquero | N41: (044) 8153562 | O41: evrmemorialhospital@yahoo.com | Q41: Nazarenus Hospital | R41: 46089 | S41: 46387 | T41: 03-0229-26-I-2 | U41: Renewal | V41: N/A | W41: LATE RENEWAL; NO LONGER RENEWED DIALYSIS
A42: 41 | B42: 34701 | C42: REGION 3 | D42: Bulacan | E42: San Jose del Monte City | F42: Block 25 Lot 9, San Martin IV, Area C | G42: HOLISTIC CARE GENERAL HOSPITAL | H42: Private | I42: N/A | J42: 6 | K42: Clinical Laboratory | L42: Primary | M42: Jhovina Cruz-Ceballos, MD, MMHOA | N42: (044)9135418 09557239312 | O42: holisticgenhospital@gmail.com | R42: 46023 | S42: 46387 | T42: 03-0223-25-I-2 | U42: Renewal | V42: N/A
A43: 42 | B43: 32437 | C43: REGION 3 | D43: Bulacan | E43: San Jose del Monte City | F43: Daang Barrio, Poblacion I, District I, City of San Jose del Monte, Bulacan | G43: SJP INFIRMARY DIAGNOSTIC AND PHARMACY | H43: Private | I43: N/A | J43: 17 | K43: Clinical Laboratory; Pharmacy, Diagnostic X-ray Services Level 1 | L43: Secondary | M43: Dr. Carina F. Concepcion | N43: 9205652649 | O43: sjpinfirmary@gmail.com | Q43: Dr. Cabuco Hospital | R43: 46023 | S43: 46387 | T43: 03-0016-26-I-2 | U43: Renewal | V43: Increase Bed
A44: 43 | B44: 5977 | C44: REGION 3 | D44: Bulacan | E44: Sta. Maria | F44: J.P. Rizal St., Poblacion, Sta. Maria, Bulacan | G44: ST. MARY'S MEDICAL SERVICES, INC. | H44: Private | I44: N/A | J44: 17 | K44: Clinical Laboratory; Dialysis clinic 7 stations(Garcia Health Center); Pharmacy; Diagnostic X-ray Services Level 2 | L44: Secondary | M44: Dr. Leticia H. Fuentebella | N44: (044) 7691703 09189573057 | O44: email.smmsi@gmail.com | Q44: Mendoza General Hospital | R44: 46023 | S44: 46387 | T44: 03-0087-26-I-2 | U44: Renewal | V44: N/A
A45: 44 | B45: 32081 | C45: REGION 3 | D45: Nueva Ecija | E45: San Isidro | F45: #803 Rizal St., Malapit, San Isidro, Nueva Ecija | G45: TOLENTINO-GOMEZ MEDICAL CLINIC | H45: Private | I45: N/A | J45: 5 | K45: Clinical Laboratory, Pharmacy | L45: Primary | M45: Dr. Ophelia G. Tolentino | N45: (044) 4860083 | O45: tolentino.gomezmedicalclinic@yahoo.com | Q45: Dr. Apollo Q. Duque Memorial Hospital | R45: 46023 | S45: 46387 | T45: 03-0005-26-I-2 | U45: Renewal | V45: N/A
A46: 45 | B46: 41750 | C46: REGION 3 | D46: Nueva Ecija | E46: San Jose City | F46: Cadhit At., Brgy. Canuto Ramos | G46: SANTOS INFIRMARY | H46: Private | I46: N/A | J46: 12 | K46: Clinical Laboratory Pharmacy (St. Joseph's Health Services) | L46: Secondary | M46: Dr. Valerio Jonathan Santos | N46: 9237014687 | O46: stjosephhsmedlab@yahoo.com | Q46: San Jose City General Hospital | R46: 46023 | S46: 46387 | T46: 03-0088-26-I-2 | U46: Renewal | V46: N/A
A47: 46 | B47: 6005 | C47: REGION 3 | D47: Nueva Ecija | E47: Science City of Munoz | F47: Executive Ave, CLSU Compound, Brgy. Bantug | G47: CENTRAL LUZON STATE UNIVERSITY INFIRMARY | H47: Private | I47: N/A | J47: 12 | K47: Clinical Laboratory (Limited Service Capability), Dental Clinic, Pharmacy | L47: Limited Service Capability | M47: Dr. Marivel S. Dumale | O47: clsu_hospital@clsu.edu.ph | Q47: Talavera General Hospital | R47: 46023 | S47: 46387 | T47: 03-0054-26-I-2 | U47: New Facility | V47: N/A
A48: 47 | B48: 734 | C48: REGION 3 | D48: Pampanga | E48: Angeles City | F48: 5038, Rizal St. Agapito Del Rosario | G48: RS CLINIC AND HOSPITAL | H48: Private | I48: N/A | J48: 9 | K48: Clinical Laboratory | L48: Primary | M48: DR. FLORENCE NIKKO MALLILLIN | N48: 0925-695-1112 | O48: rsclinic.hospital@gnail.com | Q48: Dr. Amando L. Garcia Medical Center Inc. | R48: 46023 | S48: 46387 | T48: 03-0206-26-I-2 | U48: Renewal | V48: N/A
A49: 48 | B49: 39882 | C49: REGION 3 | D49: Pampanga | E49: Candaba | F49: Sitio 1 Bahay Pare | G49: SAINT PIO INFIRMARY | H49: Private | I49: N/A | J49: 17 | K49: Diagnostic X-ray Services Level 1, Pharmacy; Clinical Laboratory | L49: Primary | M49: Dr. Alfredo C. Manarang | N49: 0923-909-2973 | O49: saintpiohospital@gmail.com | Q49: Sagrada Familia Hospital | R49: 46023 | S49: 46387 | T49: 03-0214-26-I-2 | U49: Renewal | V49: N/A
A50: 49 | C50: REGION 3 | D50: Pampanga | E50: Magalang | F50: Ninoy Aquino Highway, Sta. Cruz, Magalang, Pampanga | G50: RICARDO L. LAXAMANA GENERAL HOSPITAL, INC. | H50: Private | I50: N/A | J50: 24 | K50: Clinical Laboratory | L50: Secondary | M50: ELIROSE B. LAXAMANA, MD | N50: 09307907233/ 09917256587 09209243617/ 09235208892 | O50: rlgh.hrdept2023@gmail.com | Q50: Arayat Doctor's Hospital | R50: 46108 | S50: 46387 | T50: 03-0230-26-I-2 | U50: New Facility | V50: N/A
A51: 50 | B51: 35381 | C51: REGION 3 | D51: Pampanga | E51: Sta. Ana | F51: San Juan Highway, Sta. Ana, Pampanga | G51: HTC SPECIALTY CLINIC AND DIAGNOSTIC LABORATORY | H51: Private | I51: N/A | J51: 15 | K51: Clinical Laboratory | L51: Secondary | M51: Dr. Michael Dennis G. Gallardo | N51: 0917-146-1062, 0917-706-8403 | O51: drgengoliveros@yahoo.com htcclinic@yahoo.com | Q51: Arayat Doctors' Hospital | R51: 46023 | S51: 46387 | T51: 03-0171-26-I-2 | U51: Renewal | V51: N/A
A52: 51 | B52: 32293 | C52: REGION 3 | D52: Tarlac | E52: Camiling | F52: Burgos st., Poblacion | G52: DR. JOHN A. IGLESIA MEDICAL CLINIC | H52: Private | I52: N/A | J52: 11 | K52: Clinical Laboratory; Diagnostic X-ray Services Level 1; Pharmacy | L52: Primary | M52: John A. Iglesia,MD | N52: 045-934-1876 09158587589 | O52: driglesiamedicalclinic2015@gmail.com | Q52: Salvador General Hospital | R52: 46023 | S52: 46387 | T52: 03-0142-26-I-2 | U52: Renewal | V52: N/A
A53: 52 | B53: 53540 | C53: REGION 3 | D53: Tarlac | E53: Capas | F53: M.H. Del Pilar St., Sto. Rosario | G53: STA. CATALINA HOSPITAL | H53: Private | I53: N/A | J53: 17 | K53: Pharmacy | M53: Dr. Mary Karen O. Atanacio, MD, MHA, FPOGS, FSUOG | P53: 1, Type I Plate No. CCG 8687 | R53: 46023 | S53: 46387 | T53: 03-0031-26-I-2 | U53: Renewal | V53: N/A
A54: 53 | B54: 2142 | C54: REGION 3 | D54: Tarlac | E54: Concepcion | F54: Sta. Rita | G54: M. NAPENAS MULTISPECIALTY | H54: Private | I54: N/A | J54: 17 | K54: Clinical Laboratory; Diagnostic X-ray Services Level 2 | L54: Secondary | M54: Dr. Marites Napeñas,CFP | N54: 0917-514-4256 | O54: dm_nap@yahoo.com | P54: 1/Type I/ Plate# PWQ729 | R54: 46023 | S54: 46387 | T54: 03-0127-26-I-2 | U54: Renewal | V54: N/A
A55: 54 | B55: 6870 | C55: REGION 3 | D55: Tarlac | E55: Paniqui | F55: #1 Magallanes Street, Brgy. Coral | G55: JOWELL GENERAL HOSPITAL | H55: Private | I55: N/A | J55: 17 | K55: Pharmacy, Diagnostic Xray (Level 2), Clinical Laboratory | L55: Secondary | M55: Jowell Nielsen A. Yu, MD | N55: 09175928009 | O55: jowellgeneralh@gmail.com | P55: 1/ Type I/ AMA 4398 | R55: 46023 | S55: 46387 | T55: 03-0154-26-I-2 | U55: Renewal | V55: N/A
A56: 55 | B56: 23614 | C56: REGION 3 | D56: Tarlac | E56: Tarlac City | F56: 505 Quezon St.,San Miguel | G56: HOLY TRINITY HOSPITAL OF TARLAC CITY, INC | H56: Private | I56: N/A | J56: 10 | K56: Clinical Laboratory, Diagnostic X-ray Services Level 1, Pharmacy | L56: Secondary | M56: Dr. Jose S. Domingo | N56: (045) 4932738 | O56: hospital_hth@yahoo.com | Q56: Tarlac Medical Center | R56: 46023 | S56: 46387 | T56: 03-0179-26-I-2 | U56: Renewal | V56: N/A
A57: 56 | B57: 38495 | C57: REGION 3 | D57: Tarlac | E57: Tarlac City | F57: SR8 Buliding Brgy. Maligaya, Tarlac City | G57: TUCAY MULTI SPECIALTY HOSPITAL | H57: Private | I57: N/A | J57: 12 | K57: Clinical Laboratory (Saint Zacharia clinical Laboratory); Diagnostix X-ray Services Level 1 (Saint Zacharia clinical Laboratory) | L57: Primary | M57: Dr. Rommel Macaraeg Tucay | N57: 045-491-3103/0928-488-6015 | O57: tucaymultispecialtyhospital@gmail.com | Q57: Talon General Hospital | R57: 46023 | S57: 46387 | T57: 03-0140-26-I-2 | U57: Renewal | V57: N/A
A58: 57 | B58: 42690 | C58: REGION 3 | D58: Zambales | E58: Sta. Cruz | F58: Purok Niyog, Brgy. Biay, Sta Cruz | G58: STA. CRUZ DOCTORS MANILA HOSPITAL, INC | H58: Private | I58: N/A | J58: 12 | K58: Pharmacy, Diagnostic X-ray Services Level 1; Specilaized Diagnostic X-ray Service: Computed Tomography, Clinical Laboratory | L58: Secondary | M58: Dr. Carmela Manila | N58: 09770933555; 09051379388 | O58: sta.cruzdoctorsmanilaamb.clinic@gmail.com | Q58: Ospital ng Sta. Cruz | R58: 46023 | S58: 46387 | T58: 03-0121-26-I-2 | U58: Renewal | V58: N/A
A59: 58 | C59: REGION 4-A | D59: Batangas | E59: Calatagan | F59: Apacible st., poblacion 2, calatagan, batangas | G59: CALATAGAN MEDICARE HOSPITAL | H59: Private | J59: 25 | K59: Pharmacy Diagnostic X-ray Services (Level 1) | L59: Secondary | M59: DR. ALESSANDRO D. CORONEL | N59: (043) 419-0160/0917-817-7310 | O59: calatagan_medicare@yahoo.com | P59: Type I, F5 J819 | R59: 46023 | S59: 46387 | T59: 4A-0011-26-I-1 | U59: Renewal
A60: 59 | C60: REGION 4-A | D60: Batangas | E60: Lemery | F60: Ilustre avenue, lemery, batangas | G60: LITTLE ANGELS MEDICAL HOSPITAL | H60: Private | J60: 10 | K60: Pharmacy | L60: Limited Service Capability | M60: DR. FERDINAND M. MACABABBAD | N60: (043)740-1177 / 09179485426 | O60: lamh1997@yahoo.com | R60: 46023 | S60: 46387 | T60: 4A-0002-26-I-2 | U60: Renewal
A61: 60 | C61: REGION 4-A | D61: Batangas | E61: Mataas na kahoy | F61: #49 rafael lubis st., brgy.ii-a, mataasnakahoy, batangas | G61: MATAAS NA KAHOY COMMUNITY HOSPITAL | H61: Private | J61: 5 | L61: Primary | M61: May M. Manguiat, MD | N61: (043) 702-1588 / 09085564522 | O61: mkchhospital@yahoo.com | R61: 46023 | S61: 46387 | T61: 4A-0030-26-I-2 | U61: Renewal
A62: 61 | C62: REGION 4-A | D62: Cavite | E62: Dasmariñas City | F62: Block 1 lot 4 & 5 fatima 1, city of dasmariñas, cavite | G62: FABELLA-NARCISO MEDICAL & MATERNITY CLINIC | H62: Private | J62: 8 | L62: N/A | M62: CHARLENE FABELLA-NARCISO, MD, FPAFP, MMHoA, CHA | N62: (046)8511453/8510703/09209389775 | O62: codojr.ccnhealthcare@gmail.com | R62: 46023 | S62: 46387 | T62: 4A-0014-26-I-2 | U62: Renewal
A63: 62 | C63: REGION 4-A | D63: Cavite | E63: General Trias City | F63: Pag-asa st., f. Manalo rd., brgy. Navarro, gen. Trias, cavite | G63: MAMA RACHEL'S HOSPITAL OF MERCY INC. | H63: Private | J63: 12 | K63: Pharmacy Diagnostic X-ray Services (Level 2) | L63: Secondary | M63: DR. MARLISA N. CALMA | N63: (046) 4565786/09207652694 | O63: mamarachelshospitalofmercy@yahoo.com | R63: 46023 | S63: 46387 | T63: 4A-0010-26-I-2 | U63: Renewal
A64: 63 | C64: REGION 4-A | D64: Cavite | E64: Magallanes | F64: 92 kabulusan magallanes cavite | G64: OLW HOSPITAL | H64: Private | J64: 12 | L64: Secondary | M64: LEONA CARMEN R. SISANTE | N64: 9063322109 | O64: olw.clinicoffice@gmail.com | R64: 46023 | S64: 46387 | T64: 4A-0022-26-I-2 | U64: Renewal
A65: 64 | C65: REGION 4-A | D65: Cavite | E65: Silang | F65: Puting kahoy silang, cavite | G65: ADVENTIST UNIVERSITY OF THE PHILIPPINES HEALTH SERVICE | H65: Private | J65: 10 | K65: Pharmacy Diagnostic X-ray Services (Level 2) | L65: Secondary | M65: Dr. Prudencio Z. Sta. Lucia Jr. | N65: 049-541-1211 loc 6901 | O65: hsdepartment@aup.edu.ph | P65: Type I, NDQ 1985 | R65: 46063 | S65: 46387 | T65: 4A-0039-26-I-2 | U65: Renewal
A66: 65 | C66: REGION 4-A | D66: Cavite | E66: Silang | F66: Km. 43 aguinaldo hi-way, san miguel 2, silang, cavite | G66: CAVITE SPECIALIST GROUP INC. | H66: Private | J66: 12 | K66: Diagnostic X-ray Services (Level 1) | L66: Primary | M66: Dr. Roger Aquino/Dr. Angel Estrella/Dr. Paolo Belen | N66: 9159754953 | O66: fpestrella22@gmail.com | R66: 46038 | S66: 46387 | T66: 4A-0038-26-I-2 | U66: Renewal
A67: 66 | C67: REGION 4-A | D67: Laguna | E67: Calamba City | F67: 218 j.p.. Rizal st., calamba city laguna | G67: GAMEZ HOSPITAL | H67: Private | J67: 12 | K67: Diagnostic X-ray Services (Level 2) | L67: Primary | M67: DIGNA M. GAMEZ,MD. | N67: 9176290354 | O67: gamezeman@yahoo.com | P67: Type 1 | R67: 46112 | S67: 46387 | T67: 4A-0041-26-I-2 | U67: Renewal
A68: 67 | C68: REGION 4-A | D68: Laguna | E68: Paete | F68: J.p. Rizal st. Brgy. Quinale, paete, laguna | G68: PAETE GENERAL HOSPITAL, INC. | H68: Private | I68: N/A | J68: 12 | K68: Pharmacy Diagnostic X-ray Services (Level 2) | L68: Primary | M68: REX E. NUNES,MD MHM | N68: (049) 557-0005 | O68: paetegeneralhospital@yahoo.com | P68: Type 1 | R68: 46023 | S68: 46387 | T68: 4A-0027-26-I-2 | U68: Renewal
A69: 68 | C69: REGION 4-A | D69: Quezon | E69: Sariaya | F69: Gen. Luna st. Corner dalitiwan st. Poblacion 1, sariaya, quezon | G69: GREG HOSPITAL- SARIAYA, INC. | H69: Private | I69: N/A | J69: 12 | K69: Pharmacy | L69: Secondary | M69: JONATHAN M. GARCIA | N69: 427170126 | O69: greghospital_agc@yahoo.com | R69: 46023 | S69: 46387 | T69: 4A-0012-26-I-2 | U69: Renewal
A70: 69 | C70: REGION 4-A | D70: Quezon | E70: Sariaya | F70: Mabini st, barangay 6 pob., sariaya, quezon, calabarzon, phl | G70: SOLER MEDICAL CLINIC AND INFIRMARY | H70: Private | J70: 10 | K70: Diagnostic X-ray Services (Level 1) | L70: Secondary | M70: Ana Mia J. Soler, MD | N70: 042-7171195 / 09386486761 | O70: solerinfirmary_sariaya@yahoo.com | R70: 46023 | S70: 46387 | T70: 4A-0007-26-I-2 | U70: Renewal
A71: 70 | C71: REGION 4-A | D71: Quezon | E71: Tiaong | F71: 01 mayo street, barangay poblacion ii, tiaong, quezon | G71: LIWAG MEDICAL CLINIC, INC. | H71: Private | J71: 10 | K71: Pharmacy Diagnostic X-ray Services (Level 1) | L71: Secondary | M71: Ram Jehan Aquino, M.D. | N71: 9954221665 | O71: lmcgh_77@yahoo.com | R71: 46023 | S71: 46387 | T71: 4A-0026-26-I-2 | U71: Renewal
A72: 71 | C72: REGION 4-A | D72: Rizal | E72: Antipolo City | F72: Cogeo gate 2, marcos highway, bagong nayon i, antipolo city, rizal | G72: ST. JOSEPH OF NAZARETH HOSPITAL | H72: Private | J72: 19 | K72: Pharmacy Diagnostic X-ray Services (Level 1) | L72: Secondary | M72: DR. CONSUELO S. FERRER | N72: 83476694 | O72: st.josephofnazareth13@gmail.com | R72: 46023 | S72: 46387 | T72: 4A-0016-26-I-2 | U72: Renewal
A73: 72 | C73: REGION 4-A | D73: Rizal | E73: Binangonan | F73: Quarry road palangoy binangonan rizal | G73: ST. BERNARD INFIRMARY AND MULTI-SPECIALTY CLINIC, INC. | H73: Private | J73: 12 | L73: Primary | M73: ROSEMARIE S. BLANCO, MD. | N73: 84701521/09062853926 | O73: sbimsc2017@gmail.com | R73: 46023 | S73: 46387 | T73: 4A-0017-26-I-2 | U73: Renewal
A74: 73 | C74: REGION 4-A | D74: Rizal | E74: Cardona | F74: 911 manila east road looc cardona rizal | G74: CARLOS MEDICAL AND MATERNITY CLINIC | H74: Private | J74: 15 | K74: Pharmacy Diagnostic X-ray Services (Level 2) | L74: Secondary | M74: Marie Evangeline Tan-De Leon | N74: 87272731/09178552753 | O74: carlosmedical1976@gmail.com | P74: Type I, NOX 2464 | R74: 46023 | S74: 46387 | T74: 4A-0019-26-I-2 | U74: Renewal
A75: 74 | C75: REGION 4-B | D75: Occidental Mindoro | E75: San Jose | F75: Gomez St., Brgy. I | G75: WESTMIN UNITED DOCTORS HOSPITAL CO. | H75: Private | I75: N/A | J75: 10 | K75: None | L75: N/A | M75: Dr. Eleanor S. Costibolo | O75: westminudh@gmail.com | P75: Not Applicable | Q75: San Jose Public Health and DIagnostic Center | R75: 46023 | S75: 46387 | T75: 4B-0026-26-I-2 | U75: Renewal
A76: 75 | C76: REGION 4-B | D76: Oriental Mindoro | E76: Pinamalayan | F76: Aguinaldo St., Zone II | G76: DELOS REYES MEDICAL CLINIC | H76: Private | I76: N/A | J76: 10 | K76: Clinical Laboratory Level 1 Gen. Radiography | L76: Secondary | M76: Dr. Antonio M. delos Reyes | O76: mcdlr030655@gmail.com | P76: Not Applicable | Q76: Maria Estrella General Hospital | R76: 46023 | S76: 46387 | T76: 4B-0008-26-1-2 | U76: Renewal
A77: 76 | C77: REGION 4-B | D77: Oriental Mindoro | E77: Pinamalayan | F77: 0073 Quezon St., Zone III | G77: ST. PAUL GENERAL HOSPITAL | H77: Private | I77: N/A | J77: 10 | K77: None | L77: N/A | M77: Dr. Theresa T Atienza | O77: jfm072583@gmail.com | P77: Not Applicable | Q77: Grace Mission Hospital | R77: 46023 | S77: 46387 | T77: 4B-0023-26-I-2 | U77: Renewal
A78: 77 | C78: REGION 4-B | D78: Oriental Mindoro | E78: San Jose | F78: 0218 Bonifacio St., Brgy. Poblacion III | G78: ST. MAGDALENE HOSPITAL | H78: Private | I78: N/A | J78: 7 | K78: Clinical Laboratory | L78: Secondary | M78: Dr. Mary Sharon A. Asilo | O78: smh.sjom@gmail.com | P78: Not Applicable | Q78: San Jose Public Health and DIagnostic Center | R78: 46023 | S78: 46387 | T78: 4B-0013-26-I-2 | U78: Renewal
A79: 78 | C79: REGION 4-B | D79: Oriental Mindoro | E79: Victoria | F79: Poblacion, Victoria | G79: SAINT LAWRENCE HOSPITAL | H79: Private | I79: N/A | J79: 4 | K79: None | L79: N/A | M79: Dr. Laurence S. Esteban | O79: slhvictoria1997@gmail.com | P79: Not Applicable | Q79: Victoria Rural Health Unit | R79: 46023 | S79: 46387 | T79: 4B-0030-26-I-2 | U79: Renewal
A80: 79 | C80: REGION 4-B | D80: Palawan | E80: Roxas | F80: Brgy. IV | G80: PALAWAN BAPTIST HOSPITAL, INC | H80: Private | I80: N/A | J80: 12 | K80: Clinical Laboratory (Secondary) Level 1 Gen. Radiography | L80: Secondary | M80: Dr. Jeremiah Butch T. Gemarino | O80: palawanbap@gmail.com | P80: Not Applicable | Q80: Palawan Medical Mission Group Multipurpose Cooperative (PMMGMPC) | R80: 46023 | S80: 46387 | T80: 4B-0025-26-I-2 | U80: Renewal
A81: 80 | C81: REGION 4-B | D81: Romblon | E81: Odiongan | F81: Torrel Dapawan | G81: ROVILLOS HOSPITAL | H81: Private | I81: N/A | J81: 10 | K81: None | L81: N/A | M81: Dr. Joy E. Rovillos | O81: hospitalrovillos@gmail.com | P81: Not Applicable | Q81: Romblon Provincial Hospital | R81: 46049 | S81: 46387 | T81: 4B-0034-26-I-2 | U81: Renewal
A82: 81 | C82: REGION 4-B | D82: Romblon | E82: Odiongan | F82: Liwayway | G82: TABLAS DOCTORS HOSPITAL | H82: Private | I82: N/A | J82: 6 | K82: None | L82: N/A | M82: Dr. Venizar F. Maravilla | O82: drvenizarmaravilla@yahoo.com | P82: Not Applicable | Q82: Romblon Provincial Hospital | R82: 46023 | S82: 46387 | T82: 4B-0015-26-I-2 | U82: Renewal
A83: 82 | C83: REGION 5 | D83: Albay | E83: Bacacay | F83: Barreda Barangay 10 (Pob.), Bacacay, Albay | G83: BETHESDA MISSION INFIRMARY AND TRAINING CENTER INC. | H83: Private | I83: N/A | J83: 5 | K83: N/A | L83: N/A | M83: Julie Beth P. Barrameda, MD | N83: 9175594280 | O83: bethesdainfirmary2025@gmail.com | P83: N/A | Q83: Municipal Government of Bacacay | R83: 46092 | S83: 46387 | T83: 05-0055-26-I-2 | U83: New Facility
A84: 83 | B84: 5962 | C84: REGION 5 | D84: Albay | E84: Guinobatan | F84: Rizal St., Iraya, Guinobatan, Albay | G84: RETUERMA GENERAL HOSPITAL | H84: Private | I84: N/A | J84: 10 | K84: NONE | L84: N/A | M84: Dr. Rene Oriel S. Retuerma | N84: 9972162127 | O84: retuermahospital@yahoo.com | P84: N/A | Q84: Zone Medical and Internvention Hospital, Inc | R84: 46023 | S84: 46387 | T84: 05-0020-26-I-2 | U84: Renewal
A85: 84 | B85: 4256 | C85: REGION 5 | D85: Albay | E85: Ligao City | F85: CONCEPCION STREET, DUNAO, LIGAO CITY | G85: DR. SOFRONIO B. GARCIA MEMORIAL HOSPITAL | H85: Private | I85: N/A | J85: 16 | K85: Xray Level 2 | L85: N/A | M85: Susan G. Garcia, MD | N85: 820-0491 / 0942-609-9115 | O85: dr.sbg_memhosp@yahoo.com | P85: N/A | Q85: Zone Medical and Internvention Hospital, Inc | R85: 46023 | S85: 46387 | T85: 05-0030-26-I-2 | U85: Renewal | Y85: *
A86: 85 | B86: 2260 | C86: REGION 5 | D86: Albay | E86: Pio Duran | F86: Pavia Boulevard, Barangay IV, Pioduran, Albay | G86: DR. ERLINDA B. ESTANISLAO MEMORIAL HOSPITAL | H86: Private | I86: N/A | J86: 10 | K86: NONE | L86: N/A | M86: Dr. Rener B. Estanislao | N86: 9154805406 | O86: renerestanislao@outlook.com | P86: N/A | Q86: Zone Medical and Internvention Hospital, Inc | R86: 46023 | S86: 46387 | T86: 05-0040-26-I-2 | U86: Renewal
A87: 86 | B87: 4306 | C87: REGION 5 | D87: Albay | E87: Polangui | F87: Gabon, Polangui, Albay | G87: ISIP GENERAL HOSPITAL | H87: Private | I87: N/A | J87: 8 | K87: NONE | L87: N/A | M87: Elmo D. Isip, MD | N87: 9478972287 | O87: isipgeneralhospital@gmail.com | P87: N/A | Q87: JOSEfINA BELMONTE DURAN ALBAY PROVINCIAL HOSPITAL | R87: 46023 | S87: 46387 | T87: 05-0044-26-I-2 | U87: Renewal | Y87: *
A88: 87 | B88: 2881 | C88: REGION 5 | D88: Albay | E88: Tabaco City | F88: BOCALBOS ST. BASUD, TABACO CITY, ALBAY | G88: CABREDO GENERAL HOSPITAL | H88: Private | I88: N/A | J88: 18 | K88: XRAY LEVEL 1, CLINICAL LABORATORY (PRIMARY) ASP - MOA WITH LGU TABACO CITY | L88: Primary | M88: Juan Cabredo III, MD | N88: 9514156035 | O88: cabredo_gen@yahoo.com | P88: N/A | Q88: Local Government of Tabaco City | R88: 46023 | S88: 46387 | T88: 05-0010-26-I-2 | U88: Renewal | Y88: *
A89: 88 | B89: 51684 | C89: REGION 5 | D89: Albay | E89: Tabaco City | F89: Purok 1, San Antonio, First, Tabaco City, Albay | G89: ST. ANTHONY INFIRMARY | H89: Private | I89: N/A | J89: 13 | K89: Pharmacy | L89: N/A | M89: Dr. Pedro V. Rico | N89: 9812594827 | O89: arroyocliniczone1@gmail.com | P89: N/A | Q89: Dr. Amando D. Cope Memorial Hospital, Inc | R89: 46023 | S89: 46387 | T89: 05-0006-26-I-2 | U89: Renewal
A90: 89 | B90: 3410 | C90: REGION 5 | D90: Albay | E90: Tabaco City | F90: #5 Tomas Cabiles Ave., Baranghawon, Tabaco City, Albay | G90: TABACO COLLEGE HOSPITAL | H90: Private | I90: N/A | J90: 5 | K90: NONE | L90: N/A | M90: Rolando B. Braga, md | N90: 9126384486 | O90: tabacocollegehospital@gmail.com | P90: N/A | Q90: Main Health Center Lying-In K-linik | R90: 46023 | S90: 46387 | T90: 05-0052-26-I-2 | U90: Renewal
A91: 90 | B91: 5125 | C91: REGION 5 | D91: Albay | E91: tiwi | F91: San Lorenzo St, Brgy. Tigri, Tiwi, Albay | G91: CORRAL MEDICAL HOSPITAL | H91: Private | I91: N/A | J91: 6 | K91: ASP MOA with LGU Tiwi | L91: N/A | M91: Bernardo Joseph C. Corral, Jr., RMT, MD | N91: 9954886400 | O91: dbbcorral_bernardocorrl@yahoo.com | P91: N/A | Q91: Local Government Unit of Tiwi | R91: 46023 | S91: 46387 | T91: 05-0008-26-I-2 | U91: Existing with Changes | V91: Changed Ownership/Mgt | W91: change in name (previously Dr. Bernardo B. Corral Memorial Hospital)
A92: 91 | B92: 3299 | C92: REGION 5 | D92: Albay | E92: Tiwi | F92: Naga, Tiwi, Albay | G92: GENEROSA I. GONZALEZ MEMORIAL HOSPITAL | H92: Private | I92: N/A | J92: 11 | K92: ASP MOA with Dr. Amando D. Cope Memorial Hospital | L92: N/A | M92: Rochelle B. Gonzalez, MD, FPPS | N92: 9352490418 | O92: gigmh@yahoo.com | P92: N/A | Q92: Dr. Amando D. Cope Memorial Hospital | R92: 46023 | S92: 46387 | T92: 05-0011-26-I-2 | U92: Renewal | Y92: *
A93: 92 | B93: 37946 | C93: REGION 5 | D93: Albay | E93: Tiwi | F93: Purok 1, Libtong, Tiwi, Albay | G93: LB CRUEL MEDICAL CLINIC | H93: Private | I93: LGU | J93: 12 | K93: Ambulance Type 1 (MOA with LGU Tiwi) Clinical Laboratory MOA with Medical Mission Group Multipurpose Cooperative-Albay | L93: N/A | M93: Leonides B. Cruel, Sr., MD | N93: 9369618432 | O93: lb.cruelmedicalclinic@yahoo.com | P93: N/A | Q93: LGU of Tiwi | R93: 46023 | S93: 46387 | T93: 05-0004-26-I-2 | U93: Renewal | Y93: *
A94: 93 | B94: 32445 | C94: REGION 5 | D94: Camarines Norte | E94: Jose Panganiban | F94: Purok 1, Sta. Rosa Norte, Jose Panganiban, Camarines Norte | G94: BARRIOS-BUSINOS MEDICAL CLINIC AND HOSPITAL | H94: Private | I94: N/A | J94: 17 | K94: X-Ray (Level 1) Claire's X-Ray Pharmacy (BBMCH Pharmacy) Clinical Laboratory - Secondary (BBMC Clinical Laboratory) | L94: N/A | M94: Eden B. Busiños, MD | N94: 9083466079 | O94: bbmchofficial@gmail.com | P94: N/A | Q94: Daet Doctors Hospital, Inc | R94: 46023 | S94: 46387 | T94: 05-0034-26-I-2 | U94: Renewal | Y94: *
A95: 94 | B95: 309 | C95: REGION 5 | D95: Camarines Norte | E95: Jose Panganiban | F95: Angat St., North Poblacion, Jose Panganiban, Camarines Norte | G95: JOSE PANGANIBAN PRIMARY HOSPITAL SERVICE COOPERATIVE | H95: Private | I95: N/A | J95: 25 | K95: Clinical Laboratory (Secondary) Pharmacy Xray Level 1 | L95: Secondary | M95: Leonides A. Aragdon, MD | N95: 09479989597 | O95: jpphsc@yahoo.com | P95: N/A | Q95: Daet Doctors Hospital Incorporated | R95: 46023 | S95: 46387 | T95: 05-0043-26-I-2 | U95: Renewal | Y95: *
A96: 95 | B96: 298 | C96: REGION 5 | D96: Camarines Norte | E96: Labo | F96: BURGOS ST., GUMAMELA, LABO, CAMARINES NORTE | G96: DR. MIGUEL V. ALEGRE HOSPITAL | H96: Private | I96: N/A | J96: 17 | K96: X-RAY, LEVEL 1 PRIMARY CLINICAL LABORATORY WITH ADD-ON SERVICES: CLINICAL CHEMISTRY - ALT/SGPT, SGOT (02/18/26) CLINICAL CHEMISTRY - ELECTROLYTES (Na, K, Cl) | L96: Primary | M96: Henry M. Moreno, MD | N96: (054) 585 - 2287 / 09100632701 | O96: dmvah.official21@gmail.com | P96: N/A | Q96: Daet Doctors Hospital, Inc | R96: 46023 | S96: 46387 | T96: 05-0014-26-I-2 | U96: Renewal | Y96: *
A97: 96 | B97: 5233 | C97: REGION 5 | D97: Camarines Norte | E97: Labo | F97: 385 Villaflores Street, Gumamela, Labo, Camarines Norte | G97: LIZASO HOSPITAL | H97: Private | I97: N/A | J97: 24 | K97: Clinical Laboratory Xray Level 1 | L97: Secondary | M97: Erlinda P. Lizaso, MD | N97: 054-8851017 | O97: lizasohospital@gmail.com | P97: N/A | Q97: Daet Doctors Hospital Incorporated | R97: 46023 | S97: 46387 | T97: 05-0015-26-I-2 | U97: Renewal | Y97: *
A98: 97 | B98: 32504 | C98: REGION 5 | D98: Camarines Norte | E98: Labo | F98: VILLAFLORES ST. SAN FRANCISCO, LABO, CAMARINES NORTE | G98: RACELIS-TIONGSON MEDICAL CLINIC | H98: Private | I98: N/A | J98: 9 | K98: NONE | L98: N/A | M98: Dr. Justina R. Tiongson | N98: 09183535201 | O98: drajosie.tiongson@gmail.com | P98: N/A | Q98: Camarines Norte Provincial Hospital | R98: 46023 | S98: 46387 | T98: 05-0013-26-I-2 | U98: Renewal
A99: 98 | B99: 3671 | C99: REGION 5 | D99: Camarines Sur | E99: Naga City | F99: 424 Dimasalang St., San Francisco, Naga City | G99: DR. NILO O. ROA MEMORIAL FOUNDATION HOSPITAL | H99: Private | I99: N/A | J99: 15 | K99: Xray (Level 2), Primary Clinical Laboratory, add-on: SGPT, SGOT, Na, K, Cl, HbA1c, Trop-I, Albumin and Phosporus Blood Station, Dialysis Clinic (8 Stations), Ambulatory Surgical Clinic: General Ambulatory Surgery and Colorectal Ambulatory Surgery. Ambulatory Surgery (Incision and Drainage, Fistulotomy, Partial Lateral Internal Sphincterotomy, and Hemorrhoidectomy) | L99: Primary | M99: Nilo A. Reazon, MD | N99: 9275179148 | O99: dr.niloroahospital@gmail.com | P99: N/A | Q99: Bicol Access Heath Centrum | R99: 46023 | S99: 46387 | T99: 05-0005-26-I-2 | U99: Renewal | Y99: *
A100: 99 | B100: 4244 | C100: REGION 5 | D100: Catanduanes | E100: Panganiban | F100: Bagong Bayan, Panganiban, Catanduanes | G100: OUR LADY OF FATIMA HOSPITAL | H100: Private | I100: N/A | J100: 10 | K100: Clinical Laboratory Pharmacy | L100: Secondary | M100: Dr. Luz S. Valerio | N100: 9542451173 | O100: olofhpanganiban1980@gmail.com | P100: N/A | Q100: Immaculate Heart of Mary Hospital, Inc | R100: 46023 | S100: 46387 | T100: 05-0051-26-I-2 | U100: Renewal
...

Sheet Summary of renewed LTO
A1: REGION | B1: CHD | C1: No. of Regulated Infirmaries Per Region and by Level Initial and Renewal
C2: GOVERNMENT | F2: PRIVATE | I2: TOTAL NO. OF FACILITIES | J2: TOTAL NO. OF ABC | K2: GOVENMENT AND PRIVATE INFIRMARIES
C4: Initial | D4: Renewal | E4: No. of Facilities | F4: Initial | G4: Renewal | H4: No. of Facilities | K4: Initial | L4: Renewal | M4: Total No. of Facilities
A5: NCR | B5: METRO MANILA | C5: =COUNTIFS(Government!C:C, "NCR",Government!W:W, "Initial") -> 0 | D5: =COUNTIFS(Government!C:C, "NCR", Government!W:W, "Renewed LTO") -> 0 | E5: =countifs(Government!C:C,"NCR", Government!H:H,"Government") -> 4 | F5: =COUNTIFS(Private!C:C, "NCR", Private!V:V, "Initial") -> 0 | G5: =COUNTIFS(Private!C:C, "NCR", Private!V:V, "Renewed LTO") -> 0 | H5: =countifs(Private!C:C,"NCR", Private!H:H,"Private") -> 16 | I5: =SUM(E5,H5) -> 20 | J5: =SUM(D5,G5) -> 0 | K5: =SUM(C5,F5) -> 0 | L5: =SUM(D5,G5) -> 0 | M5: =E5+H5 -> 20
A6: REGION 1 | B6: ILOCOS REGION | C6: =COUNTIFS(Government!C:C, "Region 1",Government!W:W, "Initial") -> 0 | D6: =COUNTIFS(Government!C:C, "Region 1", Government!W:W, "Renewed LTO") -> 0 | E6: =countifs(Government!C:C,"Region 1", Government!H:H,"Government") -> 10 | F6: =COUNTIFS(Private!C:C, "Region 1", Private!V:V, "Initial") -> 0 | G6: =COUNTIFS(Private!C:C, "Region 1", Private!V:V, "Renewed LTO") -> 0 | H6: =countifs(Private!C:C,"Region 1", Private!H:H,"Private") -> 26 | I6: =SUM(E6,H6) -> 36 | J6: =SUM(D6,G6) -> 0 | K6: =SUM(C6,F6) -> 0 | L6: =SUM(D6,G6) -> 0 | M6: =E6+H6 -> 36
A7: REGION 2 | B7: CAGAYAN VALLEY REGION | C7: =COUNTIFS(Government!C:C, "Region 2",Government!W:W, "Initial") -> 0 | D7: =COUNTIFS(Government!C:C, "Region 2", Government!W:W, "Renewed LTO") -> 0 | E7: =countifs(Government!C:C,"Region 2", Government!H:H,"Government") -> 28 | F7: =COUNTIFS(Private!C:C, "Region 2", Private!V:V, "Initial") -> 0 | G7: =COUNTIFS(Private!C:C, "Region 2", Private!V:V, "Renewed LTO") -> 0 | H7: =countifs(Private!C:C,"Region 2", Private!H:H,"Private") -> 8 | I7: =SUM(E7,H7) -> 36 | J7: =SUM(D7,G7) -> 0 | K7: =SUM(C7,F7) -> 0 | L7: =SUM(D7,G7) -> 0 | M7: =E7+H7 -> 36
A8: REGION 3 | B8: CENTRAL LUZON | C8: =COUNTIFS(Government!C:C, "Region 3",Government!W:W, "Initial") -> 0 | D8: =COUNTIFS(Government!C:C, "Region 3", Government!W:W, "Renewed LTO") -> 0 | E8: =countifs(Government!C:C,"Region 3", Government!H:H,"Government") -> 20 | F8: =COUNTIFS(Private!C:C, "Region 3", Private!V:V, "Initial") -> 0 | G8: =COUNTIFS(Private!C:C, "Region 3", Private!V:V, "Renewed LTO") -> 0 | H8: =countifs(Private!C:C,"Region 3", Private!H:H,"Private") -> 23 | I8: =SUM(E8,H8) -> 43 | J8: =SUM(D8,G8) -> 0 | K8: =SUM(C8,F8) -> 0 | L8: =SUM(D8,G8) -> 0 | M8: =E8+H8 -> 43
A9: REGION 4-A | B9: CALABARZON | C9: =COUNTIFS(Government!C:C, "Region 4-A",Government!W:W, "Initial") -> 0 | D9: =COUNTIFS(Government!C:C, "Region 4-A", Government!W:W, "Renewed LTO") -> 0 | E9: =countifs(Government!C:C,"Region 4-A", Government!H:H,"Government") -> 21 | F9: =COUNTIFS(Private!C:C, "Region 4-A", Private!V:V, "Initial") -> 0 | G9: =COUNTIFS(Private!C:C, "Region 4-A", Private!V:V, "Renewed LTO") -> 0 | H9: =countifs(Private!C:C,"Region 4-A", Private!H:H,"Private") -> 16 | I9: =SUM(E9,H9) -> 37 | J9: =SUM(D9,G9) -> 0 | K9: =SUM(C9,F9) -> 0 | L9: =SUM(D9,G9) -> 0 | M9: =E9+H9 -> 37
A10: REGION 4-B | B10: MIMAROPA | C10: =COUNTIFS(Government!C:C, "Region 4-B",Government!W:W, "Initial") -> 0 | D10: =COUNTIFS(Government!C:C, "Region 4-B", Government!W:W, "Renewed LTO") -> 0 | E10: =countifs(Government!C:C,"Region 4-B", Government!H:H,"Government") -> 26 | F10: =COUNTIFS(Private!C:C, "Region 4-B", Private!V:V, "Initial") -> 0 | G10: =COUNTIFS(Private!C:C, "Region 4-B", Private!V:V, "Renewed LTO") -> 0 | H10: =countifs(Private!C:C,"Region 4-B", Private!H:H,"Private") -> 8 | I10: =SUM(E10,H10) -> 34 | J10: =SUM(D10,G10) -> 0 | K10: =SUM(C10,F10) -> 0 | L10: =SUM(D10,G10) -> 0 | M10: =E10+H10 -> 34
A11: REGION 5 | B11: BICOL REGION | C11: =COUNTIFS(Government!C:C, "Region 5",Government!W:W, "Initial") -> 0 | D11: =COUNTIFS(Government!C:C, "Region 5", Government!W:W, "Renewed LTO") -> 0 | E11: =countifs(Government!C:C,"Region 5", Government!H:H,"Government") -> 34 | F11: =COUNTIFS(Private!C:C, "Region 5", Private!V:V, "Initial") -> 0 | G11: =COUNTIFS(Private!C:C, "Region 5", Private!V:V, "Renewed LTO") -> 0 | H11: =countifs(Private!C:C,"Region 5", Private!H:H,"Private") -> 21 | I11: =SUM(E11,H11) -> 55 | J11: =SUM(D11,G11) -> 0 | K11: =SUM(C11,F11) -> 0 | L11: =SUM(D11,G11) -> 0 | M11: =E11+H11 -> 55
A12: REGION 6 | B12: WESTERN VISAYAS REGION | C12: =COUNTIFS(Government!C:C, "Region 6",Government!W:W, "Initial") -> 0 | D12: =COUNTIFS(Government!C:C, "Region 6", Government!W:W, "Renewed LTO") -> 0 | E12: =countifs(Government!C:C,"Region 6", Government!H:H,"Government") -> 18 | F12: =COUNTIFS(Private!C:C, "Region 6", Private!V:V, "Initial") -> 0 | G12: =COUNTIFS(Private!C:C, "Region 6", Private!V:V, "Renewed LTO") -> 0 | H12: =countifs(Private!C:C,"Region 6", Private!H:H,"Private") -> 4 | I12: =SUM(E12,H12) -> 22 | J12: =SUM(D12,G12) -> 0 | K12: =SUM(C12,F12) -> 0 | L12: =SUM(D12,G12) -> 0 | M12: =E12+H12 -> 22
A13: REGION 7 | B13: CENTRAL VISAYAS REGION | C13: =COUNTIFS(Government!C:C, "Region 7",Government!W:W, "Initial") -> 0 | D13: =COUNTIFS(Government!C:C, "Region 7", Government!W:W, "Renewed LTO") -> 0 | E13: =countifs(Government!C:C,"Region 7", Government!H:H,"Government") -> 28 | F13: =COUNTIFS(Private!C:C, "Region 7", Private!V:V, "Initial") -> 0 | G13: =COUNTIFS(Private!C:C, "Region 7", Private!V:V, "Renewed LTO") -> 0 | H13: =countifs(Private!C:C,"Region 7", Private!H:H,"Private") -> 9 | I13: =SUM(E13,H13) -> 37 | J13: =SUM(D13,G13) -> 0 | K13: =SUM(C13,F13) -> 0 | L13: =SUM(D13,G13) -> 0 | M13: =E13+H13 -> 37
A14: REGION 8 | B14: EASTERN VISAYAS REGION | C14: =COUNTIFS(Government!C:C, "Region 8",Government!W:W, "Initial") -> 0 | D14: =COUNTIFS(Government!C:C, "Region 8", Government!W:W, "Renewed LTO") -> 0 | E14: =countifs(Government!C:C,"Region 8", Government!H:H,"Government") -> 32 | F14: =COUNTIFS(Private!C:C, "Region 8", Private!V:V, "Initial") -> 0 | G14: =COUNTIFS(Private!C:C, "Region 8", Private!V:V, "Renewed LTO") -> 0 | H14: =countifs(Private!C:C,"Region 8", Private!H:H,"Private") -> 8 | I14: =SUM(E14,H14) -> 40 | J14: =SUM(D14,G14) -> 0 | K14: =SUM(C14,F14) -> 0 | L14: =SUM(D14,G14) -> 0 | M14: =E14+H14 -> 40
A15: REGION 9 | B15: ZAMBOANGA PENINSULA | C15: =COUNTIFS(Government!C:C, "Region 9",Government!W:W, "Initial") -> 0 | D15: =COUNTIFS(Government!C:C, "Region 9", Government!W:W, "Renewed LTO") -> 0 | E15: =countifs(Government!C:C,"Region 9", Government!H:H,"Government") -> 24 | F15: =COUNTIFS(Private!C:C, "Region 9", Private!V:V, "Initial") -> 0 | G15: =COUNTIFS(Private!C:C, "Region 9", Private!V:V, "Renewed LTO") -> 0 | H15: =countifs(Private!C:C,"Region 9", Private!H:H,"Private") -> 11 | I15: =SUM(E15,H15) -> 35 | J15: =SUM(D15,G15) -> 0 | K15: =SUM(C15,F15) -> 0 | L15: =SUM(D15,G15) -> 0 | M15: =E15+H15 -> 35
A16: REGION 10 | B16: NORTHERN MINDANAO REGION | C16: =COUNTIFS(Government!C:C, "Region 10",Government!W:W, "Initial") -> 0 | D16: =COUNTIFS(Government!C:C, "Region 10", Government!W:W, "Renewed LTO") -> 0 | E16: =countifs(Government!C:C,"Region 10", Government!H:H,"Government") -> 20 | F16: =COUNTIFS(Private!C:C, "Region 10", Private!V:V, "Initial") -> 0 | G16: =COUNTIFS(Private!C:C, "Region 10", Private!V:V, "Renewed LTO") -> 0 | H16: =countifs(Private!C:C,"Region 10", Private!H:H,"Private") -> 16 | I16: =SUM(E16,H16) -> 36 | J16: =SUM(D16,G16) -> 0 | K16: =SUM(C16,F16) -> 0 | L16: =SUM(D16,G16) -> 0 | M16: =E16+H16 -> 36
A17: REGION 11 | B17: DAVAO REGION | C17: =COUNTIFS(Government!C:C, "Region 11",Government!W:W, "Initial") -> 0 | D17: =COUNTIFS(Government!C:C, "Region 11", Government!W:W, "Renewed LTO") -> 0 | E17: =countifs(Government!C:C,"Region 11", Government!H:H,"Government") -> 14 | F17: =COUNTIFS(Private!C:C, "Region 11", Private!V:V, "Initial") -> 0 | G17: =COUNTIFS(Private!C:C, "Region 11", Private!V:V, "Renewed LTO") -> 0 | H17: =countifs(Private!C:C,"Region 11", Private!H:H,"Private") -> 29 | I17: =SUM(E17,H17) -> 43 | J17: =SUM(D17,G17) -> 0 | K17: =SUM(C17,F17) -> 0 | L17: =SUM(D17,G17) -> 0 | M17: =E17+H17 -> 43
A18: REGION 12 | B18: SOCCSKSARGEN | C18: =COUNTIFS(Government!C:C, "Region 12",Government!W:W, "Initial") -> 0 | D18: =COUNTIFS(Government!C:C, "Region 12", Government!W:W, "Renewed LTO") -> 0 | E18: =countifs(Government!C:C,"Region 12", Government!H:H,"Government") -> 15 | F18: =COUNTIFS(Private!C:C, "Region 12", Private!V:V, "Initial") -> 0 | G18: =COUNTIFS(Private!C:C, "Region 12", Private!V:V, "Renewed LTO") -> 0 | H18: =countifs(Private!C:C,"Region 12", Private!H:H,"Private") -> 26 | I18: =SUM(E18,H18) -> 41 | J18: =SUM(D18,G18) -> 0 | K18: =SUM(C18,F18) -> 0 | L18: =SUM(D18,G18) -> 0 | M18: =E18+H18 -> 41
A19: REGION 13 | B19: CARAGA | C19: =COUNTIFS(Government!C:C, "Region 13",Government!W:W, "Initial") -> 0 | D19: =COUNTIFS(Government!C:C, "Region 13", Government!W:W, "Renewed LTO") -> 0 | E19: =countifs(Government!C:C,"Region 13", Government!H:H,"Government") -> 20 | F19: =COUNTIFS(Private!C:C, "Region 13", Private!V:V, "Initial") -> 0 | G19: =COUNTIFS(Private!C:C, "Region 13", Private!V:V, "Renewed LTO") -> 0 | H19: =countifs(Private!C:C,"Region 13", Private!H:H,"Private") -> 5 | I19: =SUM(E19,H19) -> 25 | J19: =SUM(D19,G19) -> 0 | K19: =SUM(C19,F19) -> 0 | L19: =SUM(D19,G19) -> 0 | M19: =E19+H19 -> 25
A20: CORDILLERA | B20: CAR | C20: =COUNTIFS(Government!C:C, "Cordillera",Government!W:W, "Initial") -> 0 | D20: =COUNTIFS(Government!C:C, "Cordillera", Government!W:W, "Renewed LTO") -> 0 | E20: =countifs(Government!C:C,"CORDILLERA", Government!H:H,"Government") -> 23 | F20: =COUNTIFS(Private!C:C, "Cordillera", Private!V:V, "Initial") -> 0 | G20: =COUNTIFS(Private!C:C, "Cordillera", Private!V:V, "Renewed LTO") -> 0 | H20: =countifs(Private!C:C,"Cordillera", Private!H:H,"Private") -> 8 | I20: =SUM(E20,H20) -> 31 | J20: =SUM(D20,G20) -> 0 | K20: =SUM(C20,F20) -> 0 | L20: =SUM(D20,G20) -> 0 | M20: =E20+H20 -> 31
A21: BARMM | B21: MOH - BARMM | C21: =COUNTIFS(Government!C:C, "BARMM",Government!W:W, "Initial") -> 0 | D21: =COUNTIFS(Government!C:C, "BARMM", Government!W:W, "Renewed LTO") -> 0 | E21: =countifs(Government!C:C,"BARMM", Government!H:H,"Government") -> 9 | F21: =COUNTIFS(Private!C:C, "BARMM", Private!V:V, "Initial") -> 0 | G21: =COUNTIFS(Private!C:C, "BARMM", Private!V:V, "Renewed LTO") -> 0 | H21: =countifs(Private!C:C,"BARMM", Private!H:H,"Private") -> 14 | I21: =SUM(E21,H21) -> 23 | J21: =SUM(D21,G21) -> 0 | K21: =SUM(C21,F21) -> 0 | L21: =SUM(D21,G21) -> 0 | M21: =E21+H21 -> 23
A22: Total No. of Infirmaries: | E22: =sum(E5:E21) -> 346 | H22: =SUM(H5:H21) -> 248 | I22: =SUM(E22,H22) -> 594 | J22: =SUM(D22,G22) -> 0 | M22: =SUM(M5:M21) -> 594

Sheet Master Data
A1: REGION | B1: CHD | C1: Province | D1: CITY / MUNICIPALITY
K3: Clinical Lab | L3: Infirmary | M3: Clinical Lab - Hospital | N3: Cancer Treatment Facility - Hospital | O3: Status | P3: Dental Lab | Q3: Psychiatrict Care | R3: LDWA
H4: AD-ONS SERVICES | J4: BSF | K4: Service Capability | L4: DOH RETAINED | M4: Secondary | N4: Cancer Treatment Unit | O4: New | P4: FIXED | Q4: Custodial Psychiatric Care Facility | R4: Microbiological
A5: NCR | B5: METRO MANILA | C5: Abra | D5: Aborlan | E5: Government | F5: General | G5: Level 1 | H5: G6PD Confirmatory | I5: Hospital-based | J5: Blood Station | K5: Primary | L5: LGU | M5: Tertiary | N5: Cancer Center | O5: Renewal | P5: REMOVABLE | Q5: Acute Chronic Psychiatric Facility | R5: Physico-Chemical
A6: REGION 1 | B6: ILOCOS REGION | C6: Agusan del Norte | D6: Abra de Ilog | E6: Private | F6: Specialty | G6: Level 2 | H6: rHIVda Confirmatory Laboratory | I6: Non-Hospital-based | J6: Blood Collection Unit | K6: Secondary | L6: UNIVERSITY / SCHOOL | M6: Molecular Lab | N6: Cancer Specialty Hospital | R6: Microbiological and Physico-Chemical
A7: REGION 2 | B7: CAGAYAN VALLEY REGION | C7: Agusan del Sur | D7: Abucay | G7: Level 3 | H7: Dialysis Clinic | J7: Blood Collection Unit/Blood Services | K7: Tertiary | L7: GOCC | M7: N/A | N7: N/A
A8: REGION 3 | B8: CENTRAL LUZON | C8: Aklan | D8: Abulug | H8: Diagnostic X-ray Services | J8: Blood Bank | K8: Limited | L8: AFP
A9: REGION 4-A | B9: CALABARZON | C9: Albay | D9: Abuyog | H9: HIV Testing Laboratory | J9: Blood Bank with additional function | L9: PAF
A10: REGION 4-B | B10: MIMAROPA | C10: Antipolo City | D10: Adams | H10: Physical Medicine and Rehabilitation Unit | J10: Blood Center | K10: Institutional Character | L10: PNP
A11: REGION 5 | B11: BICOL REGION | C11: Antique | D11: Agdangan | H11: Blood Bank | K11: Institution-based | L11: DND
A12: REGION 6 | B12: WESTERN VISAYAS REGION | C12: Apayao | D12: Aglipay | H12: Specialized Diagnostic X-ray Services | K12: Non-Institution based | L12: MOH BARMM
A13: REGION 7 | B13: CENTRAL VISAYAS REGION | C13: Aurora | D13: Agno | H13: Tertiary Laboratory w/ histopathology | L13: N/A
A14: REGION 8 | B14: EASTERN VISAYAS REGION | C14: Basilan | D14: Agoncillo | H14: Anatomic Pathology
A15: REGION 9 | B15: ZAMBOANGA PENINSULA | C15: Bataan | D15: Agoo | H15: Dental X-ray Services | K15: Function
A16: REGION 10 | B16: NORTHERN MINDANAO REGION | C16: Batanes | D16: Aguilar | H16: Ambulatory Surgical Clinic | K16: CP - Clinical Pathology
A17: REGION 11 | B17: SOUTHERN MINDANAO REGION | C17: Batangas | D17: Aguinaldo | H17: Blood Collection Unit | K17: AP - Anatomic Pathology
A18: REGION 12 | B18: SOCCSKSARGEN | C18: Benguet | D18: Agutaya | H18: Cancer Treatment Facility | K18: CP-AP
A19: REGION 13 | B19: CARAGA | C19: Biliran | D19: Ajuy | H19: Laboratory for Drinking Water Analysis | K19: CP With Associate AP
A20: CORDILLERA | B20: CAR | C20: Bohol | D20: Akbar | H20: Radiation Therapy Service | K20: MP - Molecular Pathology
A21: BARMM | B21: MOH - BARMM | C21: Bukidnon | D21: Al-Barka | H21: Radiation Oncology Services
C22: Bulacan | D22: Ala Esperanza | H22: Pharmacy
C23: Butuan | D23: Alabat | H23: Mobile Clinical Laboratory
C24: Cagayan | D24: Alabel | H24: Psychiatric Care
C25: Camarines Norte | D25: Alamada
C26: Camarines Sur | D26: Alaminos
C27: Camiguin | D27: Alaminos City
C28: Capiz | D28: Alangalang
C29: Catanduanes | D29: Albuera
C30: Cavite | D30: Alburquerque
C31: Cebu | D31: Alcala
C32: Cotabato | D32: Alcantara
C33: Dagupan City | D33: Alcoy
C34: Daraga | D34: Alegria
C35: Dasmariñas City | D35: Aleosan
C36: Davao de Oro | D36: Alfonso
... C103: Zamboanga Sibugay | D103: Badoc
D104: Bagabag
D105: Bagac
D106: Bagamanoc
D107: Baganga
D108: Baggao
D109: Bago City
D110: Baguio City
D111: Bagulin
D112: Bagumbayan
D113: Bais City
D114: Bakun
D115: Balabac
... D1247: Sultan Kudarat
